"","workerid","noun","nounclass","makesSense","condition","predicateposition","predicate","correctresponse","correctclass"
"1",5,"cheese","food",1,"both","predicate1","new",0.73,"age"
"2",5,"bed","furniture",1,"both","predicate1","wooden",0.25,"material"
"3",5,"cheese","food",1,"both","predicate1","good",0.72,"quality"
"4",5,"couch","furniture",1,"both","predicate1","good",0.79,"quality"
"5",5,"table","furniture",1,"both","predicate1","purple",0.27,"color"
"6",5,"cheese","food",1,"both","predicate1","purple",0.27,"color"
"7",5,"table","furniture",1,"both","predicate1","big",0.72,"size"
"8",5,"watermelon","food",1,"both","predicate1","square",0.28,"shape"
"9",5,"chair","furniture",1,"both","predicate1","round",0.27,"shape"
"10",5,"potato","food",1,"both","predicate1","round",0.32,"shape"
"11",5,"tomato","food",1,"both","predicate1","round",0.35,"shape"
"12",5,"couch","furniture",1,"both","predicate1","big",0.29,"size"
"13",5,"potato","food",1,"both","predicate1","green",0.35,"color"
"14",5,"cheese","food",1,"both","predicate1","small",0.69,"size"
"15",5,"cheese","food",1,"both","predicate1","big",0.68,"size"
"16",5,"watermelon","food",1,"both","predicate1","green",0.18,"color"
"17",5,"couch","furniture",1,"both","predicate1","good",0.22,"quality"
"18",5,"bed","furniture",1,"both","predicate1","round",0.29,"shape"
"19",6,"tomato","food",1,"both","predicate1","small",0.96,"size"
"20",6,"chair","furniture",1,"both","predicate1","soft",0.01,"texture"
"21",6,"tomato","food",1,"both","predicate1","bad",0.01,"quality"
"22",6,"box","furniture",1,"both","predicate1","dry",0.98,"texture"
"23",6,"table","furniture",1,"both","predicate1","plastic",0.98,"material"
"24",6,"watermelon","food",1,"both","predicate1","yellow",0.98,"color"
"25",6,"box","furniture",1,"both","predicate1","old",0.97,"age"
"26",6,"bed","furniture",1,"both","predicate1","metal",0.97,"material"
"27",6,"table","furniture",1,"both","predicate1","heavy",0.99,"size"
"28",9,"apple","food",1,"both","predicate1","round",0,"shape"
"29",9,"chair","furniture",1,"both","predicate1","bad",0.96,"quality"
"30",9,"couch","furniture",1,"both","predicate1","metal",0,"material"
"31",9,"apple","food",1,"both","predicate1","plastic",0.02,"material"
"32",9,"apple","food",1,"both","predicate1","heavy",0.95,"size"
"33",9,"couch","furniture",1,"both","predicate1","old",0.96,"age"
"34",9,"tomato","food",1,"both","predicate1","long",0,"size"
"35",9,"bed","furniture",1,"both","predicate1","brown",0.96,"color"
"36",9,"table","furniture",1,"both","predicate1","short",0.98,"size"
"37",9,"watermelon","food",1,"both","predicate1","light",0.97,"size"
"38",9,"apple","food",1,"both","predicate1","round",0.02,"shape"
"39",9,"chair","furniture",1,"both","predicate1","old",0.97,"age"
"40",9,"cheese","food",1,"both","predicate1","hard",0.01,"texture"
"41",9,"chair","furniture",1,"both","predicate1","purple",0.97,"color"
"42",9,"box","furniture",1,"both","predicate1","hard",0.02,"texture"
"43",9,"watermelon","food",1,"both","predicate1","red",0.97,"color"
"44",9,"tomato","food",1,"both","predicate1","soft",0.95,"texture"
"45",9,"box","furniture",1,"both","predicate1","bad",0.98,"quality"
"46",9,"couch","furniture",1,"both","predicate1","good",0.5,"quality"
"47",9,"chair","furniture",1,"both","predicate1","old",0.97,"age"
"48",9,"box","furniture",1,"both","predicate1","new",0.95,"age"
"49",9,"watermelon","food",1,"both","predicate1","dry",0.92,"texture"
"50",9,"cheese","food",1,"both","predicate1","purple",0.01,"color"
"51",9,"apple","food",1,"both","predicate1","bad",0.98,"quality"
"52",9,"cheese","food",1,"both","predicate1","wooden",0.01,"material"
"53",9,"bed","furniture",1,"both","predicate1","round",0.48,"shape"
"54",20,"cheese","food",1,"both","predicate1","square",0.32,"shape"
"55",20,"bed","furniture",1,"both","predicate1","brown",0.12,"color"
"56",20,"table","furniture",1,"both","predicate1","wooden",0.9,"material"
"57",20,"chair","furniture",1,"both","predicate1","green",0.13,"color"
"58",20,"box","furniture",1,"both","predicate1","small",0.1,"size"
"59",20,"potato","food",1,"both","predicate1","green",0.13,"color"
"60",20,"cheese","food",1,"both","predicate1","small",0.88,"size"
"61",20,"bed","furniture",1,"both","predicate1","rotten",0.08,"age"
"62",20,"chair","furniture",1,"both","predicate1","old",0.92,"age"
"63",20,"tomato","food",1,"both","predicate1","yellow",0.91,"color"
"64",20,"potato","food",1,"both","predicate1","purple",0.88,"color"
"65",20,"couch","furniture",1,"both","predicate1","hard",0.04,"texture"
"66",20,"potato","food",1,"both","predicate1","good",0.93,"quality"
"67",20,"cheese","food",1,"both","predicate1","big",0.91,"size"
"68",20,"watermelon","food",1,"both","predicate1","dry",0.05,"texture"
"69",20,"apple","food",1,"both","predicate1","red",0.09,"color"
"70",20,"bed","furniture",1,"both","predicate1","bad",0.95,"quality"
"71",20,"cheese","food",1,"both","predicate1","old",0.03,"age"
"72",20,"tomato","food",1,"both","predicate1","brown",0.03,"color"
"73",20,"chair","furniture",1,"both","predicate1","plastic",0.95,"material"
"74",20,"bed","furniture",1,"both","predicate1","metal",0.05,"material"
"75",21,"apple","food",1,"both","predicate1","yellow",0,"color"
"76",21,"tomato","food",1,"both","predicate1","rotten",1,"age"
"77",21,"box","furniture",1,"both","predicate1","old",1,"age"
"78",21,"bed","furniture",1,"both","predicate1","metal",0,"material"
"79",21,"potato","food",1,"both","predicate1","brown",0.5,"color"
"80",21,"potato","food",1,"both","predicate1","brown",0,"color"
"81",21,"chair","furniture",1,"both","predicate1","new",1,"age"
"82",21,"couch","furniture",1,"both","predicate1","new",1,"age"
"83",21,"box","furniture",1,"both","predicate1","red",0,"color"
"84",21,"couch","furniture",1,"both","predicate1","red",0,"color"
"85",21,"table","furniture",1,"both","predicate1","fresh",1,"age"
"86",21,"watermelon","food",1,"both","predicate1","new",1,"age"
"87",21,"cheese","food",1,"both","predicate1","dry",0.51,"texture"
"88",21,"box","furniture",1,"both","predicate1","green",0.5,"color"
"89",21,"tomato","food",1,"both","predicate1","long",0.51,"size"
"90",21,"potato","food",1,"both","predicate1","round",0.51,"shape"
"91",21,"table","furniture",1,"both","predicate1","soft",1,"texture"
"92",21,"watermelon","food",1,"both","predicate1","short",1,"size"
"93",21,"cheese","food",1,"both","predicate1","new",1,"age"
"94",21,"chair","furniture",1,"both","predicate1","short",0.51,"size"
"95",25,"table","furniture",1,"both","predicate1","blue",0.51,"color"
"96",25,"box","furniture",1,"both","predicate1","wooden",0.05,"material"
"97",25,"tomato","food",1,"both","predicate1","plastic",0.95,"material"
"98",25,"apple","food",1,"both","predicate1","wooden",0.03,"material"
"99",25,"chair","furniture",1,"both","predicate1","light",0.96,"size"
"100",25,"watermelon","food",1,"both","predicate1","yellow",0.5,"color"
"101",25,"box","furniture",1,"both","predicate1","metal",0.02,"material"
"102",25,"bed","furniture",1,"both","predicate1","good",0.48,"quality"
"103",25,"potato","food",1,"both","predicate1","small",0.48,"size"
"104",25,"chair","furniture",1,"both","predicate1","big",0.48,"size"
"105",25,"watermelon","food",1,"both","predicate1","blue",0.49,"color"
"106",25,"couch","furniture",1,"both","predicate1","heavy",0.5,"size"
"107",25,"watermelon","food",1,"both","predicate1","brown",0.02,"color"
"108",25,"box","furniture",1,"both","predicate1","new",0.01,"age"
"109",25,"apple","food",1,"both","predicate1","short",0.5,"size"
"110",25,"table","furniture",1,"both","predicate1","new",0.49,"age"
"111",25,"bed","furniture",1,"both","predicate1","big",0.5,"size"
"112",25,"cheese","food",1,"both","predicate1","round",0.5,"shape"
"113",25,"tomato","food",1,"both","predicate1","new",0.02,"age"
"114",25,"chair","furniture",1,"both","predicate1","purple",0.98,"color"
"115",25,"box","furniture",1,"both","predicate1","long",0.49,"size"
"116",25,"apple","food",1,"both","predicate1","good",0.51,"quality"
"117",25,"watermelon","food",1,"both","predicate1","bad",0.95,"quality"
"118",25,"couch","furniture",1,"both","predicate1","short",0.5,"size"
"119",31,"potato","food",1,"both","predicate1","square",0.17,"shape"
"120",31,"apple","food",1,"both","predicate1","metal",0.01,"material"
"121",31,"bed","furniture",1,"both","predicate1","purple",0.02,"color"
"122",31,"apple","food",1,"both","predicate1","big",0.03,"size"
"123",31,"cheese","food",1,"both","predicate1","dry",0.03,"texture"
"124",31,"chair","furniture",1,"both","predicate1","soft",0.96,"texture"
"125",31,"chair","furniture",1,"both","predicate1","wooden",0.45,"material"
"126",31,"box","furniture",1,"both","predicate1","plastic",0.02,"material"
"127",31,"box","furniture",1,"both","predicate1","heavy",0.97,"size"
"128",31,"watermelon","food",1,"both","predicate1","fresh",0.95,"age"
"129",31,"box","furniture",1,"both","predicate1","green",0.8,"color"
"130",31,"watermelon","food",1,"both","predicate1","metal",0.88,"material"
"131",35,"box","furniture",1,"both","predicate1","new",0.93,"age"
"132",35,"cheese","food",1,"both","predicate1","short",0.02,"size"
"133",35,"chair","furniture",1,"both","predicate1","soft",0.02,"texture"
"134",35,"table","furniture",1,"both","predicate1","heavy",0.03,"size"
"135",35,"tomato","food",1,"both","predicate1","old",1,"age"
"136",35,"apple","food",1,"both","predicate1","yellow",0.99,"color"
"137",35,"box","furniture",1,"both","predicate1","big",0.97,"size"
"138",35,"watermelon","food",1,"both","predicate1","good",0.04,"quality"
"139",35,"apple","food",1,"both","predicate1","fresh",0.98,"age"
"140",35,"potato","food",1,"both","predicate1","old",0.98,"age"
"141",35,"tomato","food",1,"both","predicate1","round",0.02,"shape"
"142",36,"tomato","food",1,"both","predicate1","blue",0.86,"color"
"143",36,"apple","food",1,"both","predicate1","hard",0.06,"texture"
"144",36,"chair","furniture",1,"both","predicate1","blue",0.95,"color"
"145",36,"watermelon","food",1,"both","predicate1","metal",0.07,"material"
"146",36,"table","furniture",1,"both","predicate1","green",0.96,"color"
"147",36,"chair","furniture",1,"both","predicate1","red",0.96,"color"
"148",36,"box","furniture",1,"both","predicate1","dry",0.03,"texture"
"149",36,"apple","food",1,"both","predicate1","small",0.04,"size"
"150",36,"cheese","food",1,"both","predicate1","yellow",0.9,"color"
"151",36,"cheese","food",1,"both","predicate1","new",0.92,"age"
"152",36,"watermelon","food",1,"both","predicate1","light",0.05,"size"
"153",36,"couch","furniture",1,"both","predicate1","new",1,"age"
"154",36,"table","furniture",1,"both","predicate1","blue",0.89,"color"
"155",36,"table","furniture",1,"both","predicate1","good",0.94,"quality"
"156",36,"cheese","food",1,"both","predicate1","brown",1,"color"
"157",36,"potato","food",1,"both","predicate1","red",0.96,"color"
"158",36,"watermelon","food",1,"both","predicate1","round",0.98,"shape"
"159",36,"table","furniture",1,"both","predicate1","red",0.91,"color"
"160",36,"bed","furniture",1,"both","predicate1","plastic",0,"material"
"161",36,"couch","furniture",1,"both","predicate1","green",0.94,"color"
"162",36,"apple","food",1,"both","predicate1","hard",0.94,"texture"
"163",36,"couch","furniture",1,"both","predicate1","yellow",0.98,"color"
"164",36,"potato","food",1,"both","predicate1","big",0.05,"size"
"165",36,"tomato","food",1,"both","predicate1","light",0.99,"size"
"166",36,"box","furniture",1,"both","predicate1","fresh",0.06,"age"
"167",37,"apple","food",1,"both","predicate1","red",0,"color"
"168",37,"watermelon","food",1,"both","predicate1","purple",1,"color"
"169",37,"tomato","food",1,"both","predicate1","purple",1,"color"
"170",37,"table","furniture",1,"both","predicate1","red",1,"color"
"171",37,"table","furniture",1,"both","predicate1","plastic",0,"material"
"172",37,"watermelon","food",1,"both","predicate1","new",1,"age"
"173",37,"chair","furniture",1,"both","predicate1","purple",0,"color"
"174",37,"apple","food",1,"both","predicate1","big",1,"size"
"175",37,"watermelon","food",1,"both","predicate1","red",0,"color"
"176",37,"table","furniture",1,"both","predicate1","old",0,"age"
"177",37,"potato","food",1,"both","predicate1","metal",0,"material"
"178",37,"couch","furniture",1,"both","predicate1","green",0,"color"
"179",37,"apple","food",1,"both","predicate1","red",0,"color"
"180",37,"tomato","food",1,"both","predicate1","small",0,"size"
"181",37,"watermelon","food",1,"both","predicate1","good",0,"quality"
"182",37,"watermelon","food",1,"both","predicate1","yellow",0,"color"
"183",37,"box","furniture",1,"both","predicate1","small",0,"size"
"184",37,"cheese","food",1,"both","predicate1","wooden",0,"material"
"185",37,"apple","food",1,"both","predicate1","hard",0.05,"texture"
"186",37,"tomato","food",1,"both","predicate1","square",0.02,"shape"
"187",37,"couch","furniture",1,"both","predicate1","red",0.04,"color"
"188",37,"box","furniture",1,"both","predicate1","new",0.96,"age"
"189",37,"cheese","food",1,"both","predicate1","long",0.04,"size"
"190",37,"tomato","food",1,"both","predicate1","new",1,"age"
"191",37,"potato","food",1,"both","predicate1","brown",0.08,"color"
"192",37,"cheese","food",1,"both","predicate1","brown",0.96,"color"
"193",39,"bed","furniture",1,"both","predicate1","small",0.25,"size"
"194",39,"potato","food",1,"both","predicate1","yellow",0.92,"color"
"195",39,"apple","food",1,"both","predicate1","good",0.71,"quality"
"196",39,"apple","food",1,"both","predicate1","bad",0.63,"quality"
"197",39,"box","furniture",1,"both","predicate1","heavy",0.74,"size"
"198",39,"potato","food",1,"both","predicate1","bad",0.85,"quality"
"199",39,"bed","furniture",1,"both","predicate1","rotten",0.78,"age"
"200",39,"watermelon","food",1,"both","predicate1","rotten",0.29,"age"
"201",39,"chair","furniture",1,"both","predicate1","dry",0.68,"texture"
"202",39,"chair","furniture",1,"both","predicate1","wooden",0.74,"material"
"203",39,"cheese","food",1,"both","predicate1","fresh",0.26,"age"
"204",39,"box","furniture",1,"both","predicate1","metal",0.65,"material"
"205",39,"watermelon","food",1,"both","predicate1","fresh",0.71,"age"
"206",39,"tomato","food",1,"both","predicate1","hard",0.29,"texture"
"207",39,"table","furniture",1,"both","predicate1","wooden",0.76,"material"
"208",39,"watermelon","food",1,"both","predicate1","dry",0.28,"texture"
"209",39,"potato","food",1,"both","predicate1","short",0.8,"size"
"210",39,"tomato","food",1,"both","predicate1","new",0.26,"age"
"211",39,"bed","furniture",1,"both","predicate1","blue",0.23,"color"
"212",39,"chair","furniture",1,"both","predicate1","big",0.74,"size"
"213",39,"couch","furniture",1,"both","predicate1","brown",0.76,"color"
"214",39,"box","furniture",1,"both","predicate1","old",0.25,"age"
"215",40,"bed","furniture",1,"both","predicate1","new",0.98,"age"
"216",40,"chair","furniture",1,"both","predicate1","good",0.47,"quality"
"217",40,"chair","furniture",1,"both","predicate1","big",0.8,"size"
"218",40,"bed","furniture",1,"both","predicate1","long",0.62,"size"
"219",40,"table","furniture",1,"both","predicate1","bad",0.85,"quality"
"220",40,"bed","furniture",1,"both","predicate1","old",0.78,"age"
"221",40,"apple","food",1,"both","predicate1","brown",0.65,"color"
"222",40,"bed","furniture",1,"both","predicate1","big",0.76,"size"
"223",40,"chair","furniture",1,"both","predicate1","purple",0.45,"color"
"224",40,"tomato","food",1,"both","predicate1","yellow",0.21,"color"
"225",40,"chair","furniture",1,"both","predicate1","yellow",0.3,"color"
"226",40,"couch","furniture",1,"both","predicate1","brown",0.61,"color"
"227",40,"couch","furniture",1,"both","predicate1","big",0.34,"size"
"228",43,"box","furniture",1,"both","predicate1","red",0.33,"color"
"229",43,"watermelon","food",1,"both","predicate1","round",0.6,"shape"
"230",43,"tomato","food",1,"both","predicate1","big",0.35,"size"
"231",43,"cheese","food",1,"both","predicate1","small",0.62,"size"
"232",43,"bed","furniture",1,"both","predicate1","heavy",0.6,"size"
"233",43,"watermelon","food",1,"both","predicate1","long",0.3,"size"
"234",43,"cheese","food",1,"both","predicate1","bad",0.54,"quality"
"235",43,"tomato","food",1,"both","predicate1","long",0.62,"size"
"236",43,"potato","food",1,"both","predicate1","long",0.75,"size"
"237",43,"apple","food",1,"both","predicate1","short",0.71,"size"
"238",43,"apple","food",1,"both","predicate1","yellow",0.66,"color"
"239",43,"tomato","food",1,"both","predicate1","small",0.32,"size"
"240",43,"chair","furniture",1,"both","predicate1","plastic",0.22,"material"
"241",43,"bed","furniture",1,"both","predicate1","dry",0.3,"texture"
"242",43,"bed","furniture",1,"both","predicate1","purple",0.64,"color"
"243",43,"watermelon","food",1,"both","predicate1","old",0.67,"age"
"244",43,"table","furniture",1,"both","predicate1","dry",0.75,"texture"
"245",43,"couch","furniture",1,"both","predicate1","old",0.66,"age"
"246",43,"watermelon","food",1,"both","predicate1","big",0.69,"size"
"247",43,"chair","furniture",1,"both","predicate1","short",0.8,"size"
"248",43,"table","furniture",1,"both","predicate1","blue",0.82,"color"
"249",43,"table","furniture",1,"both","predicate1","heavy",0.76,"size"
"250",43,"watermelon","food",1,"both","predicate1","purple",0.17,"color"
"251",43,"couch","furniture",1,"both","predicate1","small",0.83,"size"
"252",43,"watermelon","food",1,"both","predicate1","light",0.85,"size"
"253",43,"cheese","food",1,"both","predicate1","plastic",0.89,"material"
"254",46,"potato","food",1,"both","predicate1","wooden",0,"material"
"255",46,"cheese","food",1,"both","predicate1","plastic",0.96,"material"
"256",46,"couch","furniture",1,"both","predicate1","rotten",0.97,"age"
"257",46,"box","furniture",1,"both","predicate1","short",0.98,"size"
"258",46,"chair","furniture",1,"both","predicate1","good",0.96,"quality"
"259",46,"watermelon","food",1,"both","predicate1","light",0.02,"size"
"260",46,"chair","furniture",1,"both","predicate1","soft",0.99,"texture"
"261",46,"bed","furniture",1,"both","predicate1","fresh",1,"age"
"262",46,"potato","food",1,"both","predicate1","purple",0.02,"color"
"263",46,"couch","furniture",1,"both","predicate1","yellow",0.03,"color"
"264",46,"chair","furniture",1,"both","predicate1","big",0.99,"size"
"265",46,"cheese","food",1,"both","predicate1","metal",0.98,"material"
"266",46,"chair","furniture",1,"both","predicate1","soft",0.97,"texture"
"267",46,"table","furniture",1,"both","predicate1","short",0.97,"size"
"268",46,"potato","food",1,"both","predicate1","dry",0.03,"texture"
"269",46,"apple","food",1,"both","predicate1","fresh",0.98,"age"
"270",46,"apple","food",1,"both","predicate1","round",0.98,"shape"
"271",46,"tomato","food",1,"both","predicate1","dry",0.98,"texture"
"272",46,"tomato","food",1,"both","predicate1","red",0.97,"color"
"273",46,"chair","furniture",1,"both","predicate1","small",0.96,"size"
"274",46,"chair","furniture",1,"both","predicate1","bad",0.02,"quality"
"275",46,"potato","food",1,"both","predicate1","long",0.97,"size"
"276",54,"couch","furniture",1,"both","predicate1","purple",1,"color"
"277",54,"tomato","food",1,"both","predicate1","red",0.02,"color"
"278",54,"potato","food",1,"both","predicate1","square",0.99,"shape"
"279",54,"cheese","food",1,"both","predicate1","soft",0.03,"texture"
"280",54,"bed","furniture",1,"both","predicate1","red",0.98,"color"
"281",54,"tomato","food",1,"both","predicate1","long",0.95,"size"
"282",54,"chair","furniture",1,"both","predicate1","yellow",0.98,"color"
"283",54,"chair","furniture",1,"both","predicate1","heavy",0.99,"size"
"284",54,"watermelon","food",1,"both","predicate1","good",0.98,"quality"
"285",54,"box","furniture",1,"both","predicate1","wooden",0.01,"material"
"286",54,"watermelon","food",1,"both","predicate1","bad",0.03,"quality"
"287",54,"potato","food",1,"both","predicate1","round",0.03,"shape"
"288",54,"bed","furniture",1,"both","predicate1","red",0.97,"color"
"289",54,"apple","food",1,"both","predicate1","dry",0,"texture"
"290",54,"potato","food",1,"both","predicate1","big",0.04,"size"
"291",54,"tomato","food",1,"both","predicate1","long",0.04,"size"
"292",54,"bed","furniture",1,"both","predicate1","plastic",0.02,"material"
"293",54,"box","furniture",1,"both","predicate1","small",0.97,"size"
"294",54,"couch","furniture",1,"both","predicate1","plastic",0.03,"material"
"295",54,"apple","food",1,"both","predicate1","hard",0.95,"texture"
"296",54,"chair","furniture",1,"both","predicate1","big",0.05,"size"
"297",54,"couch","furniture",1,"both","predicate1","purple",1,"color"
"298",54,"bed","furniture",1,"both","predicate1","square",0.04,"shape"
"299",54,"table","furniture",1,"both","predicate1","heavy",0.95,"size"
"300",58,"box","furniture",1,"both","predicate1","rotten",0.87,"age"
"301",58,"table","furniture",1,"both","predicate1","wooden",0.11,"material"
"302",58,"table","furniture",1,"both","predicate1","old",0.1,"age"
"303",58,"box","furniture",1,"both","predicate1","wooden",0.08,"material"
"304",58,"bed","furniture",1,"both","predicate1","square",0.6,"shape"
"305",58,"potato","food",1,"both","predicate1","fresh",0.93,"age"
"306",58,"bed","furniture",1,"both","predicate1","new",0.1,"age"
"307",58,"chair","furniture",1,"both","predicate1","fresh",0.64,"age"
"308",58,"box","furniture",1,"both","predicate1","blue",0.11,"color"
"309",58,"watermelon","food",1,"both","predicate1","yellow",0.1,"color"
"310",60,"apple","food",1,"both","predicate1","big",0.82,"size"
"311",60,"couch","furniture",1,"both","predicate1","brown",0.99,"color"
"312",60,"cheese","food",1,"both","predicate1","metal",0.16,"material"
"313",60,"bed","furniture",1,"both","predicate1","green",0.09,"color"
"314",60,"apple","food",1,"both","predicate1","fresh",1,"age"
"315",60,"watermelon","food",1,"both","predicate1","good",0.12,"quality"
"316",60,"chair","furniture",1,"both","predicate1","light",0.98,"size"
"317",60,"couch","furniture",1,"both","predicate1","soft",0.2,"texture"
"318",60,"table","furniture",1,"both","predicate1","green",0.07,"color"
"319",60,"table","furniture",1,"both","predicate1","wooden",0.05,"material"
"320",60,"tomato","food",1,"both","predicate1","hard",0.46,"texture"
"321",60,"chair","furniture",1,"both","predicate1","rotten",0.1,"age"
"322",60,"chair","furniture",1,"both","predicate1","wooden",0.98,"material"
"323",60,"tomato","food",1,"both","predicate1","red",0.99,"color"
"324",60,"bed","furniture",1,"both","predicate1","blue",0.98,"color"
"325",60,"table","furniture",1,"both","predicate1","square",0.51,"shape"
"326",60,"apple","food",1,"both","predicate1","fresh",0.98,"age"
"327",60,"bed","furniture",1,"both","predicate1","short",0.33,"size"
"328",60,"chair","furniture",1,"both","predicate1","heavy",0.97,"size"
"329",60,"tomato","food",1,"both","predicate1","bad",0.98,"quality"
"330",60,"couch","furniture",1,"both","predicate1","new",0.01,"age"
"331",60,"table","furniture",1,"both","predicate1","dry",0.98,"texture"
"332",63,"box","furniture",1,"both","predicate1","round",0.77,"shape"
"333",63,"tomato","food",1,"both","predicate1","small",0.77,"size"
"334",63,"apple","food",1,"both","predicate1","green",0.16,"color"
"335",63,"apple","food",1,"both","predicate1","wooden",0.77,"material"
"336",63,"table","furniture",1,"both","predicate1","plastic",0.14,"material"
"337",63,"potato","food",1,"both","predicate1","bad",0.81,"quality"
"338",63,"table","furniture",1,"both","predicate1","wooden",0.8,"material"
"339",63,"couch","furniture",1,"both","predicate1","short",0.14,"size"
"340",63,"couch","furniture",1,"both","predicate1","wooden",0.12,"material"
"341",63,"cheese","food",1,"both","predicate1","square",0.81,"shape"
"342",63,"cheese","food",1,"both","predicate1","bad",0.8,"quality"
"343",63,"tomato","food",1,"both","predicate1","bad",0.68,"quality"
"344",63,"apple","food",1,"both","predicate1","long",0.99,"size"
"345",63,"box","furniture",1,"both","predicate1","short",0.27,"size"
"346",63,"box","furniture",1,"both","predicate1","long",0.79,"size"
"347",75,"apple","food",1,"both","predicate1","heavy",0,"size"
"348",75,"tomato","food",1,"both","predicate1","rotten",0,"age"
"349",75,"tomato","food",1,"both","predicate1","green",1,"color"
"350",75,"cheese","food",1,"both","predicate1","fresh",1,"age"
"351",75,"box","furniture",1,"both","predicate1","heavy",1,"size"
"352",75,"couch","furniture",1,"both","predicate1","dry",1,"texture"
"353",75,"table","furniture",1,"both","predicate1","purple",0,"color"
"354",75,"apple","food",1,"both","predicate1","red",1,"color"
"355",75,"watermelon","food",1,"both","predicate1","dry",0,"texture"
"356",75,"cheese","food",1,"both","predicate1","long",0,"size"
"357",75,"bed","furniture",1,"both","predicate1","rotten",0,"age"
"358",75,"watermelon","food",1,"both","predicate1","blue",1,"color"
"359",75,"bed","furniture",1,"both","predicate1","purple",0.96,"color"
"360",75,"potato","food",1,"both","predicate1","yellow",0.97,"color"
"361",75,"bed","furniture",1,"both","predicate1","hard",1,"texture"
"362",75,"potato","food",1,"both","predicate1","good",1,"quality"
"363",75,"cheese","food",1,"both","predicate1","new",1,"age"
"364",75,"bed","furniture",1,"both","predicate1","brown",0,"color"
"365",75,"tomato","food",1,"both","predicate1","plastic",0,"material"
"366",75,"watermelon","food",1,"both","predicate1","square",0,"shape"
"367",75,"table","furniture",1,"both","predicate1","heavy",0,"size"
"368",75,"watermelon","food",1,"both","predicate1","brown",0,"color"
"369",75,"table","furniture",1,"both","predicate1","dry",0,"texture"
"370",75,"couch","furniture",1,"both","predicate1","heavy",0,"size"
"371",75,"bed","furniture",1,"both","predicate1","bad",0,"quality"
"372",75,"couch","furniture",1,"both","predicate1","metal",0.01,"material"
"373",76,"apple","food",1,"both","predicate1","yellow",0.8,"color"
"374",76,"box","furniture",1,"both","predicate1","small",0.84,"size"
"375",76,"chair","furniture",1,"both","predicate1","hard",0.09,"texture"
"376",76,"table","furniture",1,"both","predicate1","long",0.87,"size"
"377",76,"chair","furniture",1,"both","predicate1","red",0.9,"color"
"378",76,"potato","food",1,"both","predicate1","small",0.92,"size"
"379",76,"table","furniture",1,"both","predicate1","wooden",0.06,"material"
"380",76,"bed","furniture",1,"both","predicate1","long",0.08,"size"
"381",76,"chair","furniture",1,"both","predicate1","plastic",0.9,"material"
"382",76,"cheese","food",1,"both","predicate1","square",0.05,"shape"
"383",83,"table","furniture",1,"both","predicate1","wooden",0.58,"material"
"384",83,"couch","furniture",1,"both","predicate1","blue",0.11,"color"
"385",83,"table","furniture",1,"both","predicate1","blue",0.03,"color"
"386",83,"potato","food",1,"both","predicate1","short",1,"size"
"387",83,"watermelon","food",1,"both","predicate1","soft",0.98,"texture"
"388",83,"box","furniture",1,"both","predicate1","soft",0.18,"texture"
"389",83,"cheese","food",1,"both","predicate1","dry",0.33,"texture"
"390",83,"couch","furniture",1,"both","predicate1","new",0.23,"age"
"391",83,"box","furniture",1,"both","predicate1","plastic",0.28,"material"
"392",83,"watermelon","food",1,"both","predicate1","purple",0.27,"color"
"393",83,"box","furniture",1,"both","predicate1","metal",0.19,"material"
"394",83,"cheese","food",1,"both","predicate1","square",0.21,"shape"
"395",83,"cheese","food",1,"both","predicate1","yellow",0.16,"color"
"396",83,"apple","food",1,"both","predicate1","bad",0.71,"quality"
"397",83,"couch","furniture",1,"both","predicate1","long",0.35,"size"
"398",83,"chair","furniture",1,"both","predicate1","old",0.31,"age"
"399",83,"watermelon","food",1,"both","predicate1","light",0.34,"size"
"400",84,"watermelon","food",1,"both","predicate1","heavy",0.81,"size"
"401",84,"box","furniture",1,"both","predicate1","bad",0.84,"quality"
"402",84,"cheese","food",1,"both","predicate1","metal",0.13,"material"
"403",84,"potato","food",1,"both","predicate1","rotten",0.09,"age"
"404",84,"tomato","food",1,"both","predicate1","good",0.82,"quality"
"405",84,"apple","food",1,"both","predicate1","purple",0.08,"color"
"406",84,"couch","furniture",1,"both","predicate1","round",0.87,"shape"
"407",84,"cheese","food",1,"both","predicate1","round",0.88,"shape"
"408",84,"tomato","food",1,"both","predicate1","new",0.86,"age"
"409",84,"couch","furniture",1,"both","predicate1","metal",0.08,"material"
"410",84,"watermelon","food",1,"both","predicate1","plastic",0.16,"material"
"411",84,"potato","food",1,"both","predicate1","dry",0.86,"texture"
"412",84,"chair","furniture",1,"both","predicate1","plastic",0.11,"material"
"413",84,"watermelon","food",1,"both","predicate1","green",0.14,"color"
"414",84,"apple","food",1,"both","predicate1","wooden",0.1,"material"
"415",84,"couch","furniture",1,"both","predicate1","light",0.89,"size"
"416",84,"box","furniture",1,"both","predicate1","light",0.86,"size"
"417",84,"couch","furniture",1,"both","predicate1","square",0.1,"shape"
"418",84,"cheese","food",1,"both","predicate1","dry",0.14,"texture"
"419",84,"watermelon","food",1,"both","predicate1","good",0.88,"quality"
"420",84,"watermelon","food",1,"both","predicate1","light",0.08,"size"
"421",84,"apple","food",1,"both","predicate1","rotten",0.14,"age"
"422",84,"apple","food",1,"both","predicate1","good",0.1,"quality"
"423",84,"watermelon","food",1,"both","predicate1","short",0.11,"size"
"424",84,"box","furniture",1,"both","predicate1","hard",0.84,"texture"
"425",84,"potato","food",1,"both","predicate1","soft",0.85,"texture"
"426",97,"chair","furniture",1,"both","predicate1","good",0.38,"quality"
"427",97,"tomato","food",1,"both","predicate1","yellow",0.39,"color"
"428",97,"watermelon","food",1,"both","predicate1","brown",0.65,"color"
"429",97,"potato","food",1,"both","predicate1","light",0.5,"size"
"430",97,"couch","furniture",1,"both","predicate1","bad",0.32,"quality"
"431",97,"cheese","food",1,"both","predicate1","new",0.31,"age"
"432",97,"apple","food",1,"both","predicate1","rotten",0.61,"age"
"433",97,"watermelon","food",1,"both","predicate1","heavy",0.31,"size"
"434",97,"potato","food",1,"both","predicate1","green",0.62,"color"
"435",97,"potato","food",1,"both","predicate1","new",0.4,"age"
"436",97,"tomato","food",1,"both","predicate1","round",0.66,"shape"
"437",97,"couch","furniture",1,"both","predicate1","fresh",0.42,"age"
"438",97,"couch","furniture",1,"both","predicate1","metal",0.37,"material"
"439",97,"apple","food",1,"both","predicate1","red",0.24,"color"
"440",99,"tomato","food",1,"both","predicate1","red",0.65,"color"
"441",99,"potato","food",1,"both","predicate1","small",0.75,"size"
"442",99,"apple","food",1,"both","predicate1","plastic",0.23,"material"
"443",99,"tomato","food",1,"both","predicate1","bad",0.38,"quality"
"444",99,"potato","food",1,"both","predicate1","hard",0.37,"texture"
"445",99,"couch","furniture",1,"both","predicate1","old",0.4,"age"
"446",99,"potato","food",1,"both","predicate1","hard",0.54,"texture"
"447",99,"couch","furniture",1,"both","predicate1","purple",0.31,"color"
"448",99,"bed","furniture",1,"both","predicate1","big",0.62,"size"
"449",99,"cheese","food",1,"both","predicate1","old",0.38,"age"
"450",99,"tomato","food",1,"both","predicate1","short",0.35,"size"
"451",99,"chair","furniture",1,"both","predicate1","rotten",0.6,"age"
"452",99,"couch","furniture",1,"both","predicate1","yellow",0.64,"color"
"453",99,"cheese","food",1,"both","predicate1","metal",0.56,"material"
"454",99,"cheese","food",1,"both","predicate1","square",0.41,"shape"
"455",99,"bed","furniture",1,"both","predicate1","plastic",0.4,"material"
"456",99,"tomato","food",1,"both","predicate1","short",0.38,"size"
"457",99,"bed","furniture",1,"both","predicate1","round",0.4,"shape"
"458",99,"watermelon","food",1,"both","predicate1","hard",0.41,"texture"
"459",99,"bed","furniture",1,"both","predicate1","square",0.42,"shape"
"460",99,"potato","food",1,"both","predicate1","wooden",0.64,"material"
"461",99,"potato","food",1,"both","predicate1","hard",0.38,"texture"
"462",101,"watermelon","food",1,"both","predicate1","old",0.96,"age"
"463",101,"chair","furniture",1,"both","predicate1","square",0.01,"shape"
"464",101,"table","furniture",1,"both","predicate1","old",0.99,"age"
"465",101,"chair","furniture",1,"both","predicate1","heavy",0.99,"size"
"466",101,"couch","furniture",1,"both","predicate1","soft",0.05,"texture"
"467",101,"box","furniture",1,"both","predicate1","old",0.29,"age"
"468",101,"table","furniture",1,"both","predicate1","hard",0.74,"texture"
"469",101,"table","furniture",1,"both","predicate1","yellow",0.36,"color"
"470",101,"table","furniture",1,"both","predicate1","dry",0.32,"texture"
"471",101,"couch","furniture",1,"both","predicate1","purple",0.28,"color"
"472",101,"box","furniture",1,"both","predicate1","red",0.34,"color"
"473",101,"table","furniture",1,"both","predicate1","wooden",0.28,"material"
"474",101,"cheese","food",1,"both","predicate1","fresh",0.37,"age"
"475",101,"table","furniture",1,"both","predicate1","round",0.76,"shape"
"476",101,"bed","furniture",1,"both","predicate1","long",0.29,"size"
"477",101,"bed","furniture",1,"both","predicate1","metal",0.34,"material"
"478",101,"chair","furniture",1,"both","predicate1","metal",0.35,"material"
"479",110,"couch","furniture",1,"both","predicate1","small",0.95,"size"
"480",110,"watermelon","food",1,"both","predicate1","round",0.96,"shape"
"481",110,"apple","food",1,"both","predicate1","brown",0.97,"color"
"482",110,"watermelon","food",1,"both","predicate1","brown",0.98,"color"
"483",110,"box","furniture",1,"both","predicate1","hard",0.99,"texture"
"484",110,"watermelon","food",1,"both","predicate1","plastic",0.03,"material"
"485",110,"table","furniture",1,"both","predicate1","heavy",0.03,"size"
"486",110,"tomato","food",1,"both","predicate1","fresh",0.94,"age"
"487",110,"tomato","food",1,"both","predicate1","purple",0,"color"
"488",110,"chair","furniture",1,"both","predicate1","yellow",0.03,"color"
"489",110,"potato","food",1,"both","predicate1","green",0.02,"color"
"490",110,"apple","food",1,"both","predicate1","red",0.97,"color"
"491",110,"potato","food",1,"both","predicate1","bad",0,"quality"
"492",110,"box","furniture",1,"both","predicate1","long",0.97,"size"
"493",110,"watermelon","food",1,"both","predicate1","light",0.02,"size"
"494",110,"chair","furniture",1,"both","predicate1","rotten",0,"age"
"495",110,"chair","furniture",1,"both","predicate1","bad",0.97,"quality"
"496",110,"tomato","food",1,"both","predicate1","round",0.97,"shape"
"497",110,"table","furniture",1,"both","predicate1","small",0.01,"size"
"498",111,"box","furniture",1,"both","predicate1","dry",0.04,"texture"
"499",111,"watermelon","food",1,"both","predicate1","purple",0.02,"color"
"500",111,"chair","furniture",1,"both","predicate1","red",0,"color"
"501",111,"table","furniture",1,"both","predicate1","good",0.98,"quality"
"502",111,"potato","food",1,"both","predicate1","old",0.99,"age"
"503",111,"tomato","food",1,"both","predicate1","fresh",0.01,"age"
"504",111,"watermelon","food",1,"both","predicate1","big",0.49,"size"
"505",111,"bed","furniture",1,"both","predicate1","long",0.5,"size"
"506",111,"potato","food",1,"both","predicate1","dry",0.51,"texture"
"507",111,"couch","furniture",1,"both","predicate1","yellow",0.73,"color"
"508",111,"potato","food",1,"both","predicate1","brown",0.46,"color"
"509",111,"watermelon","food",1,"both","predicate1","bad",0.5,"quality"
"510",111,"table","furniture",1,"both","predicate1","square",0.48,"shape"
"511",111,"apple","food",1,"both","predicate1","long",0.27,"size"
"512",111,"apple","food",1,"both","predicate1","dry",0.18,"texture"
"513",111,"bed","furniture",1,"both","predicate1","blue",0.79,"color"
"514",111,"apple","food",1,"both","predicate1","metal",0.48,"material"
"515",111,"watermelon","food",1,"both","predicate1","yellow",0.51,"color"
"516",111,"watermelon","food",1,"both","predicate1","old",0.5,"age"
"517",111,"potato","food",1,"both","predicate1","big",0.46,"size"
"518",111,"table","furniture",1,"both","predicate1","long",0.46,"size"
"519",111,"chair","furniture",1,"both","predicate1","bad",0.49,"quality"
"520",111,"couch","furniture",1,"both","predicate1","blue",0.49,"color"
"521",117,"apple","food",1,"both","predicate1","yellow",0.2,"color"
"522",117,"chair","furniture",1,"both","predicate1","new",0.9,"age"
"523",117,"box","furniture",1,"both","predicate1","wooden",0.03,"material"
"524",117,"chair","furniture",1,"both","predicate1","round",0.9,"shape"
"525",117,"couch","furniture",1,"both","predicate1","old",0.91,"age"
"526",117,"table","furniture",1,"both","predicate1","hard",0,"texture"
"527",117,"cheese","food",1,"both","predicate1","hard",1,"texture"
"528",117,"box","furniture",1,"both","predicate1","purple",1,"color"
"529",117,"bed","furniture",1,"both","predicate1","square",0.02,"shape"
"530",117,"bed","furniture",1,"both","predicate1","short",0,"size"
"531",117,"box","furniture",1,"both","predicate1","heavy",0.91,"size"
"532",117,"box","furniture",1,"both","predicate1","round",0.88,"shape"
"533",117,"cheese","food",1,"both","predicate1","good",0.91,"quality"
"534",117,"box","furniture",1,"both","predicate1","old",0.05,"age"
"535",118,"potato","food",1,"both","predicate1","square",0.83,"shape"
"536",118,"watermelon","food",1,"both","predicate1","old",0.05,"age"
"537",118,"box","furniture",1,"both","predicate1","good",0.92,"quality"
"538",118,"table","furniture",1,"both","predicate1","green",0.05,"color"
"539",118,"apple","food",1,"both","predicate1","metal",0.03,"material"
"540",118,"chair","furniture",1,"both","predicate1","fresh",0.96,"age"
"541",118,"box","furniture",1,"both","predicate1","dry",0.05,"texture"
"542",118,"tomato","food",1,"both","predicate1","hard",0.94,"texture"
"543",118,"couch","furniture",1,"both","predicate1","old",0.05,"age"
"544",118,"table","furniture",1,"both","predicate1","metal",0.97,"material"
"545",118,"chair","furniture",1,"both","predicate1","small",0.95,"size"
"546",118,"box","furniture",1,"both","predicate1","hard",0.95,"texture"
"547",118,"cheese","food",1,"both","predicate1","new",0.93,"age"
"548",118,"cheese","food",1,"both","predicate1","fresh",0.95,"age"
"549",118,"tomato","food",1,"both","predicate1","big",0.99,"size"
"550",118,"cheese","food",1,"both","predicate1","round",0.92,"shape"
"551",118,"couch","furniture",1,"both","predicate1","hard",0.99,"texture"
"552",118,"chair","furniture",1,"both","predicate1","purple",0.96,"color"
"553",118,"box","furniture",1,"both","predicate1","hard",0.9,"texture"
"554",118,"cheese","food",1,"both","predicate1","blue",0.93,"color"
"555",118,"potato","food",1,"both","predicate1","fresh",0.07,"age"
"556",118,"chair","furniture",1,"both","predicate1","bad",0.93,"quality"
"557",118,"chair","furniture",1,"both","predicate1","blue",0.95,"color"
"558",119,"couch","furniture",1,"both","predicate1","dry",1,"texture"
"559",119,"box","furniture",1,"both","predicate1","old",0,"age"
"560",119,"table","furniture",1,"both","predicate1","yellow",0,"color"
"561",119,"tomato","food",1,"both","predicate1","purple",0,"color"
"562",119,"bed","furniture",1,"both","predicate1","wooden",0,"material"
"563",119,"chair","furniture",1,"both","predicate1","heavy",1,"size"
"564",119,"couch","furniture",1,"both","predicate1","new",1,"age"
"565",119,"chair","furniture",1,"both","predicate1","round",0,"shape"
"566",119,"couch","furniture",1,"both","predicate1","new",0,"age"
"567",119,"tomato","food",1,"both","predicate1","purple",0,"color"
"568",119,"cheese","food",1,"both","predicate1","bad",1,"quality"
"569",119,"couch","furniture",1,"both","predicate1","hard",1,"texture"
"570",119,"tomato","food",1,"both","predicate1","hard",0,"texture"
"571",119,"potato","food",1,"both","predicate1","dry",0,"texture"
"572",119,"watermelon","food",1,"both","predicate1","fresh",0,"age"
"573",119,"chair","furniture",1,"both","predicate1","wooden",1,"material"
"574",119,"apple","food",1,"both","predicate1","light",1,"size"
"575",122,"apple","food",1,"both","predicate1","fresh",0.9,"age"
"576",122,"potato","food",1,"both","predicate1","green",0.06,"color"
"577",122,"table","furniture",1,"both","predicate1","metal",0.1,"material"
"578",122,"apple","food",1,"both","predicate1","blue",0.1,"color"
"579",122,"table","furniture",1,"both","predicate1","dry",0.37,"texture"
"580",122,"chair","furniture",1,"both","predicate1","square",1,"shape"
"581",122,"bed","furniture",1,"both","predicate1","rotten",0,"age"
"582",122,"cheese","food",1,"both","predicate1","rotten",0.98,"age"
"583",122,"apple","food",1,"both","predicate1","plastic",0,"material"
"584",122,"table","furniture",1,"both","predicate1","light",0,"size"
"585",122,"table","furniture",1,"both","predicate1","plastic",0,"material"
"586",122,"potato","food",1,"both","predicate1","rotten",0,"age"
"587",122,"cheese","food",1,"both","predicate1","bad",0,"quality"
"588",122,"table","furniture",1,"both","predicate1","dry",1,"texture"
"589",122,"box","furniture",1,"both","predicate1","yellow",0,"color"
"590",122,"box","furniture",1,"both","predicate1","round",0,"shape"
"591",122,"tomato","food",1,"both","predicate1","old",0.78,"age"
"592",122,"watermelon","food",1,"both","predicate1","round",0.18,"shape"
"593",122,"box","furniture",1,"both","predicate1","square",0.86,"shape"
"594",122,"table","furniture",1,"both","predicate1","old",0.91,"age"
"595",122,"couch","furniture",1,"both","predicate1","new",0,"age"
"596",122,"chair","furniture",1,"both","predicate1","round",0.1,"shape"
"597",122,"cheese","food",1,"both","predicate1","square",0.89,"shape"
"598",122,"apple","food",1,"both","predicate1","small",0.86,"size"
"599",123,"table","furniture",1,"both","predicate1","small",0.78,"size"
"600",123,"chair","furniture",1,"both","predicate1","new",1,"age"
"601",123,"couch","furniture",1,"both","predicate1","brown",0.16,"color"
"602",123,"cheese","food",1,"both","predicate1","big",0.77,"size"
"603",123,"watermelon","food",1,"both","predicate1","yellow",0.87,"color"
"604",123,"tomato","food",1,"both","predicate1","soft",0.17,"texture"
"605",123,"watermelon","food",1,"both","predicate1","long",0.9,"size"
"606",123,"couch","furniture",1,"both","predicate1","red",0.78,"color"
"607",123,"chair","furniture",1,"both","predicate1","brown",0.09,"color"
"608",123,"box","furniture",1,"both","predicate1","small",0.17,"size"
"609",5,"cheese","food",1,"both","rightpredicate1","brown",0.27,"color"
"610",5,"bed","furniture",1,"both","rightpredicate1","small",0.75,"size"
"611",5,"cheese","food",1,"both","rightpredicate1","blue",0.28,"color"
"612",5,"couch","furniture",1,"both","rightpredicate1","big",0.21,"size"
"613",5,"table","furniture",1,"both","rightpredicate1","good",0.73,"quality"
"614",5,"cheese","food",1,"both","rightpredicate1","hard",0.73,"texture"
"615",5,"table","furniture",1,"both","rightpredicate1","brown",0.28,"color"
"616",5,"watermelon","food",1,"both","rightpredicate1","rotten",0.72,"age"
"617",5,"chair","furniture",1,"both","rightpredicate1","new",0.73,"age"
"618",5,"potato","food",1,"both","rightpredicate1","heavy",0.68,"size"
"619",5,"tomato","food",1,"both","rightpredicate1","red",0.65,"color"
"620",5,"couch","furniture",1,"both","rightpredicate1","old",0.71,"age"
"621",5,"potato","food",1,"both","rightpredicate1","light",0.65,"size"
"622",5,"cheese","food",1,"both","rightpredicate1","round",0.31,"shape"
"623",5,"cheese","food",1,"both","rightpredicate1","soft",0.32,"texture"
"624",5,"watermelon","food",1,"both","rightpredicate1","small",0.82,"size"
"625",5,"couch","furniture",1,"both","rightpredicate1","small",0.78,"size"
"626",5,"bed","furniture",1,"both","rightpredicate1","light",0.71,"size"
"627",6,"tomato","food",1,"both","rightpredicate1","blue",0.04,"color"
"628",6,"chair","furniture",1,"both","rightpredicate1","square",0.99,"shape"
"629",6,"tomato","food",1,"both","rightpredicate1","big",0.99,"size"
"630",6,"box","furniture",1,"both","rightpredicate1","heavy",0.02,"size"
"631",6,"table","furniture",1,"both","rightpredicate1","big",0.02,"size"
"632",6,"watermelon","food",1,"both","rightpredicate1","short",0.02,"size"
"633",6,"box","furniture",1,"both","rightpredicate1","green",0.03,"color"
"634",6,"bed","furniture",1,"both","rightpredicate1","yellow",0.03,"color"
"635",6,"table","furniture",1,"both","rightpredicate1","plastic",0.01,"material"
"636",9,"apple","food",1,"both","rightpredicate1","new",1,"age"
"637",9,"chair","furniture",1,"both","rightpredicate1","hard",0.04,"texture"
"638",9,"couch","furniture",1,"both","rightpredicate1","new",1,"age"
"639",9,"apple","food",1,"both","rightpredicate1","yellow",0.98,"color"
"640",9,"apple","food",1,"both","rightpredicate1","purple",0.05,"color"
"641",9,"couch","furniture",1,"both","rightpredicate1","light",0.04,"size"
"642",9,"tomato","food",1,"both","rightpredicate1","soft",1,"texture"
"643",9,"bed","furniture",1,"both","rightpredicate1","plastic",0.04,"material"
"644",9,"table","furniture",1,"both","rightpredicate1","metal",0.02,"material"
"645",9,"watermelon","food",1,"both","rightpredicate1","plastic",0.03,"material"
"646",9,"apple","food",1,"both","rightpredicate1","new",0.98,"age"
"647",9,"chair","furniture",1,"both","rightpredicate1","round",0.03,"shape"
"648",9,"cheese","food",1,"both","rightpredicate1","rotten",0.99,"age"
"649",9,"chair","furniture",1,"both","rightpredicate1","square",0.03,"shape"
"650",9,"box","furniture",1,"both","rightpredicate1","new",0.98,"age"
"651",9,"watermelon","food",1,"both","rightpredicate1","round",0.03,"shape"
"652",9,"tomato","food",1,"both","rightpredicate1","green",0.05,"color"
"653",9,"box","furniture",1,"both","rightpredicate1","heavy",0.02,"size"
"654",9,"couch","furniture",1,"both","rightpredicate1","new",0.5,"age"
"655",9,"chair","furniture",1,"both","rightpredicate1","blue",0.03,"color"
"656",9,"box","furniture",1,"both","rightpredicate1","yellow",0.05,"color"
"657",9,"watermelon","food",1,"both","rightpredicate1","red",0.08,"color"
"658",9,"cheese","food",1,"both","rightpredicate1","rotten",0.99,"age"
"659",9,"apple","food",1,"both","rightpredicate1","red",0.02,"color"
"660",9,"cheese","food",1,"both","rightpredicate1","good",0.99,"quality"
"661",9,"bed","furniture",1,"both","rightpredicate1","heavy",0.52,"size"
"662",20,"cheese","food",1,"both","rightpredicate1","plastic",0.68,"material"
"663",20,"bed","furniture",1,"both","rightpredicate1","good",0.88,"quality"
"664",20,"table","furniture",1,"both","rightpredicate1","round",0.1,"shape"
"665",20,"chair","furniture",1,"both","rightpredicate1","old",0.87,"age"
"666",20,"box","furniture",1,"both","rightpredicate1","wooden",0.9,"material"
"667",20,"potato","food",1,"both","rightpredicate1","new",0.87,"age"
"668",20,"cheese","food",1,"both","rightpredicate1","purple",0.12,"color"
"669",20,"bed","furniture",1,"both","rightpredicate1","blue",0.92,"color"
"670",20,"chair","furniture",1,"both","rightpredicate1","hard",0.08,"texture"
"671",20,"tomato","food",1,"both","rightpredicate1","plastic",0.09,"material"
"672",20,"potato","food",1,"both","rightpredicate1","heavy",0.12,"size"
"673",20,"couch","furniture",1,"both","rightpredicate1","square",0.96,"shape"
"674",20,"potato","food",1,"both","rightpredicate1","big",0.07,"size"
"675",20,"cheese","food",1,"both","rightpredicate1","green",0.09,"color"
"676",20,"watermelon","food",1,"both","rightpredicate1","small",0.95,"size"
"677",20,"apple","food",1,"both","rightpredicate1","bad",0.91,"quality"
"678",20,"bed","furniture",1,"both","rightpredicate1","wooden",0.05,"material"
"679",20,"cheese","food",1,"both","rightpredicate1","light",0.97,"size"
"680",20,"tomato","food",1,"both","rightpredicate1","rotten",0.97,"age"
"681",20,"chair","furniture",1,"both","rightpredicate1","brown",0.05,"color"
"682",20,"bed","furniture",1,"both","rightpredicate1","small",0.95,"size"
"683",21,"apple","food",1,"both","rightpredicate1","light",1,"size"
"684",21,"tomato","food",1,"both","rightpredicate1","soft",0,"texture"
"685",21,"box","furniture",1,"both","rightpredicate1","red",0,"color"
"686",21,"bed","furniture",1,"both","rightpredicate1","old",1,"age"
"687",21,"potato","food",1,"both","rightpredicate1","hard",0.5,"texture"
"688",21,"potato","food",1,"both","rightpredicate1","light",1,"size"
"689",21,"chair","furniture",1,"both","rightpredicate1","short",0,"size"
"690",21,"couch","furniture",1,"both","rightpredicate1","red",0,"color"
"691",21,"box","furniture",1,"both","rightpredicate1","hard",1,"texture"
"692",21,"couch","furniture",1,"both","rightpredicate1","good",1,"quality"
"693",21,"table","furniture",1,"both","rightpredicate1","wooden",0,"material"
"694",21,"watermelon","food",1,"both","rightpredicate1","wooden",0,"material"
"695",21,"cheese","food",1,"both","rightpredicate1","yellow",0.49,"color"
"696",21,"box","furniture",1,"both","rightpredicate1","metal",0.5,"material"
"697",21,"tomato","food",1,"both","rightpredicate1","new",0.49,"age"
"698",21,"potato","food",1,"both","rightpredicate1","purple",0.49,"color"
"699",21,"table","furniture",1,"both","rightpredicate1","brown",0,"color"
"700",21,"watermelon","food",1,"both","rightpredicate1","green",0,"color"
"701",21,"cheese","food",1,"both","rightpredicate1","long",0,"size"
"702",21,"chair","furniture",1,"both","rightpredicate1","old",0.49,"age"
"703",25,"table","furniture",1,"both","rightpredicate1","plastic",0.49,"material"
"704",25,"box","furniture",1,"both","rightpredicate1","big",0.95,"size"
"705",25,"tomato","food",1,"both","rightpredicate1","dry",0.05,"texture"
"706",25,"apple","food",1,"both","rightpredicate1","short",0.97,"size"
"707",25,"chair","furniture",1,"both","rightpredicate1","brown",0.04,"color"
"708",25,"watermelon","food",1,"both","rightpredicate1","long",0.5,"size"
"709",25,"box","furniture",1,"both","rightpredicate1","soft",0.98,"texture"
"710",25,"bed","furniture",1,"both","rightpredicate1","red",0.52,"color"
"711",25,"potato","food",1,"both","rightpredicate1","new",0.52,"age"
"712",25,"chair","furniture",1,"both","rightpredicate1","square",0.52,"shape"
"713",25,"watermelon","food",1,"both","rightpredicate1","soft",0.51,"texture"
"714",25,"couch","furniture",1,"both","rightpredicate1","brown",0.5,"color"
"715",25,"watermelon","food",1,"both","rightpredicate1","square",0.98,"shape"
"716",25,"box","furniture",1,"both","rightpredicate1","blue",0.99,"color"
"717",25,"apple","food",1,"both","rightpredicate1","metal",0.5,"material"
"718",25,"table","furniture",1,"both","rightpredicate1","light",0.51,"size"
"719",25,"bed","furniture",1,"both","rightpredicate1","metal",0.5,"material"
"720",25,"cheese","food",1,"both","rightpredicate1","blue",0.5,"color"
"721",25,"tomato","food",1,"both","rightpredicate1","long",0.98,"size"
"722",25,"chair","furniture",1,"both","rightpredicate1","bad",0.02,"quality"
"723",25,"box","furniture",1,"both","rightpredicate1","soft",0.51,"texture"
"724",25,"apple","food",1,"both","rightpredicate1","round",0.49,"shape"
"725",25,"watermelon","food",1,"both","rightpredicate1","hard",0.05,"texture"
"726",25,"couch","furniture",1,"both","rightpredicate1","soft",0.5,"texture"
"727",31,"potato","food",1,"both","rightpredicate1","dry",0.83,"texture"
"728",31,"apple","food",1,"both","rightpredicate1","new",0.99,"age"
"729",31,"bed","furniture",1,"both","rightpredicate1","wooden",0.98,"material"
"730",31,"apple","food",1,"both","rightpredicate1","fresh",0.97,"age"
"731",31,"cheese","food",1,"both","rightpredicate1","big",0.97,"size"
"732",31,"chair","furniture",1,"both","rightpredicate1","red",0.04,"color"
"733",31,"chair","furniture",1,"both","rightpredicate1","new",0.55,"age"
"734",31,"box","furniture",1,"both","rightpredicate1","dry",0.98,"texture"
"735",31,"box","furniture",1,"both","rightpredicate1","metal",0.03,"material"
"736",31,"watermelon","food",1,"both","rightpredicate1","purple",0.05,"color"
"737",31,"box","furniture",1,"both","rightpredicate1","plastic",0.2,"material"
"738",31,"watermelon","food",1,"both","rightpredicate1","green",0.12,"color"
"739",35,"box","furniture",1,"both","rightpredicate1","green",0.07,"color"
"740",35,"cheese","food",1,"both","rightpredicate1","rotten",0.98,"age"
"741",35,"chair","furniture",1,"both","rightpredicate1","big",0.98,"size"
"742",35,"table","furniture",1,"both","rightpredicate1","new",0.97,"age"
"743",35,"tomato","food",1,"both","rightpredicate1","red",0,"color"
"744",35,"apple","food",1,"both","rightpredicate1","round",0.01,"shape"
"745",35,"box","furniture",1,"both","rightpredicate1","soft",0.03,"texture"
"746",35,"watermelon","food",1,"both","rightpredicate1","small",0.96,"size"
"747",35,"apple","food",1,"both","rightpredicate1","hard",0.02,"texture"
"748",35,"potato","food",1,"both","rightpredicate1","yellow",0.02,"color"
"749",35,"tomato","food",1,"both","rightpredicate1","hard",0.98,"texture"
"750",36,"tomato","food",1,"both","rightpredicate1","hard",0.14,"texture"
"751",36,"apple","food",1,"both","rightpredicate1","square",0.94,"shape"
"752",36,"chair","furniture",1,"both","rightpredicate1","heavy",0.05,"size"
"753",36,"watermelon","food",1,"both","rightpredicate1","round",0.93,"shape"
"754",36,"table","furniture",1,"both","rightpredicate1","old",0.04,"age"
"755",36,"chair","furniture",1,"both","rightpredicate1","heavy",0.04,"size"
"756",36,"box","furniture",1,"both","rightpredicate1","green",0.97,"color"
"757",36,"apple","food",1,"both","rightpredicate1","blue",0.96,"color"
"758",36,"cheese","food",1,"both","rightpredicate1","small",0.1,"size"
"759",36,"cheese","food",1,"both","rightpredicate1","plastic",0.08,"material"
"760",36,"watermelon","food",1,"both","rightpredicate1","new",0.95,"age"
"761",36,"couch","furniture",1,"both","rightpredicate1","brown",0,"color"
"762",36,"table","furniture",1,"both","rightpredicate1","plastic",0.11,"material"
"763",36,"table","furniture",1,"both","rightpredicate1","plastic",0.0600000000000001,"material"
"764",36,"cheese","food",1,"both","rightpredicate1","round",0,"shape"
"765",36,"potato","food",1,"both","rightpredicate1","old",0.04,"age"
"766",36,"watermelon","food",1,"both","rightpredicate1","metal",0.02,"material"
"767",36,"table","furniture",1,"both","rightpredicate1","new",0.09,"age"
"768",36,"bed","furniture",1,"both","rightpredicate1","red",1,"color"
"769",36,"couch","furniture",1,"both","rightpredicate1","light",0.0600000000000001,"size"
"770",36,"apple","food",1,"both","rightpredicate1","new",0.0600000000000001,"age"
"771",36,"couch","furniture",1,"both","rightpredicate1","good",0.02,"quality"
"772",36,"potato","food",1,"both","rightpredicate1","green",0.95,"color"
"773",36,"tomato","food",1,"both","rightpredicate1","metal",0.01,"material"
"774",36,"box","furniture",1,"both","rightpredicate1","wooden",0.94,"material"
"775",37,"apple","food",1,"both","rightpredicate1","old",1,"age"
"776",37,"watermelon","food",1,"both","rightpredicate1","metal",0,"material"
"777",37,"tomato","food",1,"both","rightpredicate1","light",0,"size"
"778",37,"table","furniture",1,"both","rightpredicate1","long",0,"size"
"779",37,"table","furniture",1,"both","rightpredicate1","short",1,"size"
"780",37,"watermelon","food",1,"both","rightpredicate1","purple",0,"color"
"781",37,"chair","furniture",1,"both","rightpredicate1","heavy",1,"size"
"782",37,"apple","food",1,"both","rightpredicate1","yellow",0,"color"
"783",37,"watermelon","food",1,"both","rightpredicate1","light",1,"size"
"784",37,"table","furniture",1,"both","rightpredicate1","hard",1,"texture"
"785",37,"potato","food",1,"both","rightpredicate1","soft",1,"texture"
"786",37,"couch","furniture",1,"both","rightpredicate1","short",1,"size"
"787",37,"apple","food",1,"both","rightpredicate1","new",1,"age"
"788",37,"tomato","food",1,"both","rightpredicate1","old",1,"age"
"789",37,"watermelon","food",1,"both","rightpredicate1","green",1,"color"
"790",37,"watermelon","food",1,"both","rightpredicate1","heavy",1,"size"
"791",37,"box","furniture",1,"both","rightpredicate1","brown",1,"color"
"792",37,"cheese","food",1,"both","rightpredicate1","green",1,"color"
"793",37,"apple","food",1,"both","rightpredicate1","small",0.95,"size"
"794",37,"tomato","food",1,"both","rightpredicate1","plastic",0.98,"material"
"795",37,"couch","furniture",1,"both","rightpredicate1","old",0.96,"age"
"796",37,"box","furniture",1,"both","rightpredicate1","small",0.04,"size"
"797",37,"cheese","food",1,"both","rightpredicate1","round",0.96,"shape"
"798",37,"tomato","food",1,"both","rightpredicate1","metal",0,"material"
"799",37,"potato","food",1,"both","rightpredicate1","dry",0.92,"texture"
"800",37,"cheese","food",1,"both","rightpredicate1","rotten",0.04,"age"
"801",39,"bed","furniture",1,"both","rightpredicate1","hard",0.75,"texture"
"802",39,"potato","food",1,"both","rightpredicate1","short",0.08,"size"
"803",39,"apple","food",1,"both","rightpredicate1","soft",0.29,"texture"
"804",39,"apple","food",1,"both","rightpredicate1","yellow",0.37,"color"
"805",39,"box","furniture",1,"both","rightpredicate1","red",0.26,"color"
"806",39,"potato","food",1,"both","rightpredicate1","short",0.15,"size"
"807",39,"bed","furniture",1,"both","rightpredicate1","heavy",0.22,"size"
"808",39,"watermelon","food",1,"both","rightpredicate1","heavy",0.71,"size"
"809",39,"chair","furniture",1,"both","rightpredicate1","red",0.32,"color"
"810",39,"chair","furniture",1,"both","rightpredicate1","fresh",0.26,"age"
"811",39,"cheese","food",1,"both","rightpredicate1","big",0.74,"size"
"812",39,"box","furniture",1,"both","rightpredicate1","dry",0.35,"texture"
"813",39,"watermelon","food",1,"both","rightpredicate1","heavy",0.29,"size"
"814",39,"tomato","food",1,"both","rightpredicate1","bad",0.71,"quality"
"815",39,"table","furniture",1,"both","rightpredicate1","big",0.24,"size"
"816",39,"watermelon","food",1,"both","rightpredicate1","good",0.72,"quality"
"817",39,"potato","food",1,"both","rightpredicate1","bad",0.2,"quality"
"818",39,"tomato","food",1,"both","rightpredicate1","light",0.74,"size"
"819",39,"bed","furniture",1,"both","rightpredicate1","metal",0.77,"material"
"820",39,"chair","furniture",1,"both","rightpredicate1","blue",0.26,"color"
"821",39,"couch","furniture",1,"both","rightpredicate1","rotten",0.24,"age"
"822",39,"box","furniture",1,"both","rightpredicate1","bad",0.75,"quality"
"823",40,"bed","furniture",1,"both","rightpredicate1","brown",0.02,"color"
"824",40,"chair","furniture",1,"both","rightpredicate1","old",0.53,"age"
"825",40,"chair","furniture",1,"both","rightpredicate1","metal",0.2,"material"
"826",40,"bed","furniture",1,"both","rightpredicate1","green",0.38,"color"
"827",40,"table","furniture",1,"both","rightpredicate1","red",0.15,"color"
"828",40,"bed","furniture",1,"both","rightpredicate1","yellow",0.22,"color"
"829",40,"apple","food",1,"both","rightpredicate1","big",0.35,"size"
"830",40,"bed","furniture",1,"both","rightpredicate1","round",0.24,"shape"
"831",40,"chair","furniture",1,"both","rightpredicate1","hard",0.55,"texture"
"832",40,"tomato","food",1,"both","rightpredicate1","fresh",0.79,"age"
"833",40,"chair","furniture",1,"both","rightpredicate1","good",0.7,"quality"
"834",40,"couch","furniture",1,"both","rightpredicate1","big",0.39,"size"
"835",40,"couch","furniture",1,"both","rightpredicate1","good",0.66,"quality"
"836",43,"box","furniture",1,"both","rightpredicate1","big",0.67,"size"
"837",43,"watermelon","food",1,"both","rightpredicate1","blue",0.4,"color"
"838",43,"tomato","food",1,"both","rightpredicate1","soft",0.65,"texture"
"839",43,"cheese","food",1,"both","rightpredicate1","green",0.38,"color"
"840",43,"bed","furniture",1,"both","rightpredicate1","round",0.4,"shape"
"841",43,"watermelon","food",1,"both","rightpredicate1","new",0.7,"age"
"842",43,"cheese","food",1,"both","rightpredicate1","red",0.46,"color"
"843",43,"tomato","food",1,"both","rightpredicate1","good",0.38,"quality"
"844",43,"potato","food",1,"both","rightpredicate1","good",0.25,"quality"
"845",43,"apple","food",1,"both","rightpredicate1","green",0.29,"color"
"846",43,"apple","food",1,"both","rightpredicate1","heavy",0.34,"size"
"847",43,"tomato","food",1,"both","rightpredicate1","old",0.68,"age"
"848",43,"chair","furniture",1,"both","rightpredicate1","good",0.78,"quality"
"849",43,"bed","furniture",1,"both","rightpredicate1","good",0.7,"quality"
"850",43,"bed","furniture",1,"both","rightpredicate1","plastic",0.36,"material"
"851",43,"watermelon","food",1,"both","rightpredicate1","soft",0.33,"texture"
"852",43,"table","furniture",1,"both","rightpredicate1","short",0.25,"size"
"853",43,"couch","furniture",1,"both","rightpredicate1","small",0.34,"size"
"854",43,"watermelon","food",1,"both","rightpredicate1","fresh",0.31,"age"
"855",43,"chair","furniture",1,"both","rightpredicate1","fresh",0.2,"age"
"856",43,"table","furniture",1,"both","rightpredicate1","heavy",0.18,"size"
"857",43,"table","furniture",1,"both","rightpredicate1","new",0.24,"age"
"858",43,"watermelon","food",1,"both","rightpredicate1","rotten",0.83,"age"
"859",43,"couch","furniture",1,"both","rightpredicate1","plastic",0.17,"material"
"860",43,"watermelon","food",1,"both","rightpredicate1","plastic",0.15,"material"
"861",43,"cheese","food",1,"both","rightpredicate1","fresh",0.11,"age"
"862",46,"potato","food",1,"both","rightpredicate1","fresh",1,"age"
"863",46,"cheese","food",1,"both","rightpredicate1","old",0.04,"age"
"864",46,"couch","furniture",1,"both","rightpredicate1","hard",0.03,"texture"
"865",46,"box","furniture",1,"both","rightpredicate1","purple",0.02,"color"
"866",46,"chair","furniture",1,"both","rightpredicate1","wooden",0.04,"material"
"867",46,"watermelon","food",1,"both","rightpredicate1","red",0.98,"color"
"868",46,"chair","furniture",1,"both","rightpredicate1","plastic",0.01,"material"
"869",46,"bed","furniture",1,"both","rightpredicate1","big",0,"size"
"870",46,"potato","food",1,"both","rightpredicate1","rotten",0.98,"age"
"871",46,"couch","furniture",1,"both","rightpredicate1","plastic",0.97,"material"
"872",46,"chair","furniture",1,"both","rightpredicate1","new",0.01,"age"
"873",46,"cheese","food",1,"both","rightpredicate1","short",0.02,"size"
"874",46,"chair","furniture",1,"both","rightpredicate1","blue",0.03,"color"
"875",46,"table","furniture",1,"both","rightpredicate1","blue",0.03,"color"
"876",46,"potato","food",1,"both","rightpredicate1","new",0.97,"age"
"877",46,"apple","food",1,"both","rightpredicate1","yellow",0.02,"color"
"878",46,"apple","food",1,"both","rightpredicate1","brown",0.02,"color"
"879",46,"tomato","food",1,"both","rightpredicate1","long",0.02,"size"
"880",46,"tomato","food",1,"both","rightpredicate1","heavy",0.03,"size"
"881",46,"chair","furniture",1,"both","rightpredicate1","dry",0.04,"texture"
"882",46,"chair","furniture",1,"both","rightpredicate1","yellow",0.98,"color"
"883",46,"potato","food",1,"both","rightpredicate1","new",0.03,"age"
"884",54,"couch","furniture",1,"both","rightpredicate1","plastic",0,"material"
"885",54,"tomato","food",1,"both","rightpredicate1","light",0.98,"size"
"886",54,"potato","food",1,"both","rightpredicate1","wooden",0.01,"material"
"887",54,"cheese","food",1,"both","rightpredicate1","rotten",0.97,"age"
"888",54,"bed","furniture",1,"both","rightpredicate1","new",0.02,"age"
"889",54,"tomato","food",1,"both","rightpredicate1","metal",0.05,"material"
"890",54,"chair","furniture",1,"both","rightpredicate1","plastic",0.02,"material"
"891",54,"chair","furniture",1,"both","rightpredicate1","blue",0.01,"color"
"892",54,"watermelon","food",1,"both","rightpredicate1","round",0.02,"shape"
"893",54,"box","furniture",1,"both","rightpredicate1","red",0.99,"color"
"894",54,"watermelon","food",1,"both","rightpredicate1","brown",0.97,"color"
"895",54,"potato","food",1,"both","rightpredicate1","bad",0.97,"quality"
"896",54,"bed","furniture",1,"both","rightpredicate1","soft",0.03,"texture"
"897",54,"apple","food",1,"both","rightpredicate1","rotten",1,"age"
"898",54,"potato","food",1,"both","rightpredicate1","fresh",0.96,"age"
"899",54,"tomato","food",1,"both","rightpredicate1","hard",0.96,"texture"
"900",54,"bed","furniture",1,"both","rightpredicate1","dry",0.98,"texture"
"901",54,"box","furniture",1,"both","rightpredicate1","round",0.03,"shape"
"902",54,"couch","furniture",1,"both","rightpredicate1","old",0.97,"age"
"903",54,"apple","food",1,"both","rightpredicate1","metal",0.05,"material"
"904",54,"chair","furniture",1,"both","rightpredicate1","brown",0.95,"color"
"905",54,"couch","furniture",1,"both","rightpredicate1","new",0,"age"
"906",54,"bed","furniture",1,"both","rightpredicate1","green",0.96,"color"
"907",54,"table","furniture",1,"both","rightpredicate1","bad",0.05,"quality"
"908",58,"box","furniture",1,"both","rightpredicate1","blue",0.13,"color"
"909",58,"table","furniture",1,"both","rightpredicate1","green",0.89,"color"
"910",58,"table","furniture",1,"both","rightpredicate1","long",0.9,"size"
"911",58,"box","furniture",1,"both","rightpredicate1","round",0.92,"shape"
"912",58,"bed","furniture",1,"both","rightpredicate1","green",0.4,"color"
"913",58,"potato","food",1,"both","rightpredicate1","plastic",0.07,"material"
"914",58,"bed","furniture",1,"both","rightpredicate1","soft",0.9,"texture"
"915",58,"chair","furniture",1,"both","rightpredicate1","round",0.36,"shape"
"916",58,"box","furniture",1,"both","rightpredicate1","heavy",0.89,"size"
"917",58,"watermelon","food",1,"both","rightpredicate1","small",0.9,"size"
"918",60,"apple","food",1,"both","rightpredicate1","hard",0.18,"texture"
"919",60,"couch","furniture",1,"both","rightpredicate1","plastic",0.01,"material"
"920",60,"cheese","food",1,"both","rightpredicate1","round",0.84,"shape"
"921",60,"bed","furniture",1,"both","rightpredicate1","fresh",0.91,"age"
"922",60,"apple","food",1,"both","rightpredicate1","plastic",0,"material"
"923",60,"watermelon","food",1,"both","rightpredicate1","heavy",0.88,"size"
"924",60,"chair","furniture",1,"both","rightpredicate1","old",0.02,"age"
"925",60,"couch","furniture",1,"both","rightpredicate1","light",0.8,"size"
"926",60,"table","furniture",1,"both","rightpredicate1","hard",0.93,"texture"
"927",60,"table","furniture",1,"both","rightpredicate1","hard",0.95,"texture"
"928",60,"tomato","food",1,"both","rightpredicate1","yellow",0.54,"color"
"929",60,"chair","furniture",1,"both","rightpredicate1","dry",0.9,"texture"
"930",60,"chair","furniture",1,"both","rightpredicate1","blue",0.02,"color"
"931",60,"tomato","food",1,"both","rightpredicate1","plastic",0.01,"material"
"932",60,"bed","furniture",1,"both","rightpredicate1","big",0.02,"size"
"933",60,"table","furniture",1,"both","rightpredicate1","long",0.49,"size"
"934",60,"apple","food",1,"both","rightpredicate1","red",0.02,"color"
"935",60,"bed","furniture",1,"both","rightpredicate1","blue",0.67,"color"
"936",60,"chair","furniture",1,"both","rightpredicate1","wooden",0.03,"material"
"937",60,"tomato","food",1,"both","rightpredicate1","hard",0.02,"texture"
"938",60,"couch","furniture",1,"both","rightpredicate1","good",0.99,"quality"
"939",60,"table","furniture",1,"both","rightpredicate1","small",0.02,"size"
"940",63,"box","furniture",1,"both","rightpredicate1","fresh",0.23,"age"
"941",63,"tomato","food",1,"both","rightpredicate1","plastic",0.23,"material"
"942",63,"apple","food",1,"both","rightpredicate1","big",0.84,"size"
"943",63,"apple","food",1,"both","rightpredicate1","purple",0.23,"color"
"944",63,"table","furniture",1,"both","rightpredicate1","soft",0.86,"texture"
"945",63,"potato","food",1,"both","rightpredicate1","metal",0.19,"material"
"946",63,"table","furniture",1,"both","rightpredicate1","light",0.2,"size"
"947",63,"couch","furniture",1,"both","rightpredicate1","yellow",0.86,"color"
"948",63,"couch","furniture",1,"both","rightpredicate1","long",0.88,"size"
"949",63,"cheese","food",1,"both","rightpredicate1","red",0.19,"color"
"950",63,"cheese","food",1,"both","rightpredicate1","dry",0.2,"texture"
"951",63,"tomato","food",1,"both","rightpredicate1","dry",0.32,"texture"
"952",63,"apple","food",1,"both","rightpredicate1","fresh",0.01,"age"
"953",63,"box","furniture",1,"both","rightpredicate1","bad",0.73,"quality"
"954",63,"box","furniture",1,"both","rightpredicate1","purple",0.21,"color"
"955",75,"apple","food",1,"both","rightpredicate1","red",1,"color"
"956",75,"tomato","food",1,"both","rightpredicate1","green",1,"color"
"957",75,"tomato","food",1,"both","rightpredicate1","hard",0,"texture"
"958",75,"cheese","food",1,"both","rightpredicate1","purple",0,"color"
"959",75,"box","furniture",1,"both","rightpredicate1","brown",0,"color"
"960",75,"couch","furniture",1,"both","rightpredicate1","brown",0,"color"
"961",75,"table","furniture",1,"both","rightpredicate1","square",1,"shape"
"962",75,"apple","food",1,"both","rightpredicate1","heavy",0,"size"
"963",75,"watermelon","food",1,"both","rightpredicate1","long",1,"size"
"964",75,"cheese","food",1,"both","rightpredicate1","good",1,"quality"
"965",75,"bed","furniture",1,"both","rightpredicate1","heavy",1,"size"
"966",75,"watermelon","food",1,"both","rightpredicate1","soft",0,"texture"
"967",75,"bed","furniture",1,"both","rightpredicate1","wooden",0.04,"material"
"968",75,"potato","food",1,"both","rightpredicate1","heavy",0.03,"size"
"969",75,"bed","furniture",1,"both","rightpredicate1","rotten",0,"age"
"970",75,"potato","food",1,"both","rightpredicate1","fresh",0,"age"
"971",75,"cheese","food",1,"both","rightpredicate1","round",0,"shape"
"972",75,"bed","furniture",1,"both","rightpredicate1","good",1,"quality"
"973",75,"tomato","food",1,"both","rightpredicate1","blue",1,"color"
"974",75,"watermelon","food",1,"both","rightpredicate1","heavy",1,"size"
"975",75,"table","furniture",1,"both","rightpredicate1","yellow",1,"color"
"976",75,"watermelon","food",1,"both","rightpredicate1","hard",1,"texture"
"977",75,"table","furniture",1,"both","rightpredicate1","good",1,"quality"
"978",75,"couch","furniture",1,"both","rightpredicate1","yellow",1,"color"
"979",75,"bed","furniture",1,"both","rightpredicate1","red",1,"color"
"980",75,"couch","furniture",1,"both","rightpredicate1","green",0.99,"color"
"981",76,"apple","food",1,"both","rightpredicate1","soft",0.2,"texture"
"982",76,"box","furniture",1,"both","rightpredicate1","wooden",0.16,"material"
"983",76,"chair","furniture",1,"both","rightpredicate1","new",0.91,"age"
"984",76,"table","furniture",1,"both","rightpredicate1","red",0.13,"color"
"985",76,"chair","furniture",1,"both","rightpredicate1","hard",0.1,"texture"
"986",76,"potato","food",1,"both","rightpredicate1","fresh",0.08,"age"
"987",76,"table","furniture",1,"both","rightpredicate1","bad",0.94,"quality"
"988",76,"bed","furniture",1,"both","rightpredicate1","old",0.92,"age"
"989",76,"chair","furniture",1,"both","rightpredicate1","green",0.1,"color"
"990",76,"cheese","food",1,"both","rightpredicate1","dry",0.95,"texture"
"991",83,"table","furniture",1,"both","rightpredicate1","square",0.42,"shape"
"992",83,"couch","furniture",1,"both","rightpredicate1","short",0.89,"size"
"993",83,"table","furniture",1,"both","rightpredicate1","good",0.97,"quality"
"994",83,"potato","food",1,"both","rightpredicate1","purple",0,"color"
"995",83,"watermelon","food",1,"both","rightpredicate1","yellow",0.02,"color"
"996",83,"box","furniture",1,"both","rightpredicate1","purple",0.82,"color"
"997",83,"cheese","food",1,"both","rightpredicate1","yellow",0.67,"color"
"998",83,"couch","furniture",1,"both","rightpredicate1","dry",0.77,"texture"
"999",83,"box","furniture",1,"both","rightpredicate1","fresh",0.72,"age"
"1000",83,"watermelon","food",1,"both","rightpredicate1","bad",0.73,"quality"
"1001",83,"box","furniture",1,"both","rightpredicate1","purple",0.81,"color"
"1002",83,"cheese","food",1,"both","rightpredicate1","plastic",0.79,"material"
"1003",83,"cheese","food",1,"both","rightpredicate1","plastic",0.84,"material"
"1004",83,"apple","food",1,"both","rightpredicate1","red",0.29,"color"
"1005",83,"couch","furniture",1,"both","rightpredicate1","blue",0.65,"color"
"1006",83,"chair","furniture",1,"both","rightpredicate1","short",0.69,"size"
"1007",83,"watermelon","food",1,"both","rightpredicate1","old",0.66,"age"
"1008",84,"watermelon","food",1,"both","rightpredicate1","yellow",0.19,"color"
"1009",84,"box","furniture",1,"both","rightpredicate1","metal",0.16,"material"
"1010",84,"cheese","food",1,"both","rightpredicate1","dry",0.87,"texture"
"1011",84,"potato","food",1,"both","rightpredicate1","small",0.91,"size"
"1012",84,"tomato","food",1,"both","rightpredicate1","metal",0.18,"material"
"1013",84,"apple","food",1,"both","rightpredicate1","dry",0.92,"texture"
"1014",84,"couch","furniture",1,"both","rightpredicate1","plastic",0.13,"material"
"1015",84,"cheese","food",1,"both","rightpredicate1","purple",0.12,"color"
"1016",84,"tomato","food",1,"both","rightpredicate1","square",0.14,"shape"
"1017",84,"couch","furniture",1,"both","rightpredicate1","purple",0.92,"color"
"1018",84,"watermelon","food",1,"both","rightpredicate1","fresh",0.84,"age"
"1019",84,"potato","food",1,"both","rightpredicate1","big",0.14,"size"
"1020",84,"chair","furniture",1,"both","rightpredicate1","soft",0.89,"texture"
"1021",84,"watermelon","food",1,"both","rightpredicate1","round",0.86,"shape"
"1022",84,"apple","food",1,"both","rightpredicate1","fresh",0.9,"age"
"1023",84,"couch","furniture",1,"both","rightpredicate1","brown",0.11,"color"
"1024",84,"box","furniture",1,"both","rightpredicate1","fresh",0.14,"age"
"1025",84,"couch","furniture",1,"both","rightpredicate1","short",0.9,"size"
"1026",84,"cheese","food",1,"both","rightpredicate1","round",0.86,"shape"
"1027",84,"watermelon","food",1,"both","rightpredicate1","short",0.12,"size"
"1028",84,"watermelon","food",1,"both","rightpredicate1","good",0.92,"quality"
"1029",84,"apple","food",1,"both","rightpredicate1","heavy",0.86,"size"
"1030",84,"apple","food",1,"both","rightpredicate1","small",0.9,"size"
"1031",84,"watermelon","food",1,"both","rightpredicate1","bad",0.89,"quality"
"1032",84,"box","furniture",1,"both","rightpredicate1","wooden",0.16,"material"
"1033",84,"potato","food",1,"both","rightpredicate1","short",0.15,"size"
"1034",97,"chair","furniture",1,"both","rightpredicate1","new",0.62,"age"
"1035",97,"tomato","food",1,"both","rightpredicate1","short",0.61,"size"
"1036",97,"watermelon","food",1,"both","rightpredicate1","light",0.35,"size"
"1037",97,"potato","food",1,"both","rightpredicate1","good",0.5,"quality"
"1038",97,"couch","furniture",1,"both","rightpredicate1","yellow",0.68,"color"
"1039",97,"cheese","food",1,"both","rightpredicate1","blue",0.69,"color"
"1040",97,"apple","food",1,"both","rightpredicate1","metal",0.39,"material"
"1041",97,"watermelon","food",1,"both","rightpredicate1","red",0.69,"color"
"1042",97,"potato","food",1,"both","rightpredicate1","light",0.38,"size"
"1043",97,"potato","food",1,"both","rightpredicate1","soft",0.6,"texture"
"1044",97,"tomato","food",1,"both","rightpredicate1","new",0.34,"age"
"1045",97,"couch","furniture",1,"both","rightpredicate1","big",0.58,"size"
"1046",97,"couch","furniture",1,"both","rightpredicate1","yellow",0.63,"color"
"1047",97,"apple","food",1,"both","rightpredicate1","old",0.76,"age"
"1048",99,"tomato","food",1,"both","rightpredicate1","hard",0.35,"texture"
"1049",99,"potato","food",1,"both","rightpredicate1","wooden",0.25,"material"
"1050",99,"apple","food",1,"both","rightpredicate1","red",0.77,"color"
"1051",99,"tomato","food",1,"both","rightpredicate1","purple",0.62,"color"
"1052",99,"potato","food",1,"both","rightpredicate1","plastic",0.63,"material"
"1053",99,"couch","furniture",1,"both","rightpredicate1","red",0.6,"color"
"1054",99,"potato","food",1,"both","rightpredicate1","plastic",0.46,"material"
"1055",99,"couch","furniture",1,"both","rightpredicate1","new",0.69,"age"
"1056",99,"bed","furniture",1,"both","rightpredicate1","green",0.38,"color"
"1057",99,"cheese","food",1,"both","rightpredicate1","wooden",0.62,"material"
"1058",99,"tomato","food",1,"both","rightpredicate1","red",0.65,"color"
"1059",99,"chair","furniture",1,"both","rightpredicate1","heavy",0.4,"size"
"1060",99,"couch","furniture",1,"both","rightpredicate1","square",0.36,"shape"
"1061",99,"cheese","food",1,"both","rightpredicate1","rotten",0.44,"age"
"1062",99,"cheese","food",1,"both","rightpredicate1","big",0.59,"size"
"1063",99,"bed","furniture",1,"both","rightpredicate1","good",0.6,"quality"
"1064",99,"tomato","food",1,"both","rightpredicate1","purple",0.62,"color"
"1065",99,"bed","furniture",1,"both","rightpredicate1","brown",0.6,"color"
"1066",99,"watermelon","food",1,"both","rightpredicate1","bad",0.59,"quality"
"1067",99,"bed","furniture",1,"both","rightpredicate1","big",0.58,"size"
"1068",99,"potato","food",1,"both","rightpredicate1","dry",0.36,"texture"
"1069",99,"potato","food",1,"both","rightpredicate1","new",0.62,"age"
"1070",101,"watermelon","food",1,"both","rightpredicate1","blue",0.04,"color"
"1071",101,"chair","furniture",1,"both","rightpredicate1","old",0.99,"age"
"1072",101,"table","furniture",1,"both","rightpredicate1","heavy",0.01,"size"
"1073",101,"chair","furniture",1,"both","rightpredicate1","metal",0.01,"material"
"1074",101,"couch","furniture",1,"both","rightpredicate1","green",0.95,"color"
"1075",101,"box","furniture",1,"both","rightpredicate1","round",0.71,"shape"
"1076",101,"table","furniture",1,"both","rightpredicate1","blue",0.26,"color"
"1077",101,"table","furniture",1,"both","rightpredicate1","heavy",0.64,"size"
"1078",101,"table","furniture",1,"both","rightpredicate1","bad",0.68,"quality"
"1079",101,"couch","furniture",1,"both","rightpredicate1","hard",0.72,"texture"
"1080",101,"box","furniture",1,"both","rightpredicate1","big",0.66,"size"
"1081",101,"table","furniture",1,"both","rightpredicate1","long",0.72,"size"
"1082",101,"cheese","food",1,"both","rightpredicate1","light",0.63,"size"
"1083",101,"table","furniture",1,"both","rightpredicate1","brown",0.24,"color"
"1084",101,"bed","furniture",1,"both","rightpredicate1","plastic",0.71,"material"
"1085",101,"bed","furniture",1,"both","rightpredicate1","red",0.66,"color"
"1086",101,"chair","furniture",1,"both","rightpredicate1","blue",0.65,"color"
"1087",110,"couch","furniture",1,"both","rightpredicate1","square",0.05,"shape"
"1088",110,"watermelon","food",1,"both","rightpredicate1","red",0.04,"color"
"1089",110,"apple","food",1,"both","rightpredicate1","soft",0.03,"texture"
"1090",110,"watermelon","food",1,"both","rightpredicate1","heavy",0.02,"size"
"1091",110,"box","furniture",1,"both","rightpredicate1","small",0.01,"size"
"1092",110,"watermelon","food",1,"both","rightpredicate1","blue",0.97,"color"
"1093",110,"table","furniture",1,"both","rightpredicate1","purple",0.97,"color"
"1094",110,"tomato","food",1,"both","rightpredicate1","good",0.0600000000000001,"quality"
"1095",110,"tomato","food",1,"both","rightpredicate1","dry",1,"texture"
"1096",110,"chair","furniture",1,"both","rightpredicate1","small",0.97,"size"
"1097",110,"potato","food",1,"both","rightpredicate1","fresh",0.98,"age"
"1098",110,"apple","food",1,"both","rightpredicate1","bad",0.03,"quality"
"1099",110,"potato","food",1,"both","rightpredicate1","yellow",1,"color"
"1100",110,"box","furniture",1,"both","rightpredicate1","bad",0.03,"quality"
"1101",110,"watermelon","food",1,"both","rightpredicate1","square",0.98,"shape"
"1102",110,"chair","furniture",1,"both","rightpredicate1","green",1,"color"
"1103",110,"chair","furniture",1,"both","rightpredicate1","plastic",0.03,"material"
"1104",110,"tomato","food",1,"both","rightpredicate1","heavy",0.03,"size"
"1105",110,"table","furniture",1,"both","rightpredicate1","new",0.99,"age"
"1106",111,"box","furniture",1,"both","rightpredicate1","rotten",0.96,"age"
"1107",111,"watermelon","food",1,"both","rightpredicate1","rotten",0.98,"age"
"1108",111,"chair","furniture",1,"both","rightpredicate1","small",1,"size"
"1109",111,"table","furniture",1,"both","rightpredicate1","big",0.02,"size"
"1110",111,"potato","food",1,"both","rightpredicate1","square",0.01,"shape"
"1111",111,"tomato","food",1,"both","rightpredicate1","purple",0.99,"color"
"1112",111,"watermelon","food",1,"both","rightpredicate1","good",0.51,"quality"
"1113",111,"bed","furniture",1,"both","rightpredicate1","round",0.5,"shape"
"1114",111,"potato","food",1,"both","rightpredicate1","green",0.49,"color"
"1115",111,"couch","furniture",1,"both","rightpredicate1","metal",0.27,"material"
"1116",111,"potato","food",1,"both","rightpredicate1","long",0.54,"size"
"1117",111,"watermelon","food",1,"both","rightpredicate1","long",0.5,"size"
"1118",111,"table","furniture",1,"both","rightpredicate1","bad",0.52,"quality"
"1119",111,"apple","food",1,"both","rightpredicate1","brown",0.73,"color"
"1120",111,"apple","food",1,"both","rightpredicate1","purple",0.82,"color"
"1121",111,"bed","furniture",1,"both","rightpredicate1","small",0.21,"size"
"1122",111,"apple","food",1,"both","rightpredicate1","long",0.52,"size"
"1123",111,"watermelon","food",1,"both","rightpredicate1","big",0.49,"size"
"1124",111,"watermelon","food",1,"both","rightpredicate1","wooden",0.5,"material"
"1125",111,"potato","food",1,"both","rightpredicate1","dry",0.54,"texture"
"1126",111,"table","furniture",1,"both","rightpredicate1","round",0.54,"shape"
"1127",111,"chair","furniture",1,"both","rightpredicate1","big",0.51,"size"
"1128",111,"couch","furniture",1,"both","rightpredicate1","big",0.51,"size"
"1129",117,"apple","food",1,"both","rightpredicate1","soft",0.8,"texture"
"1130",117,"chair","furniture",1,"both","rightpredicate1","metal",0.1,"material"
"1131",117,"box","furniture",1,"both","rightpredicate1","rotten",0.97,"age"
"1132",117,"chair","furniture",1,"both","rightpredicate1","hard",0.1,"texture"
"1133",117,"couch","furniture",1,"both","rightpredicate1","red",0.09,"color"
"1134",117,"table","furniture",1,"both","rightpredicate1","red",1,"color"
"1135",117,"cheese","food",1,"both","rightpredicate1","heavy",0,"size"
"1136",117,"box","furniture",1,"both","rightpredicate1","heavy",0,"size"
"1137",117,"bed","furniture",1,"both","rightpredicate1","yellow",0.98,"color"
"1138",117,"bed","furniture",1,"both","rightpredicate1","dry",1,"texture"
"1139",117,"box","furniture",1,"both","rightpredicate1","yellow",0.09,"color"
"1140",117,"box","furniture",1,"both","rightpredicate1","light",0.12,"size"
"1141",117,"cheese","food",1,"both","rightpredicate1","hard",0.09,"texture"
"1142",117,"box","furniture",1,"both","rightpredicate1","heavy",0.95,"size"
"1143",118,"potato","food",1,"both","rightpredicate1","long",0.17,"size"
"1144",118,"watermelon","food",1,"both","rightpredicate1","blue",0.95,"color"
"1145",118,"box","furniture",1,"both","rightpredicate1","wooden",0.08,"material"
"1146",118,"table","furniture",1,"both","rightpredicate1","soft",0.95,"texture"
"1147",118,"apple","food",1,"both","rightpredicate1","new",0.97,"age"
"1148",118,"chair","furniture",1,"both","rightpredicate1","dry",0.04,"texture"
"1149",118,"box","furniture",1,"both","rightpredicate1","fresh",0.95,"age"
"1150",118,"tomato","food",1,"both","rightpredicate1","blue",0.0600000000000001,"color"
"1151",118,"couch","furniture",1,"both","rightpredicate1","heavy",0.95,"size"
"1152",118,"table","furniture",1,"both","rightpredicate1","dry",0.03,"texture"
"1153",118,"chair","furniture",1,"both","rightpredicate1","hard",0.05,"texture"
"1154",118,"box","furniture",1,"both","rightpredicate1","yellow",0.05,"color"
"1155",118,"cheese","food",1,"both","rightpredicate1","dry",0.07,"texture"
"1156",118,"cheese","food",1,"both","rightpredicate1","purple",0.05,"color"
"1157",118,"tomato","food",1,"both","rightpredicate1","metal",0.01,"material"
"1158",118,"cheese","food",1,"both","rightpredicate1","green",0.08,"color"
"1159",118,"couch","furniture",1,"both","rightpredicate1","blue",0.01,"color"
"1160",118,"chair","furniture",1,"both","rightpredicate1","plastic",0.04,"material"
"1161",118,"box","furniture",1,"both","rightpredicate1","yellow",0.1,"color"
"1162",118,"cheese","food",1,"both","rightpredicate1","small",0.07,"size"
"1163",118,"potato","food",1,"both","rightpredicate1","brown",0.93,"color"
"1164",118,"chair","furniture",1,"both","rightpredicate1","wooden",0.07,"material"
"1165",118,"chair","furniture",1,"both","rightpredicate1","good",0.05,"quality"
"1166",119,"couch","furniture",1,"both","rightpredicate1","brown",0,"color"
"1167",119,"box","furniture",1,"both","rightpredicate1","heavy",1,"size"
"1168",119,"table","furniture",1,"both","rightpredicate1","big",1,"size"
"1169",119,"tomato","food",1,"both","rightpredicate1","soft",1,"texture"
"1170",119,"bed","furniture",1,"both","rightpredicate1","small",1,"size"
"1171",119,"chair","furniture",1,"both","rightpredicate1","square",0,"shape"
"1172",119,"couch","furniture",1,"both","rightpredicate1","red",0,"color"
"1173",119,"chair","furniture",1,"both","rightpredicate1","wooden",1,"material"
"1174",119,"couch","furniture",1,"both","rightpredicate1","heavy",1,"size"
"1175",119,"tomato","food",1,"both","rightpredicate1","fresh",1,"age"
"1176",119,"cheese","food",1,"both","rightpredicate1","fresh",0,"age"
"1177",119,"couch","furniture",1,"both","rightpredicate1","purple",0,"color"
"1178",119,"tomato","food",1,"both","rightpredicate1","green",1,"color"
"1179",119,"potato","food",1,"both","rightpredicate1","rotten",1,"age"
"1180",119,"watermelon","food",1,"both","rightpredicate1","small",1,"size"
"1181",119,"chair","furniture",1,"both","rightpredicate1","long",0,"size"
"1182",119,"apple","food",1,"both","rightpredicate1","dry",0,"texture"
"1183",122,"apple","food",1,"both","rightpredicate1","soft",0.1,"texture"
"1184",122,"potato","food",1,"both","rightpredicate1","hard",0.94,"texture"
"1185",122,"table","furniture",1,"both","rightpredicate1","yellow",0.9,"color"
"1186",122,"apple","food",1,"both","rightpredicate1","new",0.9,"age"
"1187",122,"table","furniture",1,"both","rightpredicate1","bad",0.63,"quality"
"1188",122,"chair","furniture",1,"both","rightpredicate1","heavy",0,"size"
"1189",122,"bed","furniture",1,"both","rightpredicate1","small",1,"size"
"1190",122,"cheese","food",1,"both","rightpredicate1","hard",0.02,"texture"
"1191",122,"apple","food",1,"both","rightpredicate1","square",1,"shape"
"1192",122,"table","furniture",1,"both","rightpredicate1","round",1,"shape"
"1193",122,"table","furniture",1,"both","rightpredicate1","yellow",1,"color"
"1194",122,"potato","food",1,"both","rightpredicate1","big",1,"size"
"1195",122,"cheese","food",1,"both","rightpredicate1","soft",1,"texture"
"1196",122,"table","furniture",1,"both","rightpredicate1","red",0,"color"
"1197",122,"box","furniture",1,"both","rightpredicate1","new",1,"age"
"1198",122,"box","furniture",1,"both","rightpredicate1","brown",1,"color"
"1199",122,"tomato","food",1,"both","rightpredicate1","big",0.22,"size"
"1200",122,"watermelon","food",1,"both","rightpredicate1","heavy",0.82,"size"
"1201",122,"box","furniture",1,"both","rightpredicate1","yellow",0.14,"color"
"1202",122,"table","furniture",1,"both","rightpredicate1","red",0.09,"color"
"1203",122,"couch","furniture",1,"both","rightpredicate1","light",1,"size"
"1204",122,"chair","furniture",1,"both","rightpredicate1","new",0.9,"age"
"1205",122,"cheese","food",1,"both","rightpredicate1","plastic",0.11,"material"
"1206",122,"apple","food",1,"both","rightpredicate1","bad",0.14,"quality"
"1207",123,"table","furniture",1,"both","rightpredicate1","round",0.22,"shape"
"1208",123,"chair","furniture",1,"both","rightpredicate1","metal",0,"material"
"1209",123,"couch","furniture",1,"both","rightpredicate1","square",0.84,"shape"
"1210",123,"cheese","food",1,"both","rightpredicate1","hard",0.23,"texture"
"1211",123,"watermelon","food",1,"both","rightpredicate1","plastic",0.13,"material"
"1212",123,"tomato","food",1,"both","rightpredicate1","bad",0.83,"quality"
"1213",123,"watermelon","food",1,"both","rightpredicate1","rotten",0.1,"age"
"1214",123,"couch","furniture",1,"both","rightpredicate1","small",0.22,"size"
"1215",123,"chair","furniture",1,"both","rightpredicate1","old",0.91,"age"
"1216",123,"box","furniture",1,"both","rightpredicate1","green",0.83,"color"
