workerid,firstutterance,predicate,noun,response,nounclass,slide_number,class,assess,yearsLived,lived,outsideLanguage,language,enjoyment,gender,age,describe,comments,proficiency,education,homeLanguage,OS,screenH,screenW,Browser,hitid,hittypeid,title,description,keywords,reward,creationtime,assignments,numavailable,numpending,numcomplete,hitstatus,reviewstatus,annotation,assignmentduration,autoapprovaldelay,hitlifetime,viewhit,assignmentid,workerid,assignmentstatus,autoapprovaltime,assignmentaccepttime,assignmentsubmittime,assignmentapprovaltime,assignmentrejecttime,deadline,feedback,reject,Answer.catch_trials,Answer.time_in_minutes
0,是,long,couch,0.96,furniture,3,size,Yes,5plus,before8,chinese,中文,1,Female,51,ChineseChinese,,native,3,chinese,Linux,740,360,Chrome,3XD2A6FGFNP3JN83VBZHOV0OYN89ST,319P43LJ7WVGW7F65Y0MR7ZB7M6Z72,汉语语句,回答关于物体描述的问题,语言 研究 乐趣 认知科学 大学 汉语 chinese,$0.40,Sat May 18 09:21:24 PDT 2019,9,3,0,6,Assignable,NotReviewed,1 cond,1800,60000,Fri May 31 09:18:04 PDT 2019,https://requester.mturk.com/mturk/manageHIT?HITId=3XD2A6FGFNP3JN83VBZHOV0OYN89ST,3DEL4X4EL7HT3P03OZ2MB36W6NDXYP,0,Approved,Sun May 19 02:14:00 PDT 2019,Sat May 18 09:24:51 PDT 2019,Sat May 18 09:34:00 PDT 2019,Sun May 19 02:14:59 PDT 2019,,,,,[],9.08245
0,是,old,watermelon,0.96,food,4,age,Yes,5plus,before8,chinese,中文,1,Female,51,ChineseChinese,,native,3,chinese,Linux,740,360,Chrome,3XD2A6FGFNP3JN83VBZHOV0OYN89ST,319P43LJ7WVGW7F65Y0MR7ZB7M6Z72,汉语语句,回答关于物体描述的问题,语言 研究 乐趣 认知科学 大学 汉语 chinese,$0.40,Sat May 18 09:21:24 PDT 2019,9,3,0,6,Assignable,NotReviewed,1 cond,1800,60000,Fri May 31 09:18:04 PDT 2019,https://requester.mturk.com/mturk/manageHIT?HITId=3XD2A6FGFNP3JN83VBZHOV0OYN89ST,3DEL4X4EL7HT3P03OZ2MB36W6NDXYP,0,Approved,Sun May 19 02:14:00 PDT 2019,Sat May 18 09:24:51 PDT 2019,Sat May 18 09:34:00 PDT 2019,Sun May 19 02:14:59 PDT 2019,,,,,[],9.08245
0,是,heavy,potato,0.97,food,5,size,Yes,5plus,before8,chinese,中文,1,Female,51,ChineseChinese,,native,3,chinese,Linux,740,360,Chrome,3XD2A6FGFNP3JN83VBZHOV0OYN89ST,319P43LJ7WVGW7F65Y0MR7ZB7M6Z72,汉语语句,回答关于物体描述的问题,语言 研究 乐趣 认知科学 大学 汉语 chinese,$0.40,Sat May 18 09:21:24 PDT 2019,9,3,0,6,Assignable,NotReviewed,1 cond,1800,60000,Fri May 31 09:18:04 PDT 2019,https://requester.mturk.com/mturk/manageHIT?HITId=3XD2A6FGFNP3JN83VBZHOV0OYN89ST,3DEL4X4EL7HT3P03OZ2MB36W6NDXYP,0,Approved,Sun May 19 02:14:00 PDT 2019,Sat May 18 09:24:51 PDT 2019,Sat May 18 09:34:00 PDT 2019,Sun May 19 02:14:59 PDT 2019,,,,,[],9.08245
0,是,brown,cheese,0.95,food,6,color,Yes,5plus,before8,chinese,中文,1,Female,51,ChineseChinese,,native,3,chinese,Linux,740,360,Chrome,3XD2A6FGFNP3JN83VBZHOV0OYN89ST,319P43LJ7WVGW7F65Y0MR7ZB7M6Z72,汉语语句,回答关于物体描述的问题,语言 研究 乐趣 认知科学 大学 汉语 chinese,$0.40,Sat May 18 09:21:24 PDT 2019,9,3,0,6,Assignable,NotReviewed,1 cond,1800,60000,Fri May 31 09:18:04 PDT 2019,https://requester.mturk.com/mturk/manageHIT?HITId=3XD2A6FGFNP3JN83VBZHOV0OYN89ST,3DEL4X4EL7HT3P03OZ2MB36W6NDXYP,0,Approved,Sun May 19 02:14:00 PDT 2019,Sat May 18 09:24:51 PDT 2019,Sat May 18 09:34:00 PDT 2019,Sun May 19 02:14:59 PDT 2019,,,,,[],9.08245
0,是,wooden,potato,0.03,food,7,material,Yes,5plus,before8,chinese,中文,1,Female,51,ChineseChinese,,native,3,chinese,Linux,740,360,Chrome,3XD2A6FGFNP3JN83VBZHOV0OYN89ST,319P43LJ7WVGW7F65Y0MR7ZB7M6Z72,汉语语句,回答关于物体描述的问题,语言 研究 乐趣 认知科学 大学 汉语 chinese,$0.40,Sat May 18 09:21:24 PDT 2019,9,3,0,6,Assignable,NotReviewed,1 cond,1800,60000,Fri May 31 09:18:04 PDT 2019,https://requester.mturk.com/mturk/manageHIT?HITId=3XD2A6FGFNP3JN83VBZHOV0OYN89ST,3DEL4X4EL7HT3P03OZ2MB36W6NDXYP,0,Approved,Sun May 19 02:14:00 PDT 2019,Sat May 18 09:24:51 PDT 2019,Sat May 18 09:34:00 PDT 2019,Sun May 19 02:14:59 PDT 2019,,,,,[],9.08245
0,不是,blue,tomato,0.05,food,8,color,Yes,5plus,before8,chinese,中文,1,Female,51,ChineseChinese,,native,3,chinese,Linux,740,360,Chrome,3XD2A6FGFNP3JN83VBZHOV0OYN89ST,319P43LJ7WVGW7F65Y0MR7ZB7M6Z72,汉语语句,回答关于物体描述的问题,语言 研究 乐趣 认知科学 大学 汉语 chinese,$0.40,Sat May 18 09:21:24 PDT 2019,9,3,0,6,Assignable,NotReviewed,1 cond,1800,60000,Fri May 31 09:18:04 PDT 2019,https://requester.mturk.com/mturk/manageHIT?HITId=3XD2A6FGFNP3JN83VBZHOV0OYN89ST,3DEL4X4EL7HT3P03OZ2MB36W6NDXYP,0,Approved,Sun May 19 02:14:00 PDT 2019,Sat May 18 09:24:51 PDT 2019,Sat May 18 09:34:00 PDT 2019,Sun May 19 02:14:59 PDT 2019,,,,,[],9.08245
0,不是,red,box,0.98,furniture,9,color,Yes,5plus,before8,chinese,中文,1,Female,51,ChineseChinese,,native,3,chinese,Linux,740,360,Chrome,3XD2A6FGFNP3JN83VBZHOV0OYN89ST,319P43LJ7WVGW7F65Y0MR7ZB7M6Z72,汉语语句,回答关于物体描述的问题,语言 研究 乐趣 认知科学 大学 汉语 chinese,$0.40,Sat May 18 09:21:24 PDT 2019,9,3,0,6,Assignable,NotReviewed,1 cond,1800,60000,Fri May 31 09:18:04 PDT 2019,https://requester.mturk.com/mturk/manageHIT?HITId=3XD2A6FGFNP3JN83VBZHOV0OYN89ST,3DEL4X4EL7HT3P03OZ2MB36W6NDXYP,0,Approved,Sun May 19 02:14:00 PDT 2019,Sat May 18 09:24:51 PDT 2019,Sat May 18 09:34:00 PDT 2019,Sun May 19 02:14:59 PDT 2019,,,,,[],9.08245
0,是,short,couch,0.97,furniture,10,size,Yes,5plus,before8,chinese,中文,1,Female,51,ChineseChinese,,native,3,chinese,Linux,740,360,Chrome,3XD2A6FGFNP3JN83VBZHOV0OYN89ST,319P43LJ7WVGW7F65Y0MR7ZB7M6Z72,汉语语句,回答关于物体描述的问题,语言 研究 乐趣 认知科学 大学 汉语 chinese,$0.40,Sat May 18 09:21:24 PDT 2019,9,3,0,6,Assignable,NotReviewed,1 cond,1800,60000,Fri May 31 09:18:04 PDT 2019,https://requester.mturk.com/mturk/manageHIT?HITId=3XD2A6FGFNP3JN83VBZHOV0OYN89ST,3DEL4X4EL7HT3P03OZ2MB36W6NDXYP,0,Approved,Sun May 19 02:14:00 PDT 2019,Sat May 18 09:24:51 PDT 2019,Sat May 18 09:34:00 PDT 2019,Sun May 19 02:14:59 PDT 2019,,,,,[],9.08245
0,不是,dry,couch,0.96,furniture,11,texture,Yes,5plus,before8,chinese,中文,1,Female,51,ChineseChinese,,native,3,chinese,Linux,740,360,Chrome,3XD2A6FGFNP3JN83VBZHOV0OYN89ST,319P43LJ7WVGW7F65Y0MR7ZB7M6Z72,汉语语句,回答关于物体描述的问题,语言 研究 乐趣 认知科学 大学 汉语 chinese,$0.40,Sat May 18 09:21:24 PDT 2019,9,3,0,6,Assignable,NotReviewed,1 cond,1800,60000,Fri May 31 09:18:04 PDT 2019,https://requester.mturk.com/mturk/manageHIT?HITId=3XD2A6FGFNP3JN83VBZHOV0OYN89ST,3DEL4X4EL7HT3P03OZ2MB36W6NDXYP,0,Approved,Sun May 19 02:14:00 PDT 2019,Sat May 18 09:24:51 PDT 2019,Sat May 18 09:34:00 PDT 2019,Sun May 19 02:14:59 PDT 2019,,,,,[],9.08245
0,不是,yellow,potato,0.02,food,12,color,Yes,5plus,before8,chinese,中文,1,Female,51,ChineseChinese,,native,3,chinese,Linux,740,360,Chrome,3XD2A6FGFNP3JN83VBZHOV0OYN89ST,319P43LJ7WVGW7F65Y0MR7ZB7M6Z72,汉语语句,回答关于物体描述的问题,语言 研究 乐趣 认知科学 大学 汉语 chinese,$0.40,Sat May 18 09:21:24 PDT 2019,9,3,0,6,Assignable,NotReviewed,1 cond,1800,60000,Fri May 31 09:18:04 PDT 2019,https://requester.mturk.com/mturk/manageHIT?HITId=3XD2A6FGFNP3JN83VBZHOV0OYN89ST,3DEL4X4EL7HT3P03OZ2MB36W6NDXYP,0,Approved,Sun May 19 02:14:00 PDT 2019,Sat May 18 09:24:51 PDT 2019,Sat May 18 09:34:00 PDT 2019,Sun May 19 02:14:59 PDT 2019,,,,,[],9.08245
0,是,small,bed,0.99,furniture,13,size,Yes,5plus,before8,chinese,中文,1,Female,51,ChineseChinese,,native,3,chinese,Linux,740,360,Chrome,3XD2A6FGFNP3JN83VBZHOV0OYN89ST,319P43LJ7WVGW7F65Y0MR7ZB7M6Z72,汉语语句,回答关于物体描述的问题,语言 研究 乐趣 认知科学 大学 汉语 chinese,$0.40,Sat May 18 09:21:24 PDT 2019,9,3,0,6,Assignable,NotReviewed,1 cond,1800,60000,Fri May 31 09:18:04 PDT 2019,https://requester.mturk.com/mturk/manageHIT?HITId=3XD2A6FGFNP3JN83VBZHOV0OYN89ST,3DEL4X4EL7HT3P03OZ2MB36W6NDXYP,0,Approved,Sun May 19 02:14:00 PDT 2019,Sat May 18 09:24:51 PDT 2019,Sat May 18 09:34:00 PDT 2019,Sun May 19 02:14:59 PDT 2019,,,,,[],9.08245
0,不是,big,potato,0.96,food,14,size,Yes,5plus,before8,chinese,中文,1,Female,51,ChineseChinese,,native,3,chinese,Linux,740,360,Chrome,3XD2A6FGFNP3JN83VBZHOV0OYN89ST,319P43LJ7WVGW7F65Y0MR7ZB7M6Z72,汉语语句,回答关于物体描述的问题,语言 研究 乐趣 认知科学 大学 汉语 chinese,$0.40,Sat May 18 09:21:24 PDT 2019,9,3,0,6,Assignable,NotReviewed,1 cond,1800,60000,Fri May 31 09:18:04 PDT 2019,https://requester.mturk.com/mturk/manageHIT?HITId=3XD2A6FGFNP3JN83VBZHOV0OYN89ST,3DEL4X4EL7HT3P03OZ2MB36W6NDXYP,0,Approved,Sun May 19 02:14:00 PDT 2019,Sat May 18 09:24:51 PDT 2019,Sat May 18 09:34:00 PDT 2019,Sun May 19 02:14:59 PDT 2019,,,,,[],9.08245
0,不是,plastic,chair,1,furniture,15,material,Yes,5plus,before8,chinese,中文,1,Female,51,ChineseChinese,,native,3,chinese,Linux,740,360,Chrome,3XD2A6FGFNP3JN83VBZHOV0OYN89ST,319P43LJ7WVGW7F65Y0MR7ZB7M6Z72,汉语语句,回答关于物体描述的问题,语言 研究 乐趣 认知科学 大学 汉语 chinese,$0.40,Sat May 18 09:21:24 PDT 2019,9,3,0,6,Assignable,NotReviewed,1 cond,1800,60000,Fri May 31 09:18:04 PDT 2019,https://requester.mturk.com/mturk/manageHIT?HITId=3XD2A6FGFNP3JN83VBZHOV0OYN89ST,3DEL4X4EL7HT3P03OZ2MB36W6NDXYP,0,Approved,Sun May 19 02:14:00 PDT 2019,Sat May 18 09:24:51 PDT 2019,Sat May 18 09:34:00 PDT 2019,Sun May 19 02:14:59 PDT 2019,,,,,[],9.08245
0,是,green,cheese,0.04,food,16,color,Yes,5plus,before8,chinese,中文,1,Female,51,ChineseChinese,,native,3,chinese,Linux,740,360,Chrome,3XD2A6FGFNP3JN83VBZHOV0OYN89ST,319P43LJ7WVGW7F65Y0MR7ZB7M6Z72,汉语语句,回答关于物体描述的问题,语言 研究 乐趣 认知科学 大学 汉语 chinese,$0.40,Sat May 18 09:21:24 PDT 2019,9,3,0,6,Assignable,NotReviewed,1 cond,1800,60000,Fri May 31 09:18:04 PDT 2019,https://requester.mturk.com/mturk/manageHIT?HITId=3XD2A6FGFNP3JN83VBZHOV0OYN89ST,3DEL4X4EL7HT3P03OZ2MB36W6NDXYP,0,Approved,Sun May 19 02:14:00 PDT 2019,Sat May 18 09:24:51 PDT 2019,Sat May 18 09:34:00 PDT 2019,Sun May 19 02:14:59 PDT 2019,,,,,[],9.08245
0,不是,purple,watermelon,0.04,food,17,color,Yes,5plus,before8,chinese,中文,1,Female,51,ChineseChinese,,native,3,chinese,Linux,740,360,Chrome,3XD2A6FGFNP3JN83VBZHOV0OYN89ST,319P43LJ7WVGW7F65Y0MR7ZB7M6Z72,汉语语句,回答关于物体描述的问题,语言 研究 乐趣 认知科学 大学 汉语 chinese,$0.40,Sat May 18 09:21:24 PDT 2019,9,3,0,6,Assignable,NotReviewed,1 cond,1800,60000,Fri May 31 09:18:04 PDT 2019,https://requester.mturk.com/mturk/manageHIT?HITId=3XD2A6FGFNP3JN83VBZHOV0OYN89ST,3DEL4X4EL7HT3P03OZ2MB36W6NDXYP,0,Approved,Sun May 19 02:14:00 PDT 2019,Sat May 18 09:24:51 PDT 2019,Sat May 18 09:34:00 PDT 2019,Sun May 19 02:14:59 PDT 2019,,,,,[],9.08245
0,不是,square,apple,0.01,food,18,shape,Yes,5plus,before8,chinese,中文,1,Female,51,ChineseChinese,,native,3,chinese,Linux,740,360,Chrome,3XD2A6FGFNP3JN83VBZHOV0OYN89ST,319P43LJ7WVGW7F65Y0MR7ZB7M6Z72,汉语语句,回答关于物体描述的问题,语言 研究 乐趣 认知科学 大学 汉语 chinese,$0.40,Sat May 18 09:21:24 PDT 2019,9,3,0,6,Assignable,NotReviewed,1 cond,1800,60000,Fri May 31 09:18:04 PDT 2019,https://requester.mturk.com/mturk/manageHIT?HITId=3XD2A6FGFNP3JN83VBZHOV0OYN89ST,3DEL4X4EL7HT3P03OZ2MB36W6NDXYP,0,Approved,Sun May 19 02:14:00 PDT 2019,Sat May 18 09:24:51 PDT 2019,Sat May 18 09:34:00 PDT 2019,Sun May 19 02:14:59 PDT 2019,,,,,[],9.08245
0,不是,fresh,table,0.06,furniture,19,age,Yes,5plus,before8,chinese,中文,1,Female,51,ChineseChinese,,native,3,chinese,Linux,740,360,Chrome,3XD2A6FGFNP3JN83VBZHOV0OYN89ST,319P43LJ7WVGW7F65Y0MR7ZB7M6Z72,汉语语句,回答关于物体描述的问题,语言 研究 乐趣 认知科学 大学 汉语 chinese,$0.40,Sat May 18 09:21:24 PDT 2019,9,3,0,6,Assignable,NotReviewed,1 cond,1800,60000,Fri May 31 09:18:04 PDT 2019,https://requester.mturk.com/mturk/manageHIT?HITId=3XD2A6FGFNP3JN83VBZHOV0OYN89ST,3DEL4X4EL7HT3P03OZ2MB36W6NDXYP,0,Approved,Sun May 19 02:14:00 PDT 2019,Sat May 18 09:24:51 PDT 2019,Sat May 18 09:34:00 PDT 2019,Sun May 19 02:14:59 PDT 2019,,,,,[],9.08245
0,是,bad,couch,0.97,furniture,20,quality,Yes,5plus,before8,chinese,中文,1,Female,51,ChineseChinese,,native,3,chinese,Linux,740,360,Chrome,3XD2A6FGFNP3JN83VBZHOV0OYN89ST,319P43LJ7WVGW7F65Y0MR7ZB7M6Z72,汉语语句,回答关于物体描述的问题,语言 研究 乐趣 认知科学 大学 汉语 chinese,$0.40,Sat May 18 09:21:24 PDT 2019,9,3,0,6,Assignable,NotReviewed,1 cond,1800,60000,Fri May 31 09:18:04 PDT 2019,https://requester.mturk.com/mturk/manageHIT?HITId=3XD2A6FGFNP3JN83VBZHOV0OYN89ST,3DEL4X4EL7HT3P03OZ2MB36W6NDXYP,0,Approved,Sun May 19 02:14:00 PDT 2019,Sat May 18 09:24:51 PDT 2019,Sat May 18 09:34:00 PDT 2019,Sun May 19 02:14:59 PDT 2019,,,,,[],9.08245
0,不是,metal,box,0.97,furniture,21,material,Yes,5plus,before8,chinese,中文,1,Female,51,ChineseChinese,,native,3,chinese,Linux,740,360,Chrome,3XD2A6FGFNP3JN83VBZHOV0OYN89ST,319P43LJ7WVGW7F65Y0MR7ZB7M6Z72,汉语语句,回答关于物体描述的问题,语言 研究 乐趣 认知科学 大学 汉语 chinese,$0.40,Sat May 18 09:21:24 PDT 2019,9,3,0,6,Assignable,NotReviewed,1 cond,1800,60000,Fri May 31 09:18:04 PDT 2019,https://requester.mturk.com/mturk/manageHIT?HITId=3XD2A6FGFNP3JN83VBZHOV0OYN89ST,3DEL4X4EL7HT3P03OZ2MB36W6NDXYP,0,Approved,Sun May 19 02:14:00 PDT 2019,Sat May 18 09:24:51 PDT 2019,Sat May 18 09:34:00 PDT 2019,Sun May 19 02:14:59 PDT 2019,,,,,[],9.08245
0,不是,round,tomato,0.98,food,22,shape,Yes,5plus,before8,chinese,中文,1,Female,51,ChineseChinese,,native,3,chinese,Linux,740,360,Chrome,3XD2A6FGFNP3JN83VBZHOV0OYN89ST,319P43LJ7WVGW7F65Y0MR7ZB7M6Z72,汉语语句,回答关于物体描述的问题,语言 研究 乐趣 认知科学 大学 汉语 chinese,$0.40,Sat May 18 09:21:24 PDT 2019,9,3,0,6,Assignable,NotReviewed,1 cond,1800,60000,Fri May 31 09:18:04 PDT 2019,https://requester.mturk.com/mturk/manageHIT?HITId=3XD2A6FGFNP3JN83VBZHOV0OYN89ST,3DEL4X4EL7HT3P03OZ2MB36W6NDXYP,0,Approved,Sun May 19 02:14:00 PDT 2019,Sat May 18 09:24:51 PDT 2019,Sat May 18 09:34:00 PDT 2019,Sun May 19 02:14:59 PDT 2019,,,,,[],9.08245
0,不是,soft,potato,0.98,food,23,texture,Yes,5plus,before8,chinese,中文,1,Female,51,ChineseChinese,,native,3,chinese,Linux,740,360,Chrome,3XD2A6FGFNP3JN83VBZHOV0OYN89ST,319P43LJ7WVGW7F65Y0MR7ZB7M6Z72,汉语语句,回答关于物体描述的问题,语言 研究 乐趣 认知科学 大学 汉语 chinese,$0.40,Sat May 18 09:21:24 PDT 2019,9,3,0,6,Assignable,NotReviewed,1 cond,1800,60000,Fri May 31 09:18:04 PDT 2019,https://requester.mturk.com/mturk/manageHIT?HITId=3XD2A6FGFNP3JN83VBZHOV0OYN89ST,3DEL4X4EL7HT3P03OZ2MB36W6NDXYP,0,Approved,Sun May 19 02:14:00 PDT 2019,Sat May 18 09:24:51 PDT 2019,Sat May 18 09:34:00 PDT 2019,Sun May 19 02:14:59 PDT 2019,,,,,[],9.08245
0,不是,hard,watermelon,0.04,food,24,texture,Yes,5plus,before8,chinese,中文,1,Female,51,ChineseChinese,,native,3,chinese,Linux,740,360,Chrome,3XD2A6FGFNP3JN83VBZHOV0OYN89ST,319P43LJ7WVGW7F65Y0MR7ZB7M6Z72,汉语语句,回答关于物体描述的问题,语言 研究 乐趣 认知科学 大学 汉语 chinese,$0.40,Sat May 18 09:21:24 PDT 2019,9,3,0,6,Assignable,NotReviewed,1 cond,1800,60000,Fri May 31 09:18:04 PDT 2019,https://requester.mturk.com/mturk/manageHIT?HITId=3XD2A6FGFNP3JN83VBZHOV0OYN89ST,3DEL4X4EL7HT3P03OZ2MB36W6NDXYP,0,Approved,Sun May 19 02:14:00 PDT 2019,Sat May 18 09:24:51 PDT 2019,Sat May 18 09:34:00 PDT 2019,Sun May 19 02:14:59 PDT 2019,,,,,[],9.08245
0,不是,good,watermelon,0.99,food,25,quality,Yes,5plus,before8,chinese,中文,1,Female,51,ChineseChinese,,native,3,chinese,Linux,740,360,Chrome,3XD2A6FGFNP3JN83VBZHOV0OYN89ST,319P43LJ7WVGW7F65Y0MR7ZB7M6Z72,汉语语句,回答关于物体描述的问题,语言 研究 乐趣 认知科学 大学 汉语 chinese,$0.40,Sat May 18 09:21:24 PDT 2019,9,3,0,6,Assignable,NotReviewed,1 cond,1800,60000,Fri May 31 09:18:04 PDT 2019,https://requester.mturk.com/mturk/manageHIT?HITId=3XD2A6FGFNP3JN83VBZHOV0OYN89ST,3DEL4X4EL7HT3P03OZ2MB36W6NDXYP,0,Approved,Sun May 19 02:14:00 PDT 2019,Sat May 18 09:24:51 PDT 2019,Sat May 18 09:34:00 PDT 2019,Sun May 19 02:14:59 PDT 2019,,,,,[],9.08245
0,是,new,cheese,0.96,food,26,age,Yes,5plus,before8,chinese,中文,1,Female,51,ChineseChinese,,native,3,chinese,Linux,740,360,Chrome,3XD2A6FGFNP3JN83VBZHOV0OYN89ST,319P43LJ7WVGW7F65Y0MR7ZB7M6Z72,汉语语句,回答关于物体描述的问题,语言 研究 乐趣 认知科学 大学 汉语 chinese,$0.40,Sat May 18 09:21:24 PDT 2019,9,3,0,6,Assignable,NotReviewed,1 cond,1800,60000,Fri May 31 09:18:04 PDT 2019,https://requester.mturk.com/mturk/manageHIT?HITId=3XD2A6FGFNP3JN83VBZHOV0OYN89ST,3DEL4X4EL7HT3P03OZ2MB36W6NDXYP,0,Approved,Sun May 19 02:14:00 PDT 2019,Sat May 18 09:24:51 PDT 2019,Sat May 18 09:34:00 PDT 2019,Sun May 19 02:14:59 PDT 2019,,,,,[],9.08245
0,是,light,potato,0.97,food,27,size,Yes,5plus,before8,chinese,中文,1,Female,51,ChineseChinese,,native,3,chinese,Linux,740,360,Chrome,3XD2A6FGFNP3JN83VBZHOV0OYN89ST,319P43LJ7WVGW7F65Y0MR7ZB7M6Z72,汉语语句,回答关于物体描述的问题,语言 研究 乐趣 认知科学 大学 汉语 chinese,$0.40,Sat May 18 09:21:24 PDT 2019,9,3,0,6,Assignable,NotReviewed,1 cond,1800,60000,Fri May 31 09:18:04 PDT 2019,https://requester.mturk.com/mturk/manageHIT?HITId=3XD2A6FGFNP3JN83VBZHOV0OYN89ST,3DEL4X4EL7HT3P03OZ2MB36W6NDXYP,0,Approved,Sun May 19 02:14:00 PDT 2019,Sat May 18 09:24:51 PDT 2019,Sat May 18 09:34:00 PDT 2019,Sun May 19 02:14:59 PDT 2019,,,,,[],9.08245
0,是,rotten,cheese,0.98,food,28,age,Yes,5plus,before8,chinese,中文,1,Female,51,ChineseChinese,,native,3,chinese,Linux,740,360,Chrome,3XD2A6FGFNP3JN83VBZHOV0OYN89ST,319P43LJ7WVGW7F65Y0MR7ZB7M6Z72,汉语语句,回答关于物体描述的问题,语言 研究 乐趣 认知科学 大学 汉语 chinese,$0.40,Sat May 18 09:21:24 PDT 2019,9,3,0,6,Assignable,NotReviewed,1 cond,1800,60000,Fri May 31 09:18:04 PDT 2019,https://requester.mturk.com/mturk/manageHIT?HITId=3XD2A6FGFNP3JN83VBZHOV0OYN89ST,3DEL4X4EL7HT3P03OZ2MB36W6NDXYP,0,Approved,Sun May 19 02:14:00 PDT 2019,Sat May 18 09:24:51 PDT 2019,Sat May 18 09:34:00 PDT 2019,Sun May 19 02:14:59 PDT 2019,,,,,[],9.08245
1,是,bad,couch,0.85,furniture,3,quality,Yes,5plus,both8,chinese,中文,2,Female,35,ChineseEnglish,,native,4,chinese,Windows,864,1536,Chrome,3XD2A6FGFNP3JN83VBZHOV0OYN89ST,319P43LJ7WVGW7F65Y0MR7ZB7M6Z72,汉语语句,回答关于物体描述的问题,语言 研究 乐趣 认知科学 大学 汉语 chinese,$0.40,Sat May 18 09:21:24 PDT 2019,9,3,0,6,Assignable,NotReviewed,1 cond,1800,60000,Fri May 31 09:18:04 PDT 2019,https://requester.mturk.com/mturk/manageHIT?HITId=3XD2A6FGFNP3JN83VBZHOV0OYN89ST,3C5W7UE9CGMT98BP5WEBH8JPXD5MXU,1,Approved,Sun May 19 03:01:13 PDT 2019,Sat May 18 10:17:04 PDT 2019,Sat May 18 10:21:13 PDT 2019,Sun May 19 03:01:59 PDT 2019,,,,,[],4.054883333333334
1,是,green,apple,0.1,food,4,color,Yes,5plus,both8,chinese,中文,2,Female,35,ChineseEnglish,,native,4,chinese,Windows,864,1536,Chrome,3XD2A6FGFNP3JN83VBZHOV0OYN89ST,319P43LJ7WVGW7F65Y0MR7ZB7M6Z72,汉语语句,回答关于物体描述的问题,语言 研究 乐趣 认知科学 大学 汉语 chinese,$0.40,Sat May 18 09:21:24 PDT 2019,9,3,0,6,Assignable,NotReviewed,1 cond,1800,60000,Fri May 31 09:18:04 PDT 2019,https://requester.mturk.com/mturk/manageHIT?HITId=3XD2A6FGFNP3JN83VBZHOV0OYN89ST,3C5W7UE9CGMT98BP5WEBH8JPXD5MXU,1,Approved,Sun May 19 03:01:13 PDT 2019,Sat May 18 10:17:04 PDT 2019,Sat May 18 10:21:13 PDT 2019,Sun May 19 03:01:59 PDT 2019,,,,,[],4.054883333333334
1,是,old,potato,0.19,food,5,age,Yes,5plus,both8,chinese,中文,2,Female,35,ChineseEnglish,,native,4,chinese,Windows,864,1536,Chrome,3XD2A6FGFNP3JN83VBZHOV0OYN89ST,319P43LJ7WVGW7F65Y0MR7ZB7M6Z72,汉语语句,回答关于物体描述的问题,语言 研究 乐趣 认知科学 大学 汉语 chinese,$0.40,Sat May 18 09:21:24 PDT 2019,9,3,0,6,Assignable,NotReviewed,1 cond,1800,60000,Fri May 31 09:18:04 PDT 2019,https://requester.mturk.com/mturk/manageHIT?HITId=3XD2A6FGFNP3JN83VBZHOV0OYN89ST,3C5W7UE9CGMT98BP5WEBH8JPXD5MXU,1,Approved,Sun May 19 03:01:13 PDT 2019,Sat May 18 10:17:04 PDT 2019,Sat May 18 10:21:13 PDT 2019,Sun May 19 03:01:59 PDT 2019,,,,,[],4.054883333333334
1,不是,good,tomato,0.83,food,6,quality,Yes,5plus,both8,chinese,中文,2,Female,35,ChineseEnglish,,native,4,chinese,Windows,864,1536,Chrome,3XD2A6FGFNP3JN83VBZHOV0OYN89ST,319P43LJ7WVGW7F65Y0MR7ZB7M6Z72,汉语语句,回答关于物体描述的问题,语言 研究 乐趣 认知科学 大学 汉语 chinese,$0.40,Sat May 18 09:21:24 PDT 2019,9,3,0,6,Assignable,NotReviewed,1 cond,1800,60000,Fri May 31 09:18:04 PDT 2019,https://requester.mturk.com/mturk/manageHIT?HITId=3XD2A6FGFNP3JN83VBZHOV0OYN89ST,3C5W7UE9CGMT98BP5WEBH8JPXD5MXU,1,Approved,Sun May 19 03:01:13 PDT 2019,Sat May 18 10:17:04 PDT 2019,Sat May 18 10:21:13 PDT 2019,Sun May 19 03:01:59 PDT 2019,,,,,[],4.054883333333334
1,不是,light,potato,0.91,food,7,size,Yes,5plus,both8,chinese,中文,2,Female,35,ChineseEnglish,,native,4,chinese,Windows,864,1536,Chrome,3XD2A6FGFNP3JN83VBZHOV0OYN89ST,319P43LJ7WVGW7F65Y0MR7ZB7M6Z72,汉语语句,回答关于物体描述的问题,语言 研究 乐趣 认知科学 大学 汉语 chinese,$0.40,Sat May 18 09:21:24 PDT 2019,9,3,0,6,Assignable,NotReviewed,1 cond,1800,60000,Fri May 31 09:18:04 PDT 2019,https://requester.mturk.com/mturk/manageHIT?HITId=3XD2A6FGFNP3JN83VBZHOV0OYN89ST,3C5W7UE9CGMT98BP5WEBH8JPXD5MXU,1,Approved,Sun May 19 03:01:13 PDT 2019,Sat May 18 10:17:04 PDT 2019,Sat May 18 10:21:13 PDT 2019,Sun May 19 03:01:59 PDT 2019,,,,,[],4.054883333333334
1,不是,fresh,apple,0.74,food,8,age,Yes,5plus,both8,chinese,中文,2,Female,35,ChineseEnglish,,native,4,chinese,Windows,864,1536,Chrome,3XD2A6FGFNP3JN83VBZHOV0OYN89ST,319P43LJ7WVGW7F65Y0MR7ZB7M6Z72,汉语语句,回答关于物体描述的问题,语言 研究 乐趣 认知科学 大学 汉语 chinese,$0.40,Sat May 18 09:21:24 PDT 2019,9,3,0,6,Assignable,NotReviewed,1 cond,1800,60000,Fri May 31 09:18:04 PDT 2019,https://requester.mturk.com/mturk/manageHIT?HITId=3XD2A6FGFNP3JN83VBZHOV0OYN89ST,3C5W7UE9CGMT98BP5WEBH8JPXD5MXU,1,Approved,Sun May 19 03:01:13 PDT 2019,Sat May 18 10:17:04 PDT 2019,Sat May 18 10:21:13 PDT 2019,Sun May 19 03:01:59 PDT 2019,,,,,[],4.054883333333334
1,不是,red,bed,0.08,furniture,9,color,Yes,5plus,both8,chinese,中文,2,Female,35,ChineseEnglish,,native,4,chinese,Windows,864,1536,Chrome,3XD2A6FGFNP3JN83VBZHOV0OYN89ST,319P43LJ7WVGW7F65Y0MR7ZB7M6Z72,汉语语句,回答关于物体描述的问题,语言 研究 乐趣 认知科学 大学 汉语 chinese,$0.40,Sat May 18 09:21:24 PDT 2019,9,3,0,6,Assignable,NotReviewed,1 cond,1800,60000,Fri May 31 09:18:04 PDT 2019,https://requester.mturk.com/mturk/manageHIT?HITId=3XD2A6FGFNP3JN83VBZHOV0OYN89ST,3C5W7UE9CGMT98BP5WEBH8JPXD5MXU,1,Approved,Sun May 19 03:01:13 PDT 2019,Sat May 18 10:17:04 PDT 2019,Sat May 18 10:21:13 PDT 2019,Sun May 19 03:01:59 PDT 2019,,,,,[],4.054883333333334
1,是,yellow,couch,0.09,furniture,10,color,Yes,5plus,both8,chinese,中文,2,Female,35,ChineseEnglish,,native,4,chinese,Windows,864,1536,Chrome,3XD2A6FGFNP3JN83VBZHOV0OYN89ST,319P43LJ7WVGW7F65Y0MR7ZB7M6Z72,汉语语句,回答关于物体描述的问题,语言 研究 乐趣 认知科学 大学 汉语 chinese,$0.40,Sat May 18 09:21:24 PDT 2019,9,3,0,6,Assignable,NotReviewed,1 cond,1800,60000,Fri May 31 09:18:04 PDT 2019,https://requester.mturk.com/mturk/manageHIT?HITId=3XD2A6FGFNP3JN83VBZHOV0OYN89ST,3C5W7UE9CGMT98BP5WEBH8JPXD5MXU,1,Approved,Sun May 19 03:01:13 PDT 2019,Sat May 18 10:17:04 PDT 2019,Sat May 18 10:21:13 PDT 2019,Sun May 19 03:01:59 PDT 2019,,,,,[],4.054883333333334
1,不是,short,couch,0.91,furniture,11,size,Yes,5plus,both8,chinese,中文,2,Female,35,ChineseEnglish,,native,4,chinese,Windows,864,1536,Chrome,3XD2A6FGFNP3JN83VBZHOV0OYN89ST,319P43LJ7WVGW7F65Y0MR7ZB7M6Z72,汉语语句,回答关于物体描述的问题,语言 研究 乐趣 认知科学 大学 汉语 chinese,$0.40,Sat May 18 09:21:24 PDT 2019,9,3,0,6,Assignable,NotReviewed,1 cond,1800,60000,Fri May 31 09:18:04 PDT 2019,https://requester.mturk.com/mturk/manageHIT?HITId=3XD2A6FGFNP3JN83VBZHOV0OYN89ST,3C5W7UE9CGMT98BP5WEBH8JPXD5MXU,1,Approved,Sun May 19 03:01:13 PDT 2019,Sat May 18 10:17:04 PDT 2019,Sat May 18 10:21:13 PDT 2019,Sun May 19 03:01:59 PDT 2019,,,,,[],4.054883333333334
1,是,round,table,0.91,furniture,12,shape,Yes,5plus,both8,chinese,中文,2,Female,35,ChineseEnglish,,native,4,chinese,Windows,864,1536,Chrome,3XD2A6FGFNP3JN83VBZHOV0OYN89ST,319P43LJ7WVGW7F65Y0MR7ZB7M6Z72,汉语语句,回答关于物体描述的问题,语言 研究 乐趣 认知科学 大学 汉语 chinese,$0.40,Sat May 18 09:21:24 PDT 2019,9,3,0,6,Assignable,NotReviewed,1 cond,1800,60000,Fri May 31 09:18:04 PDT 2019,https://requester.mturk.com/mturk/manageHIT?HITId=3XD2A6FGFNP3JN83VBZHOV0OYN89ST,3C5W7UE9CGMT98BP5WEBH8JPXD5MXU,1,Approved,Sun May 19 03:01:13 PDT 2019,Sat May 18 10:17:04 PDT 2019,Sat May 18 10:21:13 PDT 2019,Sun May 19 03:01:59 PDT 2019,,,,,[],4.054883333333334
1,是,blue,table,0.11,furniture,13,color,Yes,5plus,both8,chinese,中文,2,Female,35,ChineseEnglish,,native,4,chinese,Windows,864,1536,Chrome,3XD2A6FGFNP3JN83VBZHOV0OYN89ST,319P43LJ7WVGW7F65Y0MR7ZB7M6Z72,汉语语句,回答关于物体描述的问题,语言 研究 乐趣 认知科学 大学 汉语 chinese,$0.40,Sat May 18 09:21:24 PDT 2019,9,3,0,6,Assignable,NotReviewed,1 cond,1800,60000,Fri May 31 09:18:04 PDT 2019,https://requester.mturk.com/mturk/manageHIT?HITId=3XD2A6FGFNP3JN83VBZHOV0OYN89ST,3C5W7UE9CGMT98BP5WEBH8JPXD5MXU,1,Approved,Sun May 19 03:01:13 PDT 2019,Sat May 18 10:17:04 PDT 2019,Sat May 18 10:21:13 PDT 2019,Sun May 19 03:01:59 PDT 2019,,,,,[],4.054883333333334
1,不是,rotten,chair,0.84,furniture,14,age,Yes,5plus,both8,chinese,中文,2,Female,35,ChineseEnglish,,native,4,chinese,Windows,864,1536,Chrome,3XD2A6FGFNP3JN83VBZHOV0OYN89ST,319P43LJ7WVGW7F65Y0MR7ZB7M6Z72,汉语语句,回答关于物体描述的问题,语言 研究 乐趣 认知科学 大学 汉语 chinese,$0.40,Sat May 18 09:21:24 PDT 2019,9,3,0,6,Assignable,NotReviewed,1 cond,1800,60000,Fri May 31 09:18:04 PDT 2019,https://requester.mturk.com/mturk/manageHIT?HITId=3XD2A6FGFNP3JN83VBZHOV0OYN89ST,3C5W7UE9CGMT98BP5WEBH8JPXD5MXU,1,Approved,Sun May 19 03:01:13 PDT 2019,Sat May 18 10:17:04 PDT 2019,Sat May 18 10:21:13 PDT 2019,Sun May 19 03:01:59 PDT 2019,,,,,[],4.054883333333334
1,不是,plastic,table,0.86,furniture,15,material,Yes,5plus,both8,chinese,中文,2,Female,35,ChineseEnglish,,native,4,chinese,Windows,864,1536,Chrome,3XD2A6FGFNP3JN83VBZHOV0OYN89ST,319P43LJ7WVGW7F65Y0MR7ZB7M6Z72,汉语语句,回答关于物体描述的问题,语言 研究 乐趣 认知科学 大学 汉语 chinese,$0.40,Sat May 18 09:21:24 PDT 2019,9,3,0,6,Assignable,NotReviewed,1 cond,1800,60000,Fri May 31 09:18:04 PDT 2019,https://requester.mturk.com/mturk/manageHIT?HITId=3XD2A6FGFNP3JN83VBZHOV0OYN89ST,3C5W7UE9CGMT98BP5WEBH8JPXD5MXU,1,Approved,Sun May 19 03:01:13 PDT 2019,Sat May 18 10:17:04 PDT 2019,Sat May 18 10:21:13 PDT 2019,Sun May 19 03:01:59 PDT 2019,,,,,[],4.054883333333334
1,不是,metal,box,0.87,furniture,16,material,Yes,5plus,both8,chinese,中文,2,Female,35,ChineseEnglish,,native,4,chinese,Windows,864,1536,Chrome,3XD2A6FGFNP3JN83VBZHOV0OYN89ST,319P43LJ7WVGW7F65Y0MR7ZB7M6Z72,汉语语句,回答关于物体描述的问题,语言 研究 乐趣 认知科学 大学 汉语 chinese,$0.40,Sat May 18 09:21:24 PDT 2019,9,3,0,6,Assignable,NotReviewed,1 cond,1800,60000,Fri May 31 09:18:04 PDT 2019,https://requester.mturk.com/mturk/manageHIT?HITId=3XD2A6FGFNP3JN83VBZHOV0OYN89ST,3C5W7UE9CGMT98BP5WEBH8JPXD5MXU,1,Approved,Sun May 19 03:01:13 PDT 2019,Sat May 18 10:17:04 PDT 2019,Sat May 18 10:21:13 PDT 2019,Sun May 19 03:01:59 PDT 2019,,,,,[],4.054883333333334
1,不是,long,tomato,0.82,food,17,size,Yes,5plus,both8,chinese,中文,2,Female,35,ChineseEnglish,,native,4,chinese,Windows,864,1536,Chrome,3XD2A6FGFNP3JN83VBZHOV0OYN89ST,319P43LJ7WVGW7F65Y0MR7ZB7M6Z72,汉语语句,回答关于物体描述的问题,语言 研究 乐趣 认知科学 大学 汉语 chinese,$0.40,Sat May 18 09:21:24 PDT 2019,9,3,0,6,Assignable,NotReviewed,1 cond,1800,60000,Fri May 31 09:18:04 PDT 2019,https://requester.mturk.com/mturk/manageHIT?HITId=3XD2A6FGFNP3JN83VBZHOV0OYN89ST,3C5W7UE9CGMT98BP5WEBH8JPXD5MXU,1,Approved,Sun May 19 03:01:13 PDT 2019,Sat May 18 10:17:04 PDT 2019,Sat May 18 10:21:13 PDT 2019,Sun May 19 03:01:59 PDT 2019,,,,,[],4.054883333333334
1,不是,soft,potato,0.9,food,18,texture,Yes,5plus,both8,chinese,中文,2,Female,35,ChineseEnglish,,native,4,chinese,Windows,864,1536,Chrome,3XD2A6FGFNP3JN83VBZHOV0OYN89ST,319P43LJ7WVGW7F65Y0MR7ZB7M6Z72,汉语语句,回答关于物体描述的问题,语言 研究 乐趣 认知科学 大学 汉语 chinese,$0.40,Sat May 18 09:21:24 PDT 2019,9,3,0,6,Assignable,NotReviewed,1 cond,1800,60000,Fri May 31 09:18:04 PDT 2019,https://requester.mturk.com/mturk/manageHIT?HITId=3XD2A6FGFNP3JN83VBZHOV0OYN89ST,3C5W7UE9CGMT98BP5WEBH8JPXD5MXU,1,Approved,Sun May 19 03:01:13 PDT 2019,Sat May 18 10:17:04 PDT 2019,Sat May 18 10:21:13 PDT 2019,Sun May 19 03:01:59 PDT 2019,,,,,[],4.054883333333334
1,不是,square,box,0.06,furniture,19,shape,Yes,5plus,both8,chinese,中文,2,Female,35,ChineseEnglish,,native,4,chinese,Windows,864,1536,Chrome,3XD2A6FGFNP3JN83VBZHOV0OYN89ST,319P43LJ7WVGW7F65Y0MR7ZB7M6Z72,汉语语句,回答关于物体描述的问题,语言 研究 乐趣 认知科学 大学 汉语 chinese,$0.40,Sat May 18 09:21:24 PDT 2019,9,3,0,6,Assignable,NotReviewed,1 cond,1800,60000,Fri May 31 09:18:04 PDT 2019,https://requester.mturk.com/mturk/manageHIT?HITId=3XD2A6FGFNP3JN83VBZHOV0OYN89ST,3C5W7UE9CGMT98BP5WEBH8JPXD5MXU,1,Approved,Sun May 19 03:01:13 PDT 2019,Sat May 18 10:17:04 PDT 2019,Sat May 18 10:21:13 PDT 2019,Sun May 19 03:01:59 PDT 2019,,,,,[],4.054883333333334
1,不是,big,couch,0.94,furniture,20,size,Yes,5plus,both8,chinese,中文,2,Female,35,ChineseEnglish,,native,4,chinese,Windows,864,1536,Chrome,3XD2A6FGFNP3JN83VBZHOV0OYN89ST,319P43LJ7WVGW7F65Y0MR7ZB7M6Z72,汉语语句,回答关于物体描述的问题,语言 研究 乐趣 认知科学 大学 汉语 chinese,$0.40,Sat May 18 09:21:24 PDT 2019,9,3,0,6,Assignable,NotReviewed,1 cond,1800,60000,Fri May 31 09:18:04 PDT 2019,https://requester.mturk.com/mturk/manageHIT?HITId=3XD2A6FGFNP3JN83VBZHOV0OYN89ST,3C5W7UE9CGMT98BP5WEBH8JPXD5MXU,1,Approved,Sun May 19 03:01:13 PDT 2019,Sat May 18 10:17:04 PDT 2019,Sat May 18 10:21:13 PDT 2019,Sun May 19 03:01:59 PDT 2019,,,,,[],4.054883333333334
1,不是,wooden,bed,0.87,furniture,21,material,Yes,5plus,both8,chinese,中文,2,Female,35,ChineseEnglish,,native,4,chinese,Windows,864,1536,Chrome,3XD2A6FGFNP3JN83VBZHOV0OYN89ST,319P43LJ7WVGW7F65Y0MR7ZB7M6Z72,汉语语句,回答关于物体描述的问题,语言 研究 乐趣 认知科学 大学 汉语 chinese,$0.40,Sat May 18 09:21:24 PDT 2019,9,3,0,6,Assignable,NotReviewed,1 cond,1800,60000,Fri May 31 09:18:04 PDT 2019,https://requester.mturk.com/mturk/manageHIT?HITId=3XD2A6FGFNP3JN83VBZHOV0OYN89ST,3C5W7UE9CGMT98BP5WEBH8JPXD5MXU,1,Approved,Sun May 19 03:01:13 PDT 2019,Sat May 18 10:17:04 PDT 2019,Sat May 18 10:21:13 PDT 2019,Sun May 19 03:01:59 PDT 2019,,,,,[],4.054883333333334
1,不是,heavy,bed,0.83,furniture,22,size,Yes,5plus,both8,chinese,中文,2,Female,35,ChineseEnglish,,native,4,chinese,Windows,864,1536,Chrome,3XD2A6FGFNP3JN83VBZHOV0OYN89ST,319P43LJ7WVGW7F65Y0MR7ZB7M6Z72,汉语语句,回答关于物体描述的问题,语言 研究 乐趣 认知科学 大学 汉语 chinese,$0.40,Sat May 18 09:21:24 PDT 2019,9,3,0,6,Assignable,NotReviewed,1 cond,1800,60000,Fri May 31 09:18:04 PDT 2019,https://requester.mturk.com/mturk/manageHIT?HITId=3XD2A6FGFNP3JN83VBZHOV0OYN89ST,3C5W7UE9CGMT98BP5WEBH8JPXD5MXU,1,Approved,Sun May 19 03:01:13 PDT 2019,Sat May 18 10:17:04 PDT 2019,Sat May 18 10:21:13 PDT 2019,Sun May 19 03:01:59 PDT 2019,,,,,[],4.054883333333334
1,不是,brown,chair,0.16,furniture,23,color,Yes,5plus,both8,chinese,中文,2,Female,35,ChineseEnglish,,native,4,chinese,Windows,864,1536,Chrome,3XD2A6FGFNP3JN83VBZHOV0OYN89ST,319P43LJ7WVGW7F65Y0MR7ZB7M6Z72,汉语语句,回答关于物体描述的问题,语言 研究 乐趣 认知科学 大学 汉语 chinese,$0.40,Sat May 18 09:21:24 PDT 2019,9,3,0,6,Assignable,NotReviewed,1 cond,1800,60000,Fri May 31 09:18:04 PDT 2019,https://requester.mturk.com/mturk/manageHIT?HITId=3XD2A6FGFNP3JN83VBZHOV0OYN89ST,3C5W7UE9CGMT98BP5WEBH8JPXD5MXU,1,Approved,Sun May 19 03:01:13 PDT 2019,Sat May 18 10:17:04 PDT 2019,Sat May 18 10:21:13 PDT 2019,Sun May 19 03:01:59 PDT 2019,,,,,[],4.054883333333334
1,不是,hard,cheese,0.85,food,24,texture,Yes,5plus,both8,chinese,中文,2,Female,35,ChineseEnglish,,native,4,chinese,Windows,864,1536,Chrome,3XD2A6FGFNP3JN83VBZHOV0OYN89ST,319P43LJ7WVGW7F65Y0MR7ZB7M6Z72,汉语语句,回答关于物体描述的问题,语言 研究 乐趣 认知科学 大学 汉语 chinese,$0.40,Sat May 18 09:21:24 PDT 2019,9,3,0,6,Assignable,NotReviewed,1 cond,1800,60000,Fri May 31 09:18:04 PDT 2019,https://requester.mturk.com/mturk/manageHIT?HITId=3XD2A6FGFNP3JN83VBZHOV0OYN89ST,3C5W7UE9CGMT98BP5WEBH8JPXD5MXU,1,Approved,Sun May 19 03:01:13 PDT 2019,Sat May 18 10:17:04 PDT 2019,Sat May 18 10:21:13 PDT 2019,Sun May 19 03:01:59 PDT 2019,,,,,[],4.054883333333334
1,不是,new,apple,0.14,food,25,age,Yes,5plus,both8,chinese,中文,2,Female,35,ChineseEnglish,,native,4,chinese,Windows,864,1536,Chrome,3XD2A6FGFNP3JN83VBZHOV0OYN89ST,319P43LJ7WVGW7F65Y0MR7ZB7M6Z72,汉语语句,回答关于物体描述的问题,语言 研究 乐趣 认知科学 大学 汉语 chinese,$0.40,Sat May 18 09:21:24 PDT 2019,9,3,0,6,Assignable,NotReviewed,1 cond,1800,60000,Fri May 31 09:18:04 PDT 2019,https://requester.mturk.com/mturk/manageHIT?HITId=3XD2A6FGFNP3JN83VBZHOV0OYN89ST,3C5W7UE9CGMT98BP5WEBH8JPXD5MXU,1,Approved,Sun May 19 03:01:13 PDT 2019,Sat May 18 10:17:04 PDT 2019,Sat May 18 10:21:13 PDT 2019,Sun May 19 03:01:59 PDT 2019,,,,,[],4.054883333333334
1,是,purple,couch,0.14,furniture,26,color,Yes,5plus,both8,chinese,中文,2,Female,35,ChineseEnglish,,native,4,chinese,Windows,864,1536,Chrome,3XD2A6FGFNP3JN83VBZHOV0OYN89ST,319P43LJ7WVGW7F65Y0MR7ZB7M6Z72,汉语语句,回答关于物体描述的问题,语言 研究 乐趣 认知科学 大学 汉语 chinese,$0.40,Sat May 18 09:21:24 PDT 2019,9,3,0,6,Assignable,NotReviewed,1 cond,1800,60000,Fri May 31 09:18:04 PDT 2019,https://requester.mturk.com/mturk/manageHIT?HITId=3XD2A6FGFNP3JN83VBZHOV0OYN89ST,3C5W7UE9CGMT98BP5WEBH8JPXD5MXU,1,Approved,Sun May 19 03:01:13 PDT 2019,Sat May 18 10:17:04 PDT 2019,Sat May 18 10:21:13 PDT 2019,Sun May 19 03:01:59 PDT 2019,,,,,[],4.054883333333334
1,是,small,chair,0.88,furniture,27,size,Yes,5plus,both8,chinese,中文,2,Female,35,ChineseEnglish,,native,4,chinese,Windows,864,1536,Chrome,3XD2A6FGFNP3JN83VBZHOV0OYN89ST,319P43LJ7WVGW7F65Y0MR7ZB7M6Z72,汉语语句,回答关于物体描述的问题,语言 研究 乐趣 认知科学 大学 汉语 chinese,$0.40,Sat May 18 09:21:24 PDT 2019,9,3,0,6,Assignable,NotReviewed,1 cond,1800,60000,Fri May 31 09:18:04 PDT 2019,https://requester.mturk.com/mturk/manageHIT?HITId=3XD2A6FGFNP3JN83VBZHOV0OYN89ST,3C5W7UE9CGMT98BP5WEBH8JPXD5MXU,1,Approved,Sun May 19 03:01:13 PDT 2019,Sat May 18 10:17:04 PDT 2019,Sat May 18 10:21:13 PDT 2019,Sun May 19 03:01:59 PDT 2019,,,,,[],4.054883333333334
1,不是,dry,watermelon,0.94,food,28,texture,Yes,5plus,both8,chinese,中文,2,Female,35,ChineseEnglish,,native,4,chinese,Windows,864,1536,Chrome,3XD2A6FGFNP3JN83VBZHOV0OYN89ST,319P43LJ7WVGW7F65Y0MR7ZB7M6Z72,汉语语句,回答关于物体描述的问题,语言 研究 乐趣 认知科学 大学 汉语 chinese,$0.40,Sat May 18 09:21:24 PDT 2019,9,3,0,6,Assignable,NotReviewed,1 cond,1800,60000,Fri May 31 09:18:04 PDT 2019,https://requester.mturk.com/mturk/manageHIT?HITId=3XD2A6FGFNP3JN83VBZHOV0OYN89ST,3C5W7UE9CGMT98BP5WEBH8JPXD5MXU,1,Approved,Sun May 19 03:01:13 PDT 2019,Sat May 18 10:17:04 PDT 2019,Sat May 18 10:21:13 PDT 2019,Sun May 19 03:01:59 PDT 2019,,,,,[],4.054883333333334
2,是,hard,tomato,0,food,3,texture,Yes,5plus,both8,english,chinese,2,Female,43,ChineseEnglish,,native,-1,english,Mac,900,1440,Chrome,3XD2A6FGFNP3JN83VBZHOV0OYN89ST,319P43LJ7WVGW7F65Y0MR7ZB7M6Z72,汉语语句,回答关于物体描述的问题,语言 研究 乐趣 认知科学 大学 汉语 chinese,$0.40,Sat May 18 09:21:24 PDT 2019,9,3,0,6,Assignable,NotReviewed,1 cond,1800,60000,Fri May 31 09:18:04 PDT 2019,https://requester.mturk.com/mturk/manageHIT?HITId=3XD2A6FGFNP3JN83VBZHOV0OYN89ST,3QXNC7EIPJR65YMKDBLZ38QUN7I09J,2,Approved,Sun May 19 04:14:51 PDT 2019,Sat May 18 11:29:31 PDT 2019,Sat May 18 11:34:51 PDT 2019,Sun May 19 04:14:59 PDT 2019,,,,,[],5.25715
2,是,rotten,couch,0.99,furniture,4,age,Yes,5plus,both8,english,chinese,2,Female,43,ChineseEnglish,,native,-1,english,Mac,900,1440,Chrome,3XD2A6FGFNP3JN83VBZHOV0OYN89ST,319P43LJ7WVGW7F65Y0MR7ZB7M6Z72,汉语语句,回答关于物体描述的问题,语言 研究 乐趣 认知科学 大学 汉语 chinese,$0.40,Sat May 18 09:21:24 PDT 2019,9,3,0,6,Assignable,NotReviewed,1 cond,1800,60000,Fri May 31 09:18:04 PDT 2019,https://requester.mturk.com/mturk/manageHIT?HITId=3XD2A6FGFNP3JN83VBZHOV0OYN89ST,3QXNC7EIPJR65YMKDBLZ38QUN7I09J,2,Approved,Sun May 19 04:14:51 PDT 2019,Sat May 18 11:29:31 PDT 2019,Sat May 18 11:34:51 PDT 2019,Sun May 19 04:14:59 PDT 2019,,,,,[],5.25715
2,是,green,couch,0.98,furniture,5,color,Yes,5plus,both8,english,chinese,2,Female,43,ChineseEnglish,,native,-1,english,Mac,900,1440,Chrome,3XD2A6FGFNP3JN83VBZHOV0OYN89ST,319P43LJ7WVGW7F65Y0MR7ZB7M6Z72,汉语语句,回答关于物体描述的问题,语言 研究 乐趣 认知科学 大学 汉语 chinese,$0.40,Sat May 18 09:21:24 PDT 2019,9,3,0,6,Assignable,NotReviewed,1 cond,1800,60000,Fri May 31 09:18:04 PDT 2019,https://requester.mturk.com/mturk/manageHIT?HITId=3XD2A6FGFNP3JN83VBZHOV0OYN89ST,3QXNC7EIPJR65YMKDBLZ38QUN7I09J,2,Approved,Sun May 19 04:14:51 PDT 2019,Sat May 18 11:29:31 PDT 2019,Sat May 18 11:34:51 PDT 2019,Sun May 19 04:14:59 PDT 2019,,,,,[],5.25715
2,是,small,cheese,1,food,6,size,Yes,5plus,both8,english,chinese,2,Female,43,ChineseEnglish,,native,-1,english,Mac,900,1440,Chrome,3XD2A6FGFNP3JN83VBZHOV0OYN89ST,319P43LJ7WVGW7F65Y0MR7ZB7M6Z72,汉语语句,回答关于物体描述的问题,语言 研究 乐趣 认知科学 大学 汉语 chinese,$0.40,Sat May 18 09:21:24 PDT 2019,9,3,0,6,Assignable,NotReviewed,1 cond,1800,60000,Fri May 31 09:18:04 PDT 2019,https://requester.mturk.com/mturk/manageHIT?HITId=3XD2A6FGFNP3JN83VBZHOV0OYN89ST,3QXNC7EIPJR65YMKDBLZ38QUN7I09J,2,Approved,Sun May 19 04:14:51 PDT 2019,Sat May 18 11:29:31 PDT 2019,Sat May 18 11:34:51 PDT 2019,Sun May 19 04:14:59 PDT 2019,,,,,[],5.25715
2,不是,brown,apple,0.98,food,7,color,Yes,5plus,both8,english,chinese,2,Female,43,ChineseEnglish,,native,-1,english,Mac,900,1440,Chrome,3XD2A6FGFNP3JN83VBZHOV0OYN89ST,319P43LJ7WVGW7F65Y0MR7ZB7M6Z72,汉语语句,回答关于物体描述的问题,语言 研究 乐趣 认知科学 大学 汉语 chinese,$0.40,Sat May 18 09:21:24 PDT 2019,9,3,0,6,Assignable,NotReviewed,1 cond,1800,60000,Fri May 31 09:18:04 PDT 2019,https://requester.mturk.com/mturk/manageHIT?HITId=3XD2A6FGFNP3JN83VBZHOV0OYN89ST,3QXNC7EIPJR65YMKDBLZ38QUN7I09J,2,Approved,Sun May 19 04:14:51 PDT 2019,Sat May 18 11:29:31 PDT 2019,Sat May 18 11:34:51 PDT 2019,Sun May 19 04:14:59 PDT 2019,,,,,[],5.25715
2,不是,metal,bed,0.02,furniture,8,material,Yes,5plus,both8,english,chinese,2,Female,43,ChineseEnglish,,native,-1,english,Mac,900,1440,Chrome,3XD2A6FGFNP3JN83VBZHOV0OYN89ST,319P43LJ7WVGW7F65Y0MR7ZB7M6Z72,汉语语句,回答关于物体描述的问题,语言 研究 乐趣 认知科学 大学 汉语 chinese,$0.40,Sat May 18 09:21:24 PDT 2019,9,3,0,6,Assignable,NotReviewed,1 cond,1800,60000,Fri May 31 09:18:04 PDT 2019,https://requester.mturk.com/mturk/manageHIT?HITId=3XD2A6FGFNP3JN83VBZHOV0OYN89ST,3QXNC7EIPJR65YMKDBLZ38QUN7I09J,2,Approved,Sun May 19 04:14:51 PDT 2019,Sat May 18 11:29:31 PDT 2019,Sat May 18 11:34:51 PDT 2019,Sun May 19 04:14:59 PDT 2019,,,,,[],5.25715
2,是,old,table,0.44,furniture,9,age,Yes,5plus,both8,english,chinese,2,Female,43,ChineseEnglish,,native,-1,english,Mac,900,1440,Chrome,3XD2A6FGFNP3JN83VBZHOV0OYN89ST,319P43LJ7WVGW7F65Y0MR7ZB7M6Z72,汉语语句,回答关于物体描述的问题,语言 研究 乐趣 认知科学 大学 汉语 chinese,$0.40,Sat May 18 09:21:24 PDT 2019,9,3,0,6,Assignable,NotReviewed,1 cond,1800,60000,Fri May 31 09:18:04 PDT 2019,https://requester.mturk.com/mturk/manageHIT?HITId=3XD2A6FGFNP3JN83VBZHOV0OYN89ST,3QXNC7EIPJR65YMKDBLZ38QUN7I09J,2,Approved,Sun May 19 04:14:51 PDT 2019,Sat May 18 11:29:31 PDT 2019,Sat May 18 11:34:51 PDT 2019,Sun May 19 04:14:59 PDT 2019,,,,,[],5.25715
2,是,wooden,apple,0.01,food,10,material,Yes,5plus,both8,english,chinese,2,Female,43,ChineseEnglish,,native,-1,english,Mac,900,1440,Chrome,3XD2A6FGFNP3JN83VBZHOV0OYN89ST,319P43LJ7WVGW7F65Y0MR7ZB7M6Z72,汉语语句,回答关于物体描述的问题,语言 研究 乐趣 认知科学 大学 汉语 chinese,$0.40,Sat May 18 09:21:24 PDT 2019,9,3,0,6,Assignable,NotReviewed,1 cond,1800,60000,Fri May 31 09:18:04 PDT 2019,https://requester.mturk.com/mturk/manageHIT?HITId=3XD2A6FGFNP3JN83VBZHOV0OYN89ST,3QXNC7EIPJR65YMKDBLZ38QUN7I09J,2,Approved,Sun May 19 04:14:51 PDT 2019,Sat May 18 11:29:31 PDT 2019,Sat May 18 11:34:51 PDT 2019,Sun May 19 04:14:59 PDT 2019,,,,,[],5.25715
2,是,long,couch,0.58,furniture,11,size,Yes,5plus,both8,english,chinese,2,Female,43,ChineseEnglish,,native,-1,english,Mac,900,1440,Chrome,3XD2A6FGFNP3JN83VBZHOV0OYN89ST,319P43LJ7WVGW7F65Y0MR7ZB7M6Z72,汉语语句,回答关于物体描述的问题,语言 研究 乐趣 认知科学 大学 汉语 chinese,$0.40,Sat May 18 09:21:24 PDT 2019,9,3,0,6,Assignable,NotReviewed,1 cond,1800,60000,Fri May 31 09:18:04 PDT 2019,https://requester.mturk.com/mturk/manageHIT?HITId=3XD2A6FGFNP3JN83VBZHOV0OYN89ST,3QXNC7EIPJR65YMKDBLZ38QUN7I09J,2,Approved,Sun May 19 04:14:51 PDT 2019,Sat May 18 11:29:31 PDT 2019,Sat May 18 11:34:51 PDT 2019,Sun May 19 04:14:59 PDT 2019,,,,,[],5.25715
2,不是,plastic,couch,0,furniture,12,material,Yes,5plus,both8,english,chinese,2,Female,43,ChineseEnglish,,native,-1,english,Mac,900,1440,Chrome,3XD2A6FGFNP3JN83VBZHOV0OYN89ST,319P43LJ7WVGW7F65Y0MR7ZB7M6Z72,汉语语句,回答关于物体描述的问题,语言 研究 乐趣 认知科学 大学 汉语 chinese,$0.40,Sat May 18 09:21:24 PDT 2019,9,3,0,6,Assignable,NotReviewed,1 cond,1800,60000,Fri May 31 09:18:04 PDT 2019,https://requester.mturk.com/mturk/manageHIT?HITId=3XD2A6FGFNP3JN83VBZHOV0OYN89ST,3QXNC7EIPJR65YMKDBLZ38QUN7I09J,2,Approved,Sun May 19 04:14:51 PDT 2019,Sat May 18 11:29:31 PDT 2019,Sat May 18 11:34:51 PDT 2019,Sun May 19 04:14:59 PDT 2019,,,,,[],5.25715
2,不是,good,potato,0.98,food,13,quality,Yes,5plus,both8,english,chinese,2,Female,43,ChineseEnglish,,native,-1,english,Mac,900,1440,Chrome,3XD2A6FGFNP3JN83VBZHOV0OYN89ST,319P43LJ7WVGW7F65Y0MR7ZB7M6Z72,汉语语句,回答关于物体描述的问题,语言 研究 乐趣 认知科学 大学 汉语 chinese,$0.40,Sat May 18 09:21:24 PDT 2019,9,3,0,6,Assignable,NotReviewed,1 cond,1800,60000,Fri May 31 09:18:04 PDT 2019,https://requester.mturk.com/mturk/manageHIT?HITId=3XD2A6FGFNP3JN83VBZHOV0OYN89ST,3QXNC7EIPJR65YMKDBLZ38QUN7I09J,2,Approved,Sun May 19 04:14:51 PDT 2019,Sat May 18 11:29:31 PDT 2019,Sat May 18 11:34:51 PDT 2019,Sun May 19 04:14:59 PDT 2019,,,,,[],5.25715
2,不是,blue,tomato,0.01,food,14,color,Yes,5plus,both8,english,chinese,2,Female,43,ChineseEnglish,,native,-1,english,Mac,900,1440,Chrome,3XD2A6FGFNP3JN83VBZHOV0OYN89ST,319P43LJ7WVGW7F65Y0MR7ZB7M6Z72,汉语语句,回答关于物体描述的问题,语言 研究 乐趣 认知科学 大学 汉语 chinese,$0.40,Sat May 18 09:21:24 PDT 2019,9,3,0,6,Assignable,NotReviewed,1 cond,1800,60000,Fri May 31 09:18:04 PDT 2019,https://requester.mturk.com/mturk/manageHIT?HITId=3XD2A6FGFNP3JN83VBZHOV0OYN89ST,3QXNC7EIPJR65YMKDBLZ38QUN7I09J,2,Approved,Sun May 19 04:14:51 PDT 2019,Sat May 18 11:29:31 PDT 2019,Sat May 18 11:34:51 PDT 2019,Sun May 19 04:14:59 PDT 2019,,,,,[],5.25715
2,不是,soft,cheese,0.01,food,15,texture,Yes,5plus,both8,english,chinese,2,Female,43,ChineseEnglish,,native,-1,english,Mac,900,1440,Chrome,3XD2A6FGFNP3JN83VBZHOV0OYN89ST,319P43LJ7WVGW7F65Y0MR7ZB7M6Z72,汉语语句,回答关于物体描述的问题,语言 研究 乐趣 认知科学 大学 汉语 chinese,$0.40,Sat May 18 09:21:24 PDT 2019,9,3,0,6,Assignable,NotReviewed,1 cond,1800,60000,Fri May 31 09:18:04 PDT 2019,https://requester.mturk.com/mturk/manageHIT?HITId=3XD2A6FGFNP3JN83VBZHOV0OYN89ST,3QXNC7EIPJR65YMKDBLZ38QUN7I09J,2,Approved,Sun May 19 04:14:51 PDT 2019,Sat May 18 11:29:31 PDT 2019,Sat May 18 11:34:51 PDT 2019,Sun May 19 04:14:59 PDT 2019,,,,,[],5.25715
2,是,light,watermelon,0.98,food,16,size,Yes,5plus,both8,english,chinese,2,Female,43,ChineseEnglish,,native,-1,english,Mac,900,1440,Chrome,3XD2A6FGFNP3JN83VBZHOV0OYN89ST,319P43LJ7WVGW7F65Y0MR7ZB7M6Z72,汉语语句,回答关于物体描述的问题,语言 研究 乐趣 认知科学 大学 汉语 chinese,$0.40,Sat May 18 09:21:24 PDT 2019,9,3,0,6,Assignable,NotReviewed,1 cond,1800,60000,Fri May 31 09:18:04 PDT 2019,https://requester.mturk.com/mturk/manageHIT?HITId=3XD2A6FGFNP3JN83VBZHOV0OYN89ST,3QXNC7EIPJR65YMKDBLZ38QUN7I09J,2,Approved,Sun May 19 04:14:51 PDT 2019,Sat May 18 11:29:31 PDT 2019,Sat May 18 11:34:51 PDT 2019,Sun May 19 04:14:59 PDT 2019,,,,,[],5.25715
2,是,bad,box,0.03,furniture,17,quality,Yes,5plus,both8,english,chinese,2,Female,43,ChineseEnglish,,native,-1,english,Mac,900,1440,Chrome,3XD2A6FGFNP3JN83VBZHOV0OYN89ST,319P43LJ7WVGW7F65Y0MR7ZB7M6Z72,汉语语句,回答关于物体描述的问题,语言 研究 乐趣 认知科学 大学 汉语 chinese,$0.40,Sat May 18 09:21:24 PDT 2019,9,3,0,6,Assignable,NotReviewed,1 cond,1800,60000,Fri May 31 09:18:04 PDT 2019,https://requester.mturk.com/mturk/manageHIT?HITId=3XD2A6FGFNP3JN83VBZHOV0OYN89ST,3QXNC7EIPJR65YMKDBLZ38QUN7I09J,2,Approved,Sun May 19 04:14:51 PDT 2019,Sat May 18 11:29:31 PDT 2019,Sat May 18 11:34:51 PDT 2019,Sun May 19 04:14:59 PDT 2019,,,,,[],5.25715
2,是,fresh,tomato,0.62,food,18,age,Yes,5plus,both8,english,chinese,2,Female,43,ChineseEnglish,,native,-1,english,Mac,900,1440,Chrome,3XD2A6FGFNP3JN83VBZHOV0OYN89ST,319P43LJ7WVGW7F65Y0MR7ZB7M6Z72,汉语语句,回答关于物体描述的问题,语言 研究 乐趣 认知科学 大学 汉语 chinese,$0.40,Sat May 18 09:21:24 PDT 2019,9,3,0,6,Assignable,NotReviewed,1 cond,1800,60000,Fri May 31 09:18:04 PDT 2019,https://requester.mturk.com/mturk/manageHIT?HITId=3XD2A6FGFNP3JN83VBZHOV0OYN89ST,3QXNC7EIPJR65YMKDBLZ38QUN7I09J,2,Approved,Sun May 19 04:14:51 PDT 2019,Sat May 18 11:29:31 PDT 2019,Sat May 18 11:34:51 PDT 2019,Sun May 19 04:14:59 PDT 2019,,,,,[],5.25715
2,不是,short,box,0.62,furniture,19,size,Yes,5plus,both8,english,chinese,2,Female,43,ChineseEnglish,,native,-1,english,Mac,900,1440,Chrome,3XD2A6FGFNP3JN83VBZHOV0OYN89ST,319P43LJ7WVGW7F65Y0MR7ZB7M6Z72,汉语语句,回答关于物体描述的问题,语言 研究 乐趣 认知科学 大学 汉语 chinese,$0.40,Sat May 18 09:21:24 PDT 2019,9,3,0,6,Assignable,NotReviewed,1 cond,1800,60000,Fri May 31 09:18:04 PDT 2019,https://requester.mturk.com/mturk/manageHIT?HITId=3XD2A6FGFNP3JN83VBZHOV0OYN89ST,3QXNC7EIPJR65YMKDBLZ38QUN7I09J,2,Approved,Sun May 19 04:14:51 PDT 2019,Sat May 18 11:29:31 PDT 2019,Sat May 18 11:34:51 PDT 2019,Sun May 19 04:14:59 PDT 2019,,,,,[],5.25715
2,是,square,potato,0.01,food,20,shape,Yes,5plus,both8,english,chinese,2,Female,43,ChineseEnglish,,native,-1,english,Mac,900,1440,Chrome,3XD2A6FGFNP3JN83VBZHOV0OYN89ST,319P43LJ7WVGW7F65Y0MR7ZB7M6Z72,汉语语句,回答关于物体描述的问题,语言 研究 乐趣 认知科学 大学 汉语 chinese,$0.40,Sat May 18 09:21:24 PDT 2019,9,3,0,6,Assignable,NotReviewed,1 cond,1800,60000,Fri May 31 09:18:04 PDT 2019,https://requester.mturk.com/mturk/manageHIT?HITId=3XD2A6FGFNP3JN83VBZHOV0OYN89ST,3QXNC7EIPJR65YMKDBLZ38QUN7I09J,2,Approved,Sun May 19 04:14:51 PDT 2019,Sat May 18 11:29:31 PDT 2019,Sat May 18 11:34:51 PDT 2019,Sun May 19 04:14:59 PDT 2019,,,,,[],5.25715
2,是,red,apple,0.63,food,21,color,Yes,5plus,both8,english,chinese,2,Female,43,ChineseEnglish,,native,-1,english,Mac,900,1440,Chrome,3XD2A6FGFNP3JN83VBZHOV0OYN89ST,319P43LJ7WVGW7F65Y0MR7ZB7M6Z72,汉语语句,回答关于物体描述的问题,语言 研究 乐趣 认知科学 大学 汉语 chinese,$0.40,Sat May 18 09:21:24 PDT 2019,9,3,0,6,Assignable,NotReviewed,1 cond,1800,60000,Fri May 31 09:18:04 PDT 2019,https://requester.mturk.com/mturk/manageHIT?HITId=3XD2A6FGFNP3JN83VBZHOV0OYN89ST,3QXNC7EIPJR65YMKDBLZ38QUN7I09J,2,Approved,Sun May 19 04:14:51 PDT 2019,Sat May 18 11:29:31 PDT 2019,Sat May 18 11:34:51 PDT 2019,Sun May 19 04:14:59 PDT 2019,,,,,[],5.25715
2,是,yellow,cheese,0,food,22,color,Yes,5plus,both8,english,chinese,2,Female,43,ChineseEnglish,,native,-1,english,Mac,900,1440,Chrome,3XD2A6FGFNP3JN83VBZHOV0OYN89ST,319P43LJ7WVGW7F65Y0MR7ZB7M6Z72,汉语语句,回答关于物体描述的问题,语言 研究 乐趣 认知科学 大学 汉语 chinese,$0.40,Sat May 18 09:21:24 PDT 2019,9,3,0,6,Assignable,NotReviewed,1 cond,1800,60000,Fri May 31 09:18:04 PDT 2019,https://requester.mturk.com/mturk/manageHIT?HITId=3XD2A6FGFNP3JN83VBZHOV0OYN89ST,3QXNC7EIPJR65YMKDBLZ38QUN7I09J,2,Approved,Sun May 19 04:14:51 PDT 2019,Sat May 18 11:29:31 PDT 2019,Sat May 18 11:34:51 PDT 2019,Sun May 19 04:14:59 PDT 2019,,,,,[],5.25715
2,是,heavy,potato,0.97,food,23,size,Yes,5plus,both8,english,chinese,2,Female,43,ChineseEnglish,,native,-1,english,Mac,900,1440,Chrome,3XD2A6FGFNP3JN83VBZHOV0OYN89ST,319P43LJ7WVGW7F65Y0MR7ZB7M6Z72,汉语语句,回答关于物体描述的问题,语言 研究 乐趣 认知科学 大学 汉语 chinese,$0.40,Sat May 18 09:21:24 PDT 2019,9,3,0,6,Assignable,NotReviewed,1 cond,1800,60000,Fri May 31 09:18:04 PDT 2019,https://requester.mturk.com/mturk/manageHIT?HITId=3XD2A6FGFNP3JN83VBZHOV0OYN89ST,3QXNC7EIPJR65YMKDBLZ38QUN7I09J,2,Approved,Sun May 19 04:14:51 PDT 2019,Sat May 18 11:29:31 PDT 2019,Sat May 18 11:34:51 PDT 2019,Sun May 19 04:14:59 PDT 2019,,,,,[],5.25715
2,是,big,apple,0.98,food,24,size,Yes,5plus,both8,english,chinese,2,Female,43,ChineseEnglish,,native,-1,english,Mac,900,1440,Chrome,3XD2A6FGFNP3JN83VBZHOV0OYN89ST,319P43LJ7WVGW7F65Y0MR7ZB7M6Z72,汉语语句,回答关于物体描述的问题,语言 研究 乐趣 认知科学 大学 汉语 chinese,$0.40,Sat May 18 09:21:24 PDT 2019,9,3,0,6,Assignable,NotReviewed,1 cond,1800,60000,Fri May 31 09:18:04 PDT 2019,https://requester.mturk.com/mturk/manageHIT?HITId=3XD2A6FGFNP3JN83VBZHOV0OYN89ST,3QXNC7EIPJR65YMKDBLZ38QUN7I09J,2,Approved,Sun May 19 04:14:51 PDT 2019,Sat May 18 11:29:31 PDT 2019,Sat May 18 11:34:51 PDT 2019,Sun May 19 04:14:59 PDT 2019,,,,,[],5.25715
2,是,dry,cheese,0.47,food,25,texture,Yes,5plus,both8,english,chinese,2,Female,43,ChineseEnglish,,native,-1,english,Mac,900,1440,Chrome,3XD2A6FGFNP3JN83VBZHOV0OYN89ST,319P43LJ7WVGW7F65Y0MR7ZB7M6Z72,汉语语句,回答关于物体描述的问题,语言 研究 乐趣 认知科学 大学 汉语 chinese,$0.40,Sat May 18 09:21:24 PDT 2019,9,3,0,6,Assignable,NotReviewed,1 cond,1800,60000,Fri May 31 09:18:04 PDT 2019,https://requester.mturk.com/mturk/manageHIT?HITId=3XD2A6FGFNP3JN83VBZHOV0OYN89ST,3QXNC7EIPJR65YMKDBLZ38QUN7I09J,2,Approved,Sun May 19 04:14:51 PDT 2019,Sat May 18 11:29:31 PDT 2019,Sat May 18 11:34:51 PDT 2019,Sun May 19 04:14:59 PDT 2019,,,,,[],5.25715
2,不是,round,tomato,0.99,food,26,shape,Yes,5plus,both8,english,chinese,2,Female,43,ChineseEnglish,,native,-1,english,Mac,900,1440,Chrome,3XD2A6FGFNP3JN83VBZHOV0OYN89ST,319P43LJ7WVGW7F65Y0MR7ZB7M6Z72,汉语语句,回答关于物体描述的问题,语言 研究 乐趣 认知科学 大学 汉语 chinese,$0.40,Sat May 18 09:21:24 PDT 2019,9,3,0,6,Assignable,NotReviewed,1 cond,1800,60000,Fri May 31 09:18:04 PDT 2019,https://requester.mturk.com/mturk/manageHIT?HITId=3XD2A6FGFNP3JN83VBZHOV0OYN89ST,3QXNC7EIPJR65YMKDBLZ38QUN7I09J,2,Approved,Sun May 19 04:14:51 PDT 2019,Sat May 18 11:29:31 PDT 2019,Sat May 18 11:34:51 PDT 2019,Sun May 19 04:14:59 PDT 2019,,,,,[],5.25715
2,不是,purple,box,0.56,furniture,27,color,Yes,5plus,both8,english,chinese,2,Female,43,ChineseEnglish,,native,-1,english,Mac,900,1440,Chrome,3XD2A6FGFNP3JN83VBZHOV0OYN89ST,319P43LJ7WVGW7F65Y0MR7ZB7M6Z72,汉语语句,回答关于物体描述的问题,语言 研究 乐趣 认知科学 大学 汉语 chinese,$0.40,Sat May 18 09:21:24 PDT 2019,9,3,0,6,Assignable,NotReviewed,1 cond,1800,60000,Fri May 31 09:18:04 PDT 2019,https://requester.mturk.com/mturk/manageHIT?HITId=3XD2A6FGFNP3JN83VBZHOV0OYN89ST,3QXNC7EIPJR65YMKDBLZ38QUN7I09J,2,Approved,Sun May 19 04:14:51 PDT 2019,Sat May 18 11:29:31 PDT 2019,Sat May 18 11:34:51 PDT 2019,Sun May 19 04:14:59 PDT 2019,,,,,[],5.25715
2,是,new,apple,0.66,food,28,age,Yes,5plus,both8,english,chinese,2,Female,43,ChineseEnglish,,native,-1,english,Mac,900,1440,Chrome,3XD2A6FGFNP3JN83VBZHOV0OYN89ST,319P43LJ7WVGW7F65Y0MR7ZB7M6Z72,汉语语句,回答关于物体描述的问题,语言 研究 乐趣 认知科学 大学 汉语 chinese,$0.40,Sat May 18 09:21:24 PDT 2019,9,3,0,6,Assignable,NotReviewed,1 cond,1800,60000,Fri May 31 09:18:04 PDT 2019,https://requester.mturk.com/mturk/manageHIT?HITId=3XD2A6FGFNP3JN83VBZHOV0OYN89ST,3QXNC7EIPJR65YMKDBLZ38QUN7I09J,2,Approved,Sun May 19 04:14:51 PDT 2019,Sat May 18 11:29:31 PDT 2019,Sat May 18 11:34:51 PDT 2019,Sun May 19 04:14:59 PDT 2019,,,,,[],5.25715
3,是,good,chair,0.76,furniture,3,quality,No,never,never,english,United States,1,Male,30,ChineseEnglish,,nearNative,1,chinese,Windows,864,1536,Chrome,3XD2A6FGFNP3JN83VBZHOV0OYN89ST,319P43LJ7WVGW7F65Y0MR7ZB7M6Z72,汉语语句,回答关于物体描述的问题,语言 研究 乐趣 认知科学 大学 汉语 chinese,$0.40,Sat May 18 09:21:24 PDT 2019,9,3,0,6,Assignable,NotReviewed,1 cond,1800,60000,Fri May 31 09:18:04 PDT 2019,https://requester.mturk.com/mturk/manageHIT?HITId=3XD2A6FGFNP3JN83VBZHOV0OYN89ST,3KAKFY4PGVYVXREK0S9VIZN49B93IO,3,Approved,Sun May 19 12:52:33 PDT 2019,Sat May 18 20:08:56 PDT 2019,Sat May 18 20:12:33 PDT 2019,Sun May 19 12:52:59 PDT 2019,,,,,[],3.5435166666666666
3,不是,metal,table,0.8,furniture,4,material,No,never,never,english,United States,1,Male,30,ChineseEnglish,,nearNative,1,chinese,Windows,864,1536,Chrome,3XD2A6FGFNP3JN83VBZHOV0OYN89ST,319P43LJ7WVGW7F65Y0MR7ZB7M6Z72,汉语语句,回答关于物体描述的问题,语言 研究 乐趣 认知科学 大学 汉语 chinese,$0.40,Sat May 18 09:21:24 PDT 2019,9,3,0,6,Assignable,NotReviewed,1 cond,1800,60000,Fri May 31 09:18:04 PDT 2019,https://requester.mturk.com/mturk/manageHIT?HITId=3XD2A6FGFNP3JN83VBZHOV0OYN89ST,3KAKFY4PGVYVXREK0S9VIZN49B93IO,3,Approved,Sun May 19 12:52:33 PDT 2019,Sat May 18 20:08:56 PDT 2019,Sat May 18 20:12:33 PDT 2019,Sun May 19 12:52:59 PDT 2019,,,,,[],3.5435166666666666
3,不是,square,tomato,0.48,food,5,shape,No,never,never,english,United States,1,Male,30,ChineseEnglish,,nearNative,1,chinese,Windows,864,1536,Chrome,3XD2A6FGFNP3JN83VBZHOV0OYN89ST,319P43LJ7WVGW7F65Y0MR7ZB7M6Z72,汉语语句,回答关于物体描述的问题,语言 研究 乐趣 认知科学 大学 汉语 chinese,$0.40,Sat May 18 09:21:24 PDT 2019,9,3,0,6,Assignable,NotReviewed,1 cond,1800,60000,Fri May 31 09:18:04 PDT 2019,https://requester.mturk.com/mturk/manageHIT?HITId=3XD2A6FGFNP3JN83VBZHOV0OYN89ST,3KAKFY4PGVYVXREK0S9VIZN49B93IO,3,Approved,Sun May 19 12:52:33 PDT 2019,Sat May 18 20:08:56 PDT 2019,Sat May 18 20:12:33 PDT 2019,Sun May 19 12:52:59 PDT 2019,,,,,[],3.5435166666666666
3,不是,fresh,tomato,0.86,food,6,age,No,never,never,english,United States,1,Male,30,ChineseEnglish,,nearNative,1,chinese,Windows,864,1536,Chrome,3XD2A6FGFNP3JN83VBZHOV0OYN89ST,319P43LJ7WVGW7F65Y0MR7ZB7M6Z72,汉语语句,回答关于物体描述的问题,语言 研究 乐趣 认知科学 大学 汉语 chinese,$0.40,Sat May 18 09:21:24 PDT 2019,9,3,0,6,Assignable,NotReviewed,1 cond,1800,60000,Fri May 31 09:18:04 PDT 2019,https://requester.mturk.com/mturk/manageHIT?HITId=3XD2A6FGFNP3JN83VBZHOV0OYN89ST,3KAKFY4PGVYVXREK0S9VIZN49B93IO,3,Approved,Sun May 19 12:52:33 PDT 2019,Sat May 18 20:08:56 PDT 2019,Sat May 18 20:12:33 PDT 2019,Sun May 19 12:52:59 PDT 2019,,,,,[],3.5435166666666666
3,不是,bad,chair,0.76,furniture,7,quality,No,never,never,english,United States,1,Male,30,ChineseEnglish,,nearNative,1,chinese,Windows,864,1536,Chrome,3XD2A6FGFNP3JN83VBZHOV0OYN89ST,319P43LJ7WVGW7F65Y0MR7ZB7M6Z72,汉语语句,回答关于物体描述的问题,语言 研究 乐趣 认知科学 大学 汉语 chinese,$0.40,Sat May 18 09:21:24 PDT 2019,9,3,0,6,Assignable,NotReviewed,1 cond,1800,60000,Fri May 31 09:18:04 PDT 2019,https://requester.mturk.com/mturk/manageHIT?HITId=3XD2A6FGFNP3JN83VBZHOV0OYN89ST,3KAKFY4PGVYVXREK0S9VIZN49B93IO,3,Approved,Sun May 19 12:52:33 PDT 2019,Sat May 18 20:08:56 PDT 2019,Sat May 18 20:12:33 PDT 2019,Sun May 19 12:52:59 PDT 2019,,,,,[],3.5435166666666666
3,不是,wooden,tomato,0.92,food,8,material,No,never,never,english,United States,1,Male,30,ChineseEnglish,,nearNative,1,chinese,Windows,864,1536,Chrome,3XD2A6FGFNP3JN83VBZHOV0OYN89ST,319P43LJ7WVGW7F65Y0MR7ZB7M6Z72,汉语语句,回答关于物体描述的问题,语言 研究 乐趣 认知科学 大学 汉语 chinese,$0.40,Sat May 18 09:21:24 PDT 2019,9,3,0,6,Assignable,NotReviewed,1 cond,1800,60000,Fri May 31 09:18:04 PDT 2019,https://requester.mturk.com/mturk/manageHIT?HITId=3XD2A6FGFNP3JN83VBZHOV0OYN89ST,3KAKFY4PGVYVXREK0S9VIZN49B93IO,3,Approved,Sun May 19 12:52:33 PDT 2019,Sat May 18 20:08:56 PDT 2019,Sat May 18 20:12:33 PDT 2019,Sun May 19 12:52:59 PDT 2019,,,,,[],3.5435166666666666
3,不是,dry,cheese,0.68,food,9,texture,No,never,never,english,United States,1,Male,30,ChineseEnglish,,nearNative,1,chinese,Windows,864,1536,Chrome,3XD2A6FGFNP3JN83VBZHOV0OYN89ST,319P43LJ7WVGW7F65Y0MR7ZB7M6Z72,汉语语句,回答关于物体描述的问题,语言 研究 乐趣 认知科学 大学 汉语 chinese,$0.40,Sat May 18 09:21:24 PDT 2019,9,3,0,6,Assignable,NotReviewed,1 cond,1800,60000,Fri May 31 09:18:04 PDT 2019,https://requester.mturk.com/mturk/manageHIT?HITId=3XD2A6FGFNP3JN83VBZHOV0OYN89ST,3KAKFY4PGVYVXREK0S9VIZN49B93IO,3,Approved,Sun May 19 12:52:33 PDT 2019,Sat May 18 20:08:56 PDT 2019,Sat May 18 20:12:33 PDT 2019,Sun May 19 12:52:59 PDT 2019,,,,,[],3.5435166666666666
3,是,blue,box,0.66,furniture,10,color,No,never,never,english,United States,1,Male,30,ChineseEnglish,,nearNative,1,chinese,Windows,864,1536,Chrome,3XD2A6FGFNP3JN83VBZHOV0OYN89ST,319P43LJ7WVGW7F65Y0MR7ZB7M6Z72,汉语语句,回答关于物体描述的问题,语言 研究 乐趣 认知科学 大学 汉语 chinese,$0.40,Sat May 18 09:21:24 PDT 2019,9,3,0,6,Assignable,NotReviewed,1 cond,1800,60000,Fri May 31 09:18:04 PDT 2019,https://requester.mturk.com/mturk/manageHIT?HITId=3XD2A6FGFNP3JN83VBZHOV0OYN89ST,3KAKFY4PGVYVXREK0S9VIZN49B93IO,3,Approved,Sun May 19 12:52:33 PDT 2019,Sat May 18 20:08:56 PDT 2019,Sat May 18 20:12:33 PDT 2019,Sun May 19 12:52:59 PDT 2019,,,,,[],3.5435166666666666
3,不是,new,couch,0.31,furniture,11,age,No,never,never,english,United States,1,Male,30,ChineseEnglish,,nearNative,1,chinese,Windows,864,1536,Chrome,3XD2A6FGFNP3JN83VBZHOV0OYN89ST,319P43LJ7WVGW7F65Y0MR7ZB7M6Z72,汉语语句,回答关于物体描述的问题,语言 研究 乐趣 认知科学 大学 汉语 chinese,$0.40,Sat May 18 09:21:24 PDT 2019,9,3,0,6,Assignable,NotReviewed,1 cond,1800,60000,Fri May 31 09:18:04 PDT 2019,https://requester.mturk.com/mturk/manageHIT?HITId=3XD2A6FGFNP3JN83VBZHOV0OYN89ST,3KAKFY4PGVYVXREK0S9VIZN49B93IO,3,Approved,Sun May 19 12:52:33 PDT 2019,Sat May 18 20:08:56 PDT 2019,Sat May 18 20:12:33 PDT 2019,Sun May 19 12:52:59 PDT 2019,,,,,[],3.5435166666666666
3,不是,long,table,0.53,furniture,12,size,No,never,never,english,United States,1,Male,30,ChineseEnglish,,nearNative,1,chinese,Windows,864,1536,Chrome,3XD2A6FGFNP3JN83VBZHOV0OYN89ST,319P43LJ7WVGW7F65Y0MR7ZB7M6Z72,汉语语句,回答关于物体描述的问题,语言 研究 乐趣 认知科学 大学 汉语 chinese,$0.40,Sat May 18 09:21:24 PDT 2019,9,3,0,6,Assignable,NotReviewed,1 cond,1800,60000,Fri May 31 09:18:04 PDT 2019,https://requester.mturk.com/mturk/manageHIT?HITId=3XD2A6FGFNP3JN83VBZHOV0OYN89ST,3KAKFY4PGVYVXREK0S9VIZN49B93IO,3,Approved,Sun May 19 12:52:33 PDT 2019,Sat May 18 20:08:56 PDT 2019,Sat May 18 20:12:33 PDT 2019,Sun May 19 12:52:59 PDT 2019,,,,,[],3.5435166666666666
3,不是,hard,apple,0.11,food,13,texture,No,never,never,english,United States,1,Male,30,ChineseEnglish,,nearNative,1,chinese,Windows,864,1536,Chrome,3XD2A6FGFNP3JN83VBZHOV0OYN89ST,319P43LJ7WVGW7F65Y0MR7ZB7M6Z72,汉语语句,回答关于物体描述的问题,语言 研究 乐趣 认知科学 大学 汉语 chinese,$0.40,Sat May 18 09:21:24 PDT 2019,9,3,0,6,Assignable,NotReviewed,1 cond,1800,60000,Fri May 31 09:18:04 PDT 2019,https://requester.mturk.com/mturk/manageHIT?HITId=3XD2A6FGFNP3JN83VBZHOV0OYN89ST,3KAKFY4PGVYVXREK0S9VIZN49B93IO,3,Approved,Sun May 19 12:52:33 PDT 2019,Sat May 18 20:08:56 PDT 2019,Sat May 18 20:12:33 PDT 2019,Sun May 19 12:52:59 PDT 2019,,,,,[],3.5435166666666666
3,不是,brown,watermelon,0.67,food,14,color,No,never,never,english,United States,1,Male,30,ChineseEnglish,,nearNative,1,chinese,Windows,864,1536,Chrome,3XD2A6FGFNP3JN83VBZHOV0OYN89ST,319P43LJ7WVGW7F65Y0MR7ZB7M6Z72,汉语语句,回答关于物体描述的问题,语言 研究 乐趣 认知科学 大学 汉语 chinese,$0.40,Sat May 18 09:21:24 PDT 2019,9,3,0,6,Assignable,NotReviewed,1 cond,1800,60000,Fri May 31 09:18:04 PDT 2019,https://requester.mturk.com/mturk/manageHIT?HITId=3XD2A6FGFNP3JN83VBZHOV0OYN89ST,3KAKFY4PGVYVXREK0S9VIZN49B93IO,3,Approved,Sun May 19 12:52:33 PDT 2019,Sat May 18 20:08:56 PDT 2019,Sat May 18 20:12:33 PDT 2019,Sun May 19 12:52:59 PDT 2019,,,,,[],3.5435166666666666
3,不是,heavy,table,0.65,furniture,15,size,No,never,never,english,United States,1,Male,30,ChineseEnglish,,nearNative,1,chinese,Windows,864,1536,Chrome,3XD2A6FGFNP3JN83VBZHOV0OYN89ST,319P43LJ7WVGW7F65Y0MR7ZB7M6Z72,汉语语句,回答关于物体描述的问题,语言 研究 乐趣 认知科学 大学 汉语 chinese,$0.40,Sat May 18 09:21:24 PDT 2019,9,3,0,6,Assignable,NotReviewed,1 cond,1800,60000,Fri May 31 09:18:04 PDT 2019,https://requester.mturk.com/mturk/manageHIT?HITId=3XD2A6FGFNP3JN83VBZHOV0OYN89ST,3KAKFY4PGVYVXREK0S9VIZN49B93IO,3,Approved,Sun May 19 12:52:33 PDT 2019,Sat May 18 20:08:56 PDT 2019,Sat May 18 20:12:33 PDT 2019,Sun May 19 12:52:59 PDT 2019,,,,,[],3.5435166666666666
3,不是,plastic,potato,0.82,food,16,material,No,never,never,english,United States,1,Male,30,ChineseEnglish,,nearNative,1,chinese,Windows,864,1536,Chrome,3XD2A6FGFNP3JN83VBZHOV0OYN89ST,319P43LJ7WVGW7F65Y0MR7ZB7M6Z72,汉语语句,回答关于物体描述的问题,语言 研究 乐趣 认知科学 大学 汉语 chinese,$0.40,Sat May 18 09:21:24 PDT 2019,9,3,0,6,Assignable,NotReviewed,1 cond,1800,60000,Fri May 31 09:18:04 PDT 2019,https://requester.mturk.com/mturk/manageHIT?HITId=3XD2A6FGFNP3JN83VBZHOV0OYN89ST,3KAKFY4PGVYVXREK0S9VIZN49B93IO,3,Approved,Sun May 19 12:52:33 PDT 2019,Sat May 18 20:08:56 PDT 2019,Sat May 18 20:12:33 PDT 2019,Sun May 19 12:52:59 PDT 2019,,,,,[],3.5435166666666666
3,是,rotten,apple,0.77,food,17,age,No,never,never,english,United States,1,Male,30,ChineseEnglish,,nearNative,1,chinese,Windows,864,1536,Chrome,3XD2A6FGFNP3JN83VBZHOV0OYN89ST,319P43LJ7WVGW7F65Y0MR7ZB7M6Z72,汉语语句,回答关于物体描述的问题,语言 研究 乐趣 认知科学 大学 汉语 chinese,$0.40,Sat May 18 09:21:24 PDT 2019,9,3,0,6,Assignable,NotReviewed,1 cond,1800,60000,Fri May 31 09:18:04 PDT 2019,https://requester.mturk.com/mturk/manageHIT?HITId=3XD2A6FGFNP3JN83VBZHOV0OYN89ST,3KAKFY4PGVYVXREK0S9VIZN49B93IO,3,Approved,Sun May 19 12:52:33 PDT 2019,Sat May 18 20:08:56 PDT 2019,Sat May 18 20:12:33 PDT 2019,Sun May 19 12:52:59 PDT 2019,,,,,[],3.5435166666666666
3,是,light,potato,0.66,food,18,size,No,never,never,english,United States,1,Male,30,ChineseEnglish,,nearNative,1,chinese,Windows,864,1536,Chrome,3XD2A6FGFNP3JN83VBZHOV0OYN89ST,319P43LJ7WVGW7F65Y0MR7ZB7M6Z72,汉语语句,回答关于物体描述的问题,语言 研究 乐趣 认知科学 大学 汉语 chinese,$0.40,Sat May 18 09:21:24 PDT 2019,9,3,0,6,Assignable,NotReviewed,1 cond,1800,60000,Fri May 31 09:18:04 PDT 2019,https://requester.mturk.com/mturk/manageHIT?HITId=3XD2A6FGFNP3JN83VBZHOV0OYN89ST,3KAKFY4PGVYVXREK0S9VIZN49B93IO,3,Approved,Sun May 19 12:52:33 PDT 2019,Sat May 18 20:08:56 PDT 2019,Sat May 18 20:12:33 PDT 2019,Sun May 19 12:52:59 PDT 2019,,,,,[],3.5435166666666666
3,不是,big,bed,0.92,furniture,19,size,No,never,never,english,United States,1,Male,30,ChineseEnglish,,nearNative,1,chinese,Windows,864,1536,Chrome,3XD2A6FGFNP3JN83VBZHOV0OYN89ST,319P43LJ7WVGW7F65Y0MR7ZB7M6Z72,汉语语句,回答关于物体描述的问题,语言 研究 乐趣 认知科学 大学 汉语 chinese,$0.40,Sat May 18 09:21:24 PDT 2019,9,3,0,6,Assignable,NotReviewed,1 cond,1800,60000,Fri May 31 09:18:04 PDT 2019,https://requester.mturk.com/mturk/manageHIT?HITId=3XD2A6FGFNP3JN83VBZHOV0OYN89ST,3KAKFY4PGVYVXREK0S9VIZN49B93IO,3,Approved,Sun May 19 12:52:33 PDT 2019,Sat May 18 20:08:56 PDT 2019,Sat May 18 20:12:33 PDT 2019,Sun May 19 12:52:59 PDT 2019,,,,,[],3.5435166666666666
3,是,small,apple,0.67,food,20,size,No,never,never,english,United States,1,Male,30,ChineseEnglish,,nearNative,1,chinese,Windows,864,1536,Chrome,3XD2A6FGFNP3JN83VBZHOV0OYN89ST,319P43LJ7WVGW7F65Y0MR7ZB7M6Z72,汉语语句,回答关于物体描述的问题,语言 研究 乐趣 认知科学 大学 汉语 chinese,$0.40,Sat May 18 09:21:24 PDT 2019,9,3,0,6,Assignable,NotReviewed,1 cond,1800,60000,Fri May 31 09:18:04 PDT 2019,https://requester.mturk.com/mturk/manageHIT?HITId=3XD2A6FGFNP3JN83VBZHOV0OYN89ST,3KAKFY4PGVYVXREK0S9VIZN49B93IO,3,Approved,Sun May 19 12:52:33 PDT 2019,Sat May 18 20:08:56 PDT 2019,Sat May 18 20:12:33 PDT 2019,Sun May 19 12:52:59 PDT 2019,,,,,[],3.5435166666666666
3,是,short,tomato,0.57,food,21,size,No,never,never,english,United States,1,Male,30,ChineseEnglish,,nearNative,1,chinese,Windows,864,1536,Chrome,3XD2A6FGFNP3JN83VBZHOV0OYN89ST,319P43LJ7WVGW7F65Y0MR7ZB7M6Z72,汉语语句,回答关于物体描述的问题,语言 研究 乐趣 认知科学 大学 汉语 chinese,$0.40,Sat May 18 09:21:24 PDT 2019,9,3,0,6,Assignable,NotReviewed,1 cond,1800,60000,Fri May 31 09:18:04 PDT 2019,https://requester.mturk.com/mturk/manageHIT?HITId=3XD2A6FGFNP3JN83VBZHOV0OYN89ST,3KAKFY4PGVYVXREK0S9VIZN49B93IO,3,Approved,Sun May 19 12:52:33 PDT 2019,Sat May 18 20:08:56 PDT 2019,Sat May 18 20:12:33 PDT 2019,Sun May 19 12:52:59 PDT 2019,,,,,[],3.5435166666666666
3,不是,yellow,apple,0.74,food,22,color,No,never,never,english,United States,1,Male,30,ChineseEnglish,,nearNative,1,chinese,Windows,864,1536,Chrome,3XD2A6FGFNP3JN83VBZHOV0OYN89ST,319P43LJ7WVGW7F65Y0MR7ZB7M6Z72,汉语语句,回答关于物体描述的问题,语言 研究 乐趣 认知科学 大学 汉语 chinese,$0.40,Sat May 18 09:21:24 PDT 2019,9,3,0,6,Assignable,NotReviewed,1 cond,1800,60000,Fri May 31 09:18:04 PDT 2019,https://requester.mturk.com/mturk/manageHIT?HITId=3XD2A6FGFNP3JN83VBZHOV0OYN89ST,3KAKFY4PGVYVXREK0S9VIZN49B93IO,3,Approved,Sun May 19 12:52:33 PDT 2019,Sat May 18 20:08:56 PDT 2019,Sat May 18 20:12:33 PDT 2019,Sun May 19 12:52:59 PDT 2019,,,,,[],3.5435166666666666
3,是,round,box,0.64,furniture,23,shape,No,never,never,english,United States,1,Male,30,ChineseEnglish,,nearNative,1,chinese,Windows,864,1536,Chrome,3XD2A6FGFNP3JN83VBZHOV0OYN89ST,319P43LJ7WVGW7F65Y0MR7ZB7M6Z72,汉语语句,回答关于物体描述的问题,语言 研究 乐趣 认知科学 大学 汉语 chinese,$0.40,Sat May 18 09:21:24 PDT 2019,9,3,0,6,Assignable,NotReviewed,1 cond,1800,60000,Fri May 31 09:18:04 PDT 2019,https://requester.mturk.com/mturk/manageHIT?HITId=3XD2A6FGFNP3JN83VBZHOV0OYN89ST,3KAKFY4PGVYVXREK0S9VIZN49B93IO,3,Approved,Sun May 19 12:52:33 PDT 2019,Sat May 18 20:08:56 PDT 2019,Sat May 18 20:12:33 PDT 2019,Sun May 19 12:52:59 PDT 2019,,,,,[],3.5435166666666666
3,是,purple,cheese,0.49,food,24,color,No,never,never,english,United States,1,Male,30,ChineseEnglish,,nearNative,1,chinese,Windows,864,1536,Chrome,3XD2A6FGFNP3JN83VBZHOV0OYN89ST,319P43LJ7WVGW7F65Y0MR7ZB7M6Z72,汉语语句,回答关于物体描述的问题,语言 研究 乐趣 认知科学 大学 汉语 chinese,$0.40,Sat May 18 09:21:24 PDT 2019,9,3,0,6,Assignable,NotReviewed,1 cond,1800,60000,Fri May 31 09:18:04 PDT 2019,https://requester.mturk.com/mturk/manageHIT?HITId=3XD2A6FGFNP3JN83VBZHOV0OYN89ST,3KAKFY4PGVYVXREK0S9VIZN49B93IO,3,Approved,Sun May 19 12:52:33 PDT 2019,Sat May 18 20:08:56 PDT 2019,Sat May 18 20:12:33 PDT 2019,Sun May 19 12:52:59 PDT 2019,,,,,[],3.5435166666666666
3,不是,old,table,0.84,furniture,25,age,No,never,never,english,United States,1,Male,30,ChineseEnglish,,nearNative,1,chinese,Windows,864,1536,Chrome,3XD2A6FGFNP3JN83VBZHOV0OYN89ST,319P43LJ7WVGW7F65Y0MR7ZB7M6Z72,汉语语句,回答关于物体描述的问题,语言 研究 乐趣 认知科学 大学 汉语 chinese,$0.40,Sat May 18 09:21:24 PDT 2019,9,3,0,6,Assignable,NotReviewed,1 cond,1800,60000,Fri May 31 09:18:04 PDT 2019,https://requester.mturk.com/mturk/manageHIT?HITId=3XD2A6FGFNP3JN83VBZHOV0OYN89ST,3KAKFY4PGVYVXREK0S9VIZN49B93IO,3,Approved,Sun May 19 12:52:33 PDT 2019,Sat May 18 20:08:56 PDT 2019,Sat May 18 20:12:33 PDT 2019,Sun May 19 12:52:59 PDT 2019,,,,,[],3.5435166666666666
3,是,soft,chair,0.16,furniture,26,texture,No,never,never,english,United States,1,Male,30,ChineseEnglish,,nearNative,1,chinese,Windows,864,1536,Chrome,3XD2A6FGFNP3JN83VBZHOV0OYN89ST,319P43LJ7WVGW7F65Y0MR7ZB7M6Z72,汉语语句,回答关于物体描述的问题,语言 研究 乐趣 认知科学 大学 汉语 chinese,$0.40,Sat May 18 09:21:24 PDT 2019,9,3,0,6,Assignable,NotReviewed,1 cond,1800,60000,Fri May 31 09:18:04 PDT 2019,https://requester.mturk.com/mturk/manageHIT?HITId=3XD2A6FGFNP3JN83VBZHOV0OYN89ST,3KAKFY4PGVYVXREK0S9VIZN49B93IO,3,Approved,Sun May 19 12:52:33 PDT 2019,Sat May 18 20:08:56 PDT 2019,Sat May 18 20:12:33 PDT 2019,Sun May 19 12:52:59 PDT 2019,,,,,[],3.5435166666666666
3,不是,red,couch,0.56,furniture,27,color,No,never,never,english,United States,1,Male,30,ChineseEnglish,,nearNative,1,chinese,Windows,864,1536,Chrome,3XD2A6FGFNP3JN83VBZHOV0OYN89ST,319P43LJ7WVGW7F65Y0MR7ZB7M6Z72,汉语语句,回答关于物体描述的问题,语言 研究 乐趣 认知科学 大学 汉语 chinese,$0.40,Sat May 18 09:21:24 PDT 2019,9,3,0,6,Assignable,NotReviewed,1 cond,1800,60000,Fri May 31 09:18:04 PDT 2019,https://requester.mturk.com/mturk/manageHIT?HITId=3XD2A6FGFNP3JN83VBZHOV0OYN89ST,3KAKFY4PGVYVXREK0S9VIZN49B93IO,3,Approved,Sun May 19 12:52:33 PDT 2019,Sat May 18 20:08:56 PDT 2019,Sat May 18 20:12:33 PDT 2019,Sun May 19 12:52:59 PDT 2019,,,,,[],3.5435166666666666
3,不是,green,couch,0.67,furniture,28,color,No,never,never,english,United States,1,Male,30,ChineseEnglish,,nearNative,1,chinese,Windows,864,1536,Chrome,3XD2A6FGFNP3JN83VBZHOV0OYN89ST,319P43LJ7WVGW7F65Y0MR7ZB7M6Z72,汉语语句,回答关于物体描述的问题,语言 研究 乐趣 认知科学 大学 汉语 chinese,$0.40,Sat May 18 09:21:24 PDT 2019,9,3,0,6,Assignable,NotReviewed,1 cond,1800,60000,Fri May 31 09:18:04 PDT 2019,https://requester.mturk.com/mturk/manageHIT?HITId=3XD2A6FGFNP3JN83VBZHOV0OYN89ST,3KAKFY4PGVYVXREK0S9VIZN49B93IO,3,Approved,Sun May 19 12:52:33 PDT 2019,Sat May 18 20:08:56 PDT 2019,Sat May 18 20:12:33 PDT 2019,Sun May 19 12:52:59 PDT 2019,,,,,[],3.5435166666666666
4,不是,short,tomato,0.52,food,3,size,Yes,-1,-1,english,汉语,1,Female,30,-1,,nearNative,1,chinese,Windows,864,1536,Chrome,3XD2A6FGFNP3JN83VBZHOV0OYN89ST,319P43LJ7WVGW7F65Y0MR7ZB7M6Z72,汉语语句,回答关于物体描述的问题,语言 研究 乐趣 认知科学 大学 汉语 chinese,$0.40,Sat May 18 09:21:24 PDT 2019,9,3,0,6,Assignable,NotReviewed,1 cond,1800,60000,Fri May 31 09:18:04 PDT 2019,https://requester.mturk.com/mturk/manageHIT?HITId=3XD2A6FGFNP3JN83VBZHOV0OYN89ST,3HYA4D452SFM2IGBVKP5WS5KN7NF28,4,Approved,Sun May 19 23:50:50 PDT 2019,Sun May 19 06:59:36 PDT 2019,Sun May 19 07:10:50 PDT 2019,Sun May 19 23:50:59 PDT 2019,,,,,[],11.110533333333333
4,不是,light,bed,0.74,furniture,4,size,Yes,-1,-1,english,汉语,1,Female,30,-1,,nearNative,1,chinese,Windows,864,1536,Chrome,3XD2A6FGFNP3JN83VBZHOV0OYN89ST,319P43LJ7WVGW7F65Y0MR7ZB7M6Z72,汉语语句,回答关于物体描述的问题,语言 研究 乐趣 认知科学 大学 汉语 chinese,$0.40,Sat May 18 09:21:24 PDT 2019,9,3,0,6,Assignable,NotReviewed,1 cond,1800,60000,Fri May 31 09:18:04 PDT 2019,https://requester.mturk.com/mturk/manageHIT?HITId=3XD2A6FGFNP3JN83VBZHOV0OYN89ST,3HYA4D452SFM2IGBVKP5WS5KN7NF28,4,Approved,Sun May 19 23:50:50 PDT 2019,Sun May 19 06:59:36 PDT 2019,Sun May 19 07:10:50 PDT 2019,Sun May 19 23:50:59 PDT 2019,,,,,[],11.110533333333333
4,不是,yellow,couch,0.28,furniture,5,color,Yes,-1,-1,english,汉语,1,Female,30,-1,,nearNative,1,chinese,Windows,864,1536,Chrome,3XD2A6FGFNP3JN83VBZHOV0OYN89ST,319P43LJ7WVGW7F65Y0MR7ZB7M6Z72,汉语语句,回答关于物体描述的问题,语言 研究 乐趣 认知科学 大学 汉语 chinese,$0.40,Sat May 18 09:21:24 PDT 2019,9,3,0,6,Assignable,NotReviewed,1 cond,1800,60000,Fri May 31 09:18:04 PDT 2019,https://requester.mturk.com/mturk/manageHIT?HITId=3XD2A6FGFNP3JN83VBZHOV0OYN89ST,3HYA4D452SFM2IGBVKP5WS5KN7NF28,4,Approved,Sun May 19 23:50:50 PDT 2019,Sun May 19 06:59:36 PDT 2019,Sun May 19 07:10:50 PDT 2019,Sun May 19 23:50:59 PDT 2019,,,,,[],11.110533333333333
4,不是,bad,table,0.88,furniture,6,quality,Yes,-1,-1,english,汉语,1,Female,30,-1,,nearNative,1,chinese,Windows,864,1536,Chrome,3XD2A6FGFNP3JN83VBZHOV0OYN89ST,319P43LJ7WVGW7F65Y0MR7ZB7M6Z72,汉语语句,回答关于物体描述的问题,语言 研究 乐趣 认知科学 大学 汉语 chinese,$0.40,Sat May 18 09:21:24 PDT 2019,9,3,0,6,Assignable,NotReviewed,1 cond,1800,60000,Fri May 31 09:18:04 PDT 2019,https://requester.mturk.com/mturk/manageHIT?HITId=3XD2A6FGFNP3JN83VBZHOV0OYN89ST,3HYA4D452SFM2IGBVKP5WS5KN7NF28,4,Approved,Sun May 19 23:50:50 PDT 2019,Sun May 19 06:59:36 PDT 2019,Sun May 19 07:10:50 PDT 2019,Sun May 19 23:50:59 PDT 2019,,,,,[],11.110533333333333
4,是,red,potato,0.12,food,7,color,Yes,-1,-1,english,汉语,1,Female,30,-1,,nearNative,1,chinese,Windows,864,1536,Chrome,3XD2A6FGFNP3JN83VBZHOV0OYN89ST,319P43LJ7WVGW7F65Y0MR7ZB7M6Z72,汉语语句,回答关于物体描述的问题,语言 研究 乐趣 认知科学 大学 汉语 chinese,$0.40,Sat May 18 09:21:24 PDT 2019,9,3,0,6,Assignable,NotReviewed,1 cond,1800,60000,Fri May 31 09:18:04 PDT 2019,https://requester.mturk.com/mturk/manageHIT?HITId=3XD2A6FGFNP3JN83VBZHOV0OYN89ST,3HYA4D452SFM2IGBVKP5WS5KN7NF28,4,Approved,Sun May 19 23:50:50 PDT 2019,Sun May 19 06:59:36 PDT 2019,Sun May 19 07:10:50 PDT 2019,Sun May 19 23:50:59 PDT 2019,,,,,[],11.110533333333333
4,是,new,apple,0.88,food,8,age,Yes,-1,-1,english,汉语,1,Female,30,-1,,nearNative,1,chinese,Windows,864,1536,Chrome,3XD2A6FGFNP3JN83VBZHOV0OYN89ST,319P43LJ7WVGW7F65Y0MR7ZB7M6Z72,汉语语句,回答关于物体描述的问题,语言 研究 乐趣 认知科学 大学 汉语 chinese,$0.40,Sat May 18 09:21:24 PDT 2019,9,3,0,6,Assignable,NotReviewed,1 cond,1800,60000,Fri May 31 09:18:04 PDT 2019,https://requester.mturk.com/mturk/manageHIT?HITId=3XD2A6FGFNP3JN83VBZHOV0OYN89ST,3HYA4D452SFM2IGBVKP5WS5KN7NF28,4,Approved,Sun May 19 23:50:50 PDT 2019,Sun May 19 06:59:36 PDT 2019,Sun May 19 07:10:50 PDT 2019,Sun May 19 23:50:59 PDT 2019,,,,,[],11.110533333333333
4,是,purple,cheese,0.07,food,9,color,Yes,-1,-1,english,汉语,1,Female,30,-1,,nearNative,1,chinese,Windows,864,1536,Chrome,3XD2A6FGFNP3JN83VBZHOV0OYN89ST,319P43LJ7WVGW7F65Y0MR7ZB7M6Z72,汉语语句,回答关于物体描述的问题,语言 研究 乐趣 认知科学 大学 汉语 chinese,$0.40,Sat May 18 09:21:24 PDT 2019,9,3,0,6,Assignable,NotReviewed,1 cond,1800,60000,Fri May 31 09:18:04 PDT 2019,https://requester.mturk.com/mturk/manageHIT?HITId=3XD2A6FGFNP3JN83VBZHOV0OYN89ST,3HYA4D452SFM2IGBVKP5WS5KN7NF28,4,Approved,Sun May 19 23:50:50 PDT 2019,Sun May 19 06:59:36 PDT 2019,Sun May 19 07:10:50 PDT 2019,Sun May 19 23:50:59 PDT 2019,,,,,[],11.110533333333333
4,不是,rotten,chair,0.77,furniture,10,age,Yes,-1,-1,english,汉语,1,Female,30,-1,,nearNative,1,chinese,Windows,864,1536,Chrome,3XD2A6FGFNP3JN83VBZHOV0OYN89ST,319P43LJ7WVGW7F65Y0MR7ZB7M6Z72,汉语语句,回答关于物体描述的问题,语言 研究 乐趣 认知科学 大学 汉语 chinese,$0.40,Sat May 18 09:21:24 PDT 2019,9,3,0,6,Assignable,NotReviewed,1 cond,1800,60000,Fri May 31 09:18:04 PDT 2019,https://requester.mturk.com/mturk/manageHIT?HITId=3XD2A6FGFNP3JN83VBZHOV0OYN89ST,3HYA4D452SFM2IGBVKP5WS5KN7NF28,4,Approved,Sun May 19 23:50:50 PDT 2019,Sun May 19 06:59:36 PDT 2019,Sun May 19 07:10:50 PDT 2019,Sun May 19 23:50:59 PDT 2019,,,,,[],11.110533333333333
4,不是,square,box,0,furniture,11,shape,Yes,-1,-1,english,汉语,1,Female,30,-1,,nearNative,1,chinese,Windows,864,1536,Chrome,3XD2A6FGFNP3JN83VBZHOV0OYN89ST,319P43LJ7WVGW7F65Y0MR7ZB7M6Z72,汉语语句,回答关于物体描述的问题,语言 研究 乐趣 认知科学 大学 汉语 chinese,$0.40,Sat May 18 09:21:24 PDT 2019,9,3,0,6,Assignable,NotReviewed,1 cond,1800,60000,Fri May 31 09:18:04 PDT 2019,https://requester.mturk.com/mturk/manageHIT?HITId=3XD2A6FGFNP3JN83VBZHOV0OYN89ST,3HYA4D452SFM2IGBVKP5WS5KN7NF28,4,Approved,Sun May 19 23:50:50 PDT 2019,Sun May 19 06:59:36 PDT 2019,Sun May 19 07:10:50 PDT 2019,Sun May 19 23:50:59 PDT 2019,,,,,[],11.110533333333333
4,是,fresh,tomato,0.51,food,12,age,Yes,-1,-1,english,汉语,1,Female,30,-1,,nearNative,1,chinese,Windows,864,1536,Chrome,3XD2A6FGFNP3JN83VBZHOV0OYN89ST,319P43LJ7WVGW7F65Y0MR7ZB7M6Z72,汉语语句,回答关于物体描述的问题,语言 研究 乐趣 认知科学 大学 汉语 chinese,$0.40,Sat May 18 09:21:24 PDT 2019,9,3,0,6,Assignable,NotReviewed,1 cond,1800,60000,Fri May 31 09:18:04 PDT 2019,https://requester.mturk.com/mturk/manageHIT?HITId=3XD2A6FGFNP3JN83VBZHOV0OYN89ST,3HYA4D452SFM2IGBVKP5WS5KN7NF28,4,Approved,Sun May 19 23:50:50 PDT 2019,Sun May 19 06:59:36 PDT 2019,Sun May 19 07:10:50 PDT 2019,Sun May 19 23:50:59 PDT 2019,,,,,[],11.110533333333333
4,不是,long,potato,0.77,food,13,size,Yes,-1,-1,english,汉语,1,Female,30,-1,,nearNative,1,chinese,Windows,864,1536,Chrome,3XD2A6FGFNP3JN83VBZHOV0OYN89ST,319P43LJ7WVGW7F65Y0MR7ZB7M6Z72,汉语语句,回答关于物体描述的问题,语言 研究 乐趣 认知科学 大学 汉语 chinese,$0.40,Sat May 18 09:21:24 PDT 2019,9,3,0,6,Assignable,NotReviewed,1 cond,1800,60000,Fri May 31 09:18:04 PDT 2019,https://requester.mturk.com/mturk/manageHIT?HITId=3XD2A6FGFNP3JN83VBZHOV0OYN89ST,3HYA4D452SFM2IGBVKP5WS5KN7NF28,4,Approved,Sun May 19 23:50:50 PDT 2019,Sun May 19 06:59:36 PDT 2019,Sun May 19 07:10:50 PDT 2019,Sun May 19 23:50:59 PDT 2019,,,,,[],11.110533333333333
4,不是,blue,apple,0.07,food,14,color,Yes,-1,-1,english,汉语,1,Female,30,-1,,nearNative,1,chinese,Windows,864,1536,Chrome,3XD2A6FGFNP3JN83VBZHOV0OYN89ST,319P43LJ7WVGW7F65Y0MR7ZB7M6Z72,汉语语句,回答关于物体描述的问题,语言 研究 乐趣 认知科学 大学 汉语 chinese,$0.40,Sat May 18 09:21:24 PDT 2019,9,3,0,6,Assignable,NotReviewed,1 cond,1800,60000,Fri May 31 09:18:04 PDT 2019,https://requester.mturk.com/mturk/manageHIT?HITId=3XD2A6FGFNP3JN83VBZHOV0OYN89ST,3HYA4D452SFM2IGBVKP5WS5KN7NF28,4,Approved,Sun May 19 23:50:50 PDT 2019,Sun May 19 06:59:36 PDT 2019,Sun May 19 07:10:50 PDT 2019,Sun May 19 23:50:59 PDT 2019,,,,,[],11.110533333333333
4,不是,wooden,tomato,0.02,food,15,material,Yes,-1,-1,english,汉语,1,Female,30,-1,,nearNative,1,chinese,Windows,864,1536,Chrome,3XD2A6FGFNP3JN83VBZHOV0OYN89ST,319P43LJ7WVGW7F65Y0MR7ZB7M6Z72,汉语语句,回答关于物体描述的问题,语言 研究 乐趣 认知科学 大学 汉语 chinese,$0.40,Sat May 18 09:21:24 PDT 2019,9,3,0,6,Assignable,NotReviewed,1 cond,1800,60000,Fri May 31 09:18:04 PDT 2019,https://requester.mturk.com/mturk/manageHIT?HITId=3XD2A6FGFNP3JN83VBZHOV0OYN89ST,3HYA4D452SFM2IGBVKP5WS5KN7NF28,4,Approved,Sun May 19 23:50:50 PDT 2019,Sun May 19 06:59:36 PDT 2019,Sun May 19 07:10:50 PDT 2019,Sun May 19 23:50:59 PDT 2019,,,,,[],11.110533333333333
4,不是,hard,table,0.03,furniture,16,texture,Yes,-1,-1,english,汉语,1,Female,30,-1,,nearNative,1,chinese,Windows,864,1536,Chrome,3XD2A6FGFNP3JN83VBZHOV0OYN89ST,319P43LJ7WVGW7F65Y0MR7ZB7M6Z72,汉语语句,回答关于物体描述的问题,语言 研究 乐趣 认知科学 大学 汉语 chinese,$0.40,Sat May 18 09:21:24 PDT 2019,9,3,0,6,Assignable,NotReviewed,1 cond,1800,60000,Fri May 31 09:18:04 PDT 2019,https://requester.mturk.com/mturk/manageHIT?HITId=3XD2A6FGFNP3JN83VBZHOV0OYN89ST,3HYA4D452SFM2IGBVKP5WS5KN7NF28,4,Approved,Sun May 19 23:50:50 PDT 2019,Sun May 19 06:59:36 PDT 2019,Sun May 19 07:10:50 PDT 2019,Sun May 19 23:50:59 PDT 2019,,,,,[],11.110533333333333
4,是,dry,potato,0.8,food,17,texture,Yes,-1,-1,english,汉语,1,Female,30,-1,,nearNative,1,chinese,Windows,864,1536,Chrome,3XD2A6FGFNP3JN83VBZHOV0OYN89ST,319P43LJ7WVGW7F65Y0MR7ZB7M6Z72,汉语语句,回答关于物体描述的问题,语言 研究 乐趣 认知科学 大学 汉语 chinese,$0.40,Sat May 18 09:21:24 PDT 2019,9,3,0,6,Assignable,NotReviewed,1 cond,1800,60000,Fri May 31 09:18:04 PDT 2019,https://requester.mturk.com/mturk/manageHIT?HITId=3XD2A6FGFNP3JN83VBZHOV0OYN89ST,3HYA4D452SFM2IGBVKP5WS5KN7NF28,4,Approved,Sun May 19 23:50:50 PDT 2019,Sun May 19 06:59:36 PDT 2019,Sun May 19 07:10:50 PDT 2019,Sun May 19 23:50:59 PDT 2019,,,,,[],11.110533333333333
4,不是,old,box,0.96,furniture,18,age,Yes,-1,-1,english,汉语,1,Female,30,-1,,nearNative,1,chinese,Windows,864,1536,Chrome,3XD2A6FGFNP3JN83VBZHOV0OYN89ST,319P43LJ7WVGW7F65Y0MR7ZB7M6Z72,汉语语句,回答关于物体描述的问题,语言 研究 乐趣 认知科学 大学 汉语 chinese,$0.40,Sat May 18 09:21:24 PDT 2019,9,3,0,6,Assignable,NotReviewed,1 cond,1800,60000,Fri May 31 09:18:04 PDT 2019,https://requester.mturk.com/mturk/manageHIT?HITId=3XD2A6FGFNP3JN83VBZHOV0OYN89ST,3HYA4D452SFM2IGBVKP5WS5KN7NF28,4,Approved,Sun May 19 23:50:50 PDT 2019,Sun May 19 06:59:36 PDT 2019,Sun May 19 07:10:50 PDT 2019,Sun May 19 23:50:59 PDT 2019,,,,,[],11.110533333333333
4,不是,green,chair,0.41,furniture,19,color,Yes,-1,-1,english,汉语,1,Female,30,-1,,nearNative,1,chinese,Windows,864,1536,Chrome,3XD2A6FGFNP3JN83VBZHOV0OYN89ST,319P43LJ7WVGW7F65Y0MR7ZB7M6Z72,汉语语句,回答关于物体描述的问题,语言 研究 乐趣 认知科学 大学 汉语 chinese,$0.40,Sat May 18 09:21:24 PDT 2019,9,3,0,6,Assignable,NotReviewed,1 cond,1800,60000,Fri May 31 09:18:04 PDT 2019,https://requester.mturk.com/mturk/manageHIT?HITId=3XD2A6FGFNP3JN83VBZHOV0OYN89ST,3HYA4D452SFM2IGBVKP5WS5KN7NF28,4,Approved,Sun May 19 23:50:50 PDT 2019,Sun May 19 06:59:36 PDT 2019,Sun May 19 07:10:50 PDT 2019,Sun May 19 23:50:59 PDT 2019,,,,,[],11.110533333333333
4,不是,metal,chair,0.01,furniture,20,material,Yes,-1,-1,english,汉语,1,Female,30,-1,,nearNative,1,chinese,Windows,864,1536,Chrome,3XD2A6FGFNP3JN83VBZHOV0OYN89ST,319P43LJ7WVGW7F65Y0MR7ZB7M6Z72,汉语语句,回答关于物体描述的问题,语言 研究 乐趣 认知科学 大学 汉语 chinese,$0.40,Sat May 18 09:21:24 PDT 2019,9,3,0,6,Assignable,NotReviewed,1 cond,1800,60000,Fri May 31 09:18:04 PDT 2019,https://requester.mturk.com/mturk/manageHIT?HITId=3XD2A6FGFNP3JN83VBZHOV0OYN89ST,3HYA4D452SFM2IGBVKP5WS5KN7NF28,4,Approved,Sun May 19 23:50:50 PDT 2019,Sun May 19 06:59:36 PDT 2019,Sun May 19 07:10:50 PDT 2019,Sun May 19 23:50:59 PDT 2019,,,,,[],11.110533333333333
4,不是,small,tomato,0.93,food,21,size,Yes,-1,-1,english,汉语,1,Female,30,-1,,nearNative,1,chinese,Windows,864,1536,Chrome,3XD2A6FGFNP3JN83VBZHOV0OYN89ST,319P43LJ7WVGW7F65Y0MR7ZB7M6Z72,汉语语句,回答关于物体描述的问题,语言 研究 乐趣 认知科学 大学 汉语 chinese,$0.40,Sat May 18 09:21:24 PDT 2019,9,3,0,6,Assignable,NotReviewed,1 cond,1800,60000,Fri May 31 09:18:04 PDT 2019,https://requester.mturk.com/mturk/manageHIT?HITId=3XD2A6FGFNP3JN83VBZHOV0OYN89ST,3HYA4D452SFM2IGBVKP5WS5KN7NF28,4,Approved,Sun May 19 23:50:50 PDT 2019,Sun May 19 06:59:36 PDT 2019,Sun May 19 07:10:50 PDT 2019,Sun May 19 23:50:59 PDT 2019,,,,,[],11.110533333333333
4,不是,plastic,apple,0.07,food,22,material,Yes,-1,-1,english,汉语,1,Female,30,-1,,nearNative,1,chinese,Windows,864,1536,Chrome,3XD2A6FGFNP3JN83VBZHOV0OYN89ST,319P43LJ7WVGW7F65Y0MR7ZB7M6Z72,汉语语句,回答关于物体描述的问题,语言 研究 乐趣 认知科学 大学 汉语 chinese,$0.40,Sat May 18 09:21:24 PDT 2019,9,3,0,6,Assignable,NotReviewed,1 cond,1800,60000,Fri May 31 09:18:04 PDT 2019,https://requester.mturk.com/mturk/manageHIT?HITId=3XD2A6FGFNP3JN83VBZHOV0OYN89ST,3HYA4D452SFM2IGBVKP5WS5KN7NF28,4,Approved,Sun May 19 23:50:50 PDT 2019,Sun May 19 06:59:36 PDT 2019,Sun May 19 07:10:50 PDT 2019,Sun May 19 23:50:59 PDT 2019,,,,,[],11.110533333333333
4,不是,heavy,tomato,0.87,food,23,size,Yes,-1,-1,english,汉语,1,Female,30,-1,,nearNative,1,chinese,Windows,864,1536,Chrome,3XD2A6FGFNP3JN83VBZHOV0OYN89ST,319P43LJ7WVGW7F65Y0MR7ZB7M6Z72,汉语语句,回答关于物体描述的问题,语言 研究 乐趣 认知科学 大学 汉语 chinese,$0.40,Sat May 18 09:21:24 PDT 2019,9,3,0,6,Assignable,NotReviewed,1 cond,1800,60000,Fri May 31 09:18:04 PDT 2019,https://requester.mturk.com/mturk/manageHIT?HITId=3XD2A6FGFNP3JN83VBZHOV0OYN89ST,3HYA4D452SFM2IGBVKP5WS5KN7NF28,4,Approved,Sun May 19 23:50:50 PDT 2019,Sun May 19 06:59:36 PDT 2019,Sun May 19 07:10:50 PDT 2019,Sun May 19 23:50:59 PDT 2019,,,,,[],11.110533333333333
4,不是,good,couch,0.95,furniture,24,quality,Yes,-1,-1,english,汉语,1,Female,30,-1,,nearNative,1,chinese,Windows,864,1536,Chrome,3XD2A6FGFNP3JN83VBZHOV0OYN89ST,319P43LJ7WVGW7F65Y0MR7ZB7M6Z72,汉语语句,回答关于物体描述的问题,语言 研究 乐趣 认知科学 大学 汉语 chinese,$0.40,Sat May 18 09:21:24 PDT 2019,9,3,0,6,Assignable,NotReviewed,1 cond,1800,60000,Fri May 31 09:18:04 PDT 2019,https://requester.mturk.com/mturk/manageHIT?HITId=3XD2A6FGFNP3JN83VBZHOV0OYN89ST,3HYA4D452SFM2IGBVKP5WS5KN7NF28,4,Approved,Sun May 19 23:50:50 PDT 2019,Sun May 19 06:59:36 PDT 2019,Sun May 19 07:10:50 PDT 2019,Sun May 19 23:50:59 PDT 2019,,,,,[],11.110533333333333
4,是,soft,couch,0.97,furniture,25,texture,Yes,-1,-1,english,汉语,1,Female,30,-1,,nearNative,1,chinese,Windows,864,1536,Chrome,3XD2A6FGFNP3JN83VBZHOV0OYN89ST,319P43LJ7WVGW7F65Y0MR7ZB7M6Z72,汉语语句,回答关于物体描述的问题,语言 研究 乐趣 认知科学 大学 汉语 chinese,$0.40,Sat May 18 09:21:24 PDT 2019,9,3,0,6,Assignable,NotReviewed,1 cond,1800,60000,Fri May 31 09:18:04 PDT 2019,https://requester.mturk.com/mturk/manageHIT?HITId=3XD2A6FGFNP3JN83VBZHOV0OYN89ST,3HYA4D452SFM2IGBVKP5WS5KN7NF28,4,Approved,Sun May 19 23:50:50 PDT 2019,Sun May 19 06:59:36 PDT 2019,Sun May 19 07:10:50 PDT 2019,Sun May 19 23:50:59 PDT 2019,,,,,[],11.110533333333333
4,是,big,chair,0.91,furniture,26,size,Yes,-1,-1,english,汉语,1,Female,30,-1,,nearNative,1,chinese,Windows,864,1536,Chrome,3XD2A6FGFNP3JN83VBZHOV0OYN89ST,319P43LJ7WVGW7F65Y0MR7ZB7M6Z72,汉语语句,回答关于物体描述的问题,语言 研究 乐趣 认知科学 大学 汉语 chinese,$0.40,Sat May 18 09:21:24 PDT 2019,9,3,0,6,Assignable,NotReviewed,1 cond,1800,60000,Fri May 31 09:18:04 PDT 2019,https://requester.mturk.com/mturk/manageHIT?HITId=3XD2A6FGFNP3JN83VBZHOV0OYN89ST,3HYA4D452SFM2IGBVKP5WS5KN7NF28,4,Approved,Sun May 19 23:50:50 PDT 2019,Sun May 19 06:59:36 PDT 2019,Sun May 19 07:10:50 PDT 2019,Sun May 19 23:50:59 PDT 2019,,,,,[],11.110533333333333
4,不是,brown,tomato,0.5,food,27,color,Yes,-1,-1,english,汉语,1,Female,30,-1,,nearNative,1,chinese,Windows,864,1536,Chrome,3XD2A6FGFNP3JN83VBZHOV0OYN89ST,319P43LJ7WVGW7F65Y0MR7ZB7M6Z72,汉语语句,回答关于物体描述的问题,语言 研究 乐趣 认知科学 大学 汉语 chinese,$0.40,Sat May 18 09:21:24 PDT 2019,9,3,0,6,Assignable,NotReviewed,1 cond,1800,60000,Fri May 31 09:18:04 PDT 2019,https://requester.mturk.com/mturk/manageHIT?HITId=3XD2A6FGFNP3JN83VBZHOV0OYN89ST,3HYA4D452SFM2IGBVKP5WS5KN7NF28,4,Approved,Sun May 19 23:50:50 PDT 2019,Sun May 19 06:59:36 PDT 2019,Sun May 19 07:10:50 PDT 2019,Sun May 19 23:50:59 PDT 2019,,,,,[],11.110533333333333
4,不是,round,apple,0.49,food,28,shape,Yes,-1,-1,english,汉语,1,Female,30,-1,,nearNative,1,chinese,Windows,864,1536,Chrome,3XD2A6FGFNP3JN83VBZHOV0OYN89ST,319P43LJ7WVGW7F65Y0MR7ZB7M6Z72,汉语语句,回答关于物体描述的问题,语言 研究 乐趣 认知科学 大学 汉语 chinese,$0.40,Sat May 18 09:21:24 PDT 2019,9,3,0,6,Assignable,NotReviewed,1 cond,1800,60000,Fri May 31 09:18:04 PDT 2019,https://requester.mturk.com/mturk/manageHIT?HITId=3XD2A6FGFNP3JN83VBZHOV0OYN89ST,3HYA4D452SFM2IGBVKP5WS5KN7NF28,4,Approved,Sun May 19 23:50:50 PDT 2019,Sun May 19 06:59:36 PDT 2019,Sun May 19 07:10:50 PDT 2019,Sun May 19 23:50:59 PDT 2019,,,,,[],11.110533333333333
5,不是,heavy,watermelon,1,food,3,size,Yes,5plus,before8,english,中文,2,Male,25,ChineseEnglish,,native,3,chinese,Windows,1080,1920,Chrome,3XD2A6FGFNP3JN83VBZHOV0OYN89ST,319P43LJ7WVGW7F65Y0MR7ZB7M6Z72,汉语语句,回答关于物体描述的问题,语言 研究 乐趣 认知科学 大学 汉语 chinese,$0.40,Sat May 18 09:21:24 PDT 2019,9,3,0,6,Assignable,NotReviewed,1 cond,1800,60000,Fri May 31 09:18:04 PDT 2019,https://requester.mturk.com/mturk/manageHIT?HITId=3XD2A6FGFNP3JN83VBZHOV0OYN89ST,3FE7TXL1LJJJT76K900Z8R9YV5Y2QK,5,Approved,Fri May 24 08:10:28 PDT 2019,Thu May 23 15:26:30 PDT 2019,Thu May 23 15:30:28 PDT 2019,Fri May 24 08:10:59 PDT 2019,,,,,[],3.9192666666666667
5,不是,blue,watermelon,0,food,4,color,Yes,5plus,before8,english,中文,2,Male,25,ChineseEnglish,,native,3,chinese,Windows,1080,1920,Chrome,3XD2A6FGFNP3JN83VBZHOV0OYN89ST,319P43LJ7WVGW7F65Y0MR7ZB7M6Z72,汉语语句,回答关于物体描述的问题,语言 研究 乐趣 认知科学 大学 汉语 chinese,$0.40,Sat May 18 09:21:24 PDT 2019,9,3,0,6,Assignable,NotReviewed,1 cond,1800,60000,Fri May 31 09:18:04 PDT 2019,https://requester.mturk.com/mturk/manageHIT?HITId=3XD2A6FGFNP3JN83VBZHOV0OYN89ST,3FE7TXL1LJJJT76K900Z8R9YV5Y2QK,5,Approved,Fri May 24 08:10:28 PDT 2019,Thu May 23 15:26:30 PDT 2019,Thu May 23 15:30:28 PDT 2019,Fri May 24 08:10:59 PDT 2019,,,,,[],3.9192666666666667
5,是,red,potato,0,food,5,color,Yes,5plus,before8,english,中文,2,Male,25,ChineseEnglish,,native,3,chinese,Windows,1080,1920,Chrome,3XD2A6FGFNP3JN83VBZHOV0OYN89ST,319P43LJ7WVGW7F65Y0MR7ZB7M6Z72,汉语语句,回答关于物体描述的问题,语言 研究 乐趣 认知科学 大学 汉语 chinese,$0.40,Sat May 18 09:21:24 PDT 2019,9,3,0,6,Assignable,NotReviewed,1 cond,1800,60000,Fri May 31 09:18:04 PDT 2019,https://requester.mturk.com/mturk/manageHIT?HITId=3XD2A6FGFNP3JN83VBZHOV0OYN89ST,3FE7TXL1LJJJT76K900Z8R9YV5Y2QK,5,Approved,Fri May 24 08:10:28 PDT 2019,Thu May 23 15:26:30 PDT 2019,Thu May 23 15:30:28 PDT 2019,Fri May 24 08:10:59 PDT 2019,,,,,[],3.9192666666666667
5,不是,small,couch,1,furniture,6,size,Yes,5plus,before8,english,中文,2,Male,25,ChineseEnglish,,native,3,chinese,Windows,1080,1920,Chrome,3XD2A6FGFNP3JN83VBZHOV0OYN89ST,319P43LJ7WVGW7F65Y0MR7ZB7M6Z72,汉语语句,回答关于物体描述的问题,语言 研究 乐趣 认知科学 大学 汉语 chinese,$0.40,Sat May 18 09:21:24 PDT 2019,9,3,0,6,Assignable,NotReviewed,1 cond,1800,60000,Fri May 31 09:18:04 PDT 2019,https://requester.mturk.com/mturk/manageHIT?HITId=3XD2A6FGFNP3JN83VBZHOV0OYN89ST,3FE7TXL1LJJJT76K900Z8R9YV5Y2QK,5,Approved,Fri May 24 08:10:28 PDT 2019,Thu May 23 15:26:30 PDT 2019,Thu May 23 15:30:28 PDT 2019,Fri May 24 08:10:59 PDT 2019,,,,,[],3.9192666666666667
5,不是,bad,chair,1,furniture,7,quality,Yes,5plus,before8,english,中文,2,Male,25,ChineseEnglish,,native,3,chinese,Windows,1080,1920,Chrome,3XD2A6FGFNP3JN83VBZHOV0OYN89ST,319P43LJ7WVGW7F65Y0MR7ZB7M6Z72,汉语语句,回答关于物体描述的问题,语言 研究 乐趣 认知科学 大学 汉语 chinese,$0.40,Sat May 18 09:21:24 PDT 2019,9,3,0,6,Assignable,NotReviewed,1 cond,1800,60000,Fri May 31 09:18:04 PDT 2019,https://requester.mturk.com/mturk/manageHIT?HITId=3XD2A6FGFNP3JN83VBZHOV0OYN89ST,3FE7TXL1LJJJT76K900Z8R9YV5Y2QK,5,Approved,Fri May 24 08:10:28 PDT 2019,Thu May 23 15:26:30 PDT 2019,Thu May 23 15:30:28 PDT 2019,Fri May 24 08:10:59 PDT 2019,,,,,[],3.9192666666666667
5,不是,green,watermelon,0,food,8,color,Yes,5plus,before8,english,中文,2,Male,25,ChineseEnglish,,native,3,chinese,Windows,1080,1920,Chrome,3XD2A6FGFNP3JN83VBZHOV0OYN89ST,319P43LJ7WVGW7F65Y0MR7ZB7M6Z72,汉语语句,回答关于物体描述的问题,语言 研究 乐趣 认知科学 大学 汉语 chinese,$0.40,Sat May 18 09:21:24 PDT 2019,9,3,0,6,Assignable,NotReviewed,1 cond,1800,60000,Fri May 31 09:18:04 PDT 2019,https://requester.mturk.com/mturk/manageHIT?HITId=3XD2A6FGFNP3JN83VBZHOV0OYN89ST,3FE7TXL1LJJJT76K900Z8R9YV5Y2QK,5,Approved,Fri May 24 08:10:28 PDT 2019,Thu May 23 15:26:30 PDT 2019,Thu May 23 15:30:28 PDT 2019,Fri May 24 08:10:59 PDT 2019,,,,,[],3.9192666666666667
5,不是,wooden,tomato,0,food,9,material,Yes,5plus,before8,english,中文,2,Male,25,ChineseEnglish,,native,3,chinese,Windows,1080,1920,Chrome,3XD2A6FGFNP3JN83VBZHOV0OYN89ST,319P43LJ7WVGW7F65Y0MR7ZB7M6Z72,汉语语句,回答关于物体描述的问题,语言 研究 乐趣 认知科学 大学 汉语 chinese,$0.40,Sat May 18 09:21:24 PDT 2019,9,3,0,6,Assignable,NotReviewed,1 cond,1800,60000,Fri May 31 09:18:04 PDT 2019,https://requester.mturk.com/mturk/manageHIT?HITId=3XD2A6FGFNP3JN83VBZHOV0OYN89ST,3FE7TXL1LJJJT76K900Z8R9YV5Y2QK,5,Approved,Fri May 24 08:10:28 PDT 2019,Thu May 23 15:26:30 PDT 2019,Thu May 23 15:30:28 PDT 2019,Fri May 24 08:10:59 PDT 2019,,,,,[],3.9192666666666667
5,不是,yellow,tomato,1,food,10,color,Yes,5plus,before8,english,中文,2,Male,25,ChineseEnglish,,native,3,chinese,Windows,1080,1920,Chrome,3XD2A6FGFNP3JN83VBZHOV0OYN89ST,319P43LJ7WVGW7F65Y0MR7ZB7M6Z72,汉语语句,回答关于物体描述的问题,语言 研究 乐趣 认知科学 大学 汉语 chinese,$0.40,Sat May 18 09:21:24 PDT 2019,9,3,0,6,Assignable,NotReviewed,1 cond,1800,60000,Fri May 31 09:18:04 PDT 2019,https://requester.mturk.com/mturk/manageHIT?HITId=3XD2A6FGFNP3JN83VBZHOV0OYN89ST,3FE7TXL1LJJJT76K900Z8R9YV5Y2QK,5,Approved,Fri May 24 08:10:28 PDT 2019,Thu May 23 15:26:30 PDT 2019,Thu May 23 15:30:28 PDT 2019,Fri May 24 08:10:59 PDT 2019,,,,,[],3.9192666666666667
5,不是,dry,bed,1,furniture,11,texture,Yes,5plus,before8,english,中文,2,Male,25,ChineseEnglish,,native,3,chinese,Windows,1080,1920,Chrome,3XD2A6FGFNP3JN83VBZHOV0OYN89ST,319P43LJ7WVGW7F65Y0MR7ZB7M6Z72,汉语语句,回答关于物体描述的问题,语言 研究 乐趣 认知科学 大学 汉语 chinese,$0.40,Sat May 18 09:21:24 PDT 2019,9,3,0,6,Assignable,NotReviewed,1 cond,1800,60000,Fri May 31 09:18:04 PDT 2019,https://requester.mturk.com/mturk/manageHIT?HITId=3XD2A6FGFNP3JN83VBZHOV0OYN89ST,3FE7TXL1LJJJT76K900Z8R9YV5Y2QK,5,Approved,Fri May 24 08:10:28 PDT 2019,Thu May 23 15:26:30 PDT 2019,Thu May 23 15:30:28 PDT 2019,Fri May 24 08:10:59 PDT 2019,,,,,[],3.9192666666666667
5,是,new,box,0.99,furniture,12,age,Yes,5plus,before8,english,中文,2,Male,25,ChineseEnglish,,native,3,chinese,Windows,1080,1920,Chrome,3XD2A6FGFNP3JN83VBZHOV0OYN89ST,319P43LJ7WVGW7F65Y0MR7ZB7M6Z72,汉语语句,回答关于物体描述的问题,语言 研究 乐趣 认知科学 大学 汉语 chinese,$0.40,Sat May 18 09:21:24 PDT 2019,9,3,0,6,Assignable,NotReviewed,1 cond,1800,60000,Fri May 31 09:18:04 PDT 2019,https://requester.mturk.com/mturk/manageHIT?HITId=3XD2A6FGFNP3JN83VBZHOV0OYN89ST,3FE7TXL1LJJJT76K900Z8R9YV5Y2QK,5,Approved,Fri May 24 08:10:28 PDT 2019,Thu May 23 15:26:30 PDT 2019,Thu May 23 15:30:28 PDT 2019,Fri May 24 08:10:59 PDT 2019,,,,,[],3.9192666666666667
5,不是,purple,couch,1,furniture,13,color,Yes,5plus,before8,english,中文,2,Male,25,ChineseEnglish,,native,3,chinese,Windows,1080,1920,Chrome,3XD2A6FGFNP3JN83VBZHOV0OYN89ST,319P43LJ7WVGW7F65Y0MR7ZB7M6Z72,汉语语句,回答关于物体描述的问题,语言 研究 乐趣 认知科学 大学 汉语 chinese,$0.40,Sat May 18 09:21:24 PDT 2019,9,3,0,6,Assignable,NotReviewed,1 cond,1800,60000,Fri May 31 09:18:04 PDT 2019,https://requester.mturk.com/mturk/manageHIT?HITId=3XD2A6FGFNP3JN83VBZHOV0OYN89ST,3FE7TXL1LJJJT76K900Z8R9YV5Y2QK,5,Approved,Fri May 24 08:10:28 PDT 2019,Thu May 23 15:26:30 PDT 2019,Thu May 23 15:30:28 PDT 2019,Fri May 24 08:10:59 PDT 2019,,,,,[],3.9192666666666667
5,是,long,watermelon,1,food,14,size,Yes,5plus,before8,english,中文,2,Male,25,ChineseEnglish,,native,3,chinese,Windows,1080,1920,Chrome,3XD2A6FGFNP3JN83VBZHOV0OYN89ST,319P43LJ7WVGW7F65Y0MR7ZB7M6Z72,汉语语句,回答关于物体描述的问题,语言 研究 乐趣 认知科学 大学 汉语 chinese,$0.40,Sat May 18 09:21:24 PDT 2019,9,3,0,6,Assignable,NotReviewed,1 cond,1800,60000,Fri May 31 09:18:04 PDT 2019,https://requester.mturk.com/mturk/manageHIT?HITId=3XD2A6FGFNP3JN83VBZHOV0OYN89ST,3FE7TXL1LJJJT76K900Z8R9YV5Y2QK,5,Approved,Fri May 24 08:10:28 PDT 2019,Thu May 23 15:26:30 PDT 2019,Thu May 23 15:30:28 PDT 2019,Fri May 24 08:10:59 PDT 2019,,,,,[],3.9192666666666667
5,是,fresh,tomato,1,food,15,age,Yes,5plus,before8,english,中文,2,Male,25,ChineseEnglish,,native,3,chinese,Windows,1080,1920,Chrome,3XD2A6FGFNP3JN83VBZHOV0OYN89ST,319P43LJ7WVGW7F65Y0MR7ZB7M6Z72,汉语语句,回答关于物体描述的问题,语言 研究 乐趣 认知科学 大学 汉语 chinese,$0.40,Sat May 18 09:21:24 PDT 2019,9,3,0,6,Assignable,NotReviewed,1 cond,1800,60000,Fri May 31 09:18:04 PDT 2019,https://requester.mturk.com/mturk/manageHIT?HITId=3XD2A6FGFNP3JN83VBZHOV0OYN89ST,3FE7TXL1LJJJT76K900Z8R9YV5Y2QK,5,Approved,Fri May 24 08:10:28 PDT 2019,Thu May 23 15:26:30 PDT 2019,Thu May 23 15:30:28 PDT 2019,Fri May 24 08:10:59 PDT 2019,,,,,[],3.9192666666666667
5,是,square,table,1,furniture,16,shape,Yes,5plus,before8,english,中文,2,Male,25,ChineseEnglish,,native,3,chinese,Windows,1080,1920,Chrome,3XD2A6FGFNP3JN83VBZHOV0OYN89ST,319P43LJ7WVGW7F65Y0MR7ZB7M6Z72,汉语语句,回答关于物体描述的问题,语言 研究 乐趣 认知科学 大学 汉语 chinese,$0.40,Sat May 18 09:21:24 PDT 2019,9,3,0,6,Assignable,NotReviewed,1 cond,1800,60000,Fri May 31 09:18:04 PDT 2019,https://requester.mturk.com/mturk/manageHIT?HITId=3XD2A6FGFNP3JN83VBZHOV0OYN89ST,3FE7TXL1LJJJT76K900Z8R9YV5Y2QK,5,Approved,Fri May 24 08:10:28 PDT 2019,Thu May 23 15:26:30 PDT 2019,Thu May 23 15:30:28 PDT 2019,Fri May 24 08:10:59 PDT 2019,,,,,[],3.9192666666666667
5,是,hard,tomato,0,food,17,texture,Yes,5plus,before8,english,中文,2,Male,25,ChineseEnglish,,native,3,chinese,Windows,1080,1920,Chrome,3XD2A6FGFNP3JN83VBZHOV0OYN89ST,319P43LJ7WVGW7F65Y0MR7ZB7M6Z72,汉语语句,回答关于物体描述的问题,语言 研究 乐趣 认知科学 大学 汉语 chinese,$0.40,Sat May 18 09:21:24 PDT 2019,9,3,0,6,Assignable,NotReviewed,1 cond,1800,60000,Fri May 31 09:18:04 PDT 2019,https://requester.mturk.com/mturk/manageHIT?HITId=3XD2A6FGFNP3JN83VBZHOV0OYN89ST,3FE7TXL1LJJJT76K900Z8R9YV5Y2QK,5,Approved,Fri May 24 08:10:28 PDT 2019,Thu May 23 15:26:30 PDT 2019,Thu May 23 15:30:28 PDT 2019,Fri May 24 08:10:59 PDT 2019,,,,,[],3.9192666666666667
5,是,big,tomato,0.99,food,18,size,Yes,5plus,before8,english,中文,2,Male,25,ChineseEnglish,,native,3,chinese,Windows,1080,1920,Chrome,3XD2A6FGFNP3JN83VBZHOV0OYN89ST,319P43LJ7WVGW7F65Y0MR7ZB7M6Z72,汉语语句,回答关于物体描述的问题,语言 研究 乐趣 认知科学 大学 汉语 chinese,$0.40,Sat May 18 09:21:24 PDT 2019,9,3,0,6,Assignable,NotReviewed,1 cond,1800,60000,Fri May 31 09:18:04 PDT 2019,https://requester.mturk.com/mturk/manageHIT?HITId=3XD2A6FGFNP3JN83VBZHOV0OYN89ST,3FE7TXL1LJJJT76K900Z8R9YV5Y2QK,5,Approved,Fri May 24 08:10:28 PDT 2019,Thu May 23 15:26:30 PDT 2019,Thu May 23 15:30:28 PDT 2019,Fri May 24 08:10:59 PDT 2019,,,,,[],3.9192666666666667
5,不是,good,couch,1,furniture,19,quality,Yes,5plus,before8,english,中文,2,Male,25,ChineseEnglish,,native,3,chinese,Windows,1080,1920,Chrome,3XD2A6FGFNP3JN83VBZHOV0OYN89ST,319P43LJ7WVGW7F65Y0MR7ZB7M6Z72,汉语语句,回答关于物体描述的问题,语言 研究 乐趣 认知科学 大学 汉语 chinese,$0.40,Sat May 18 09:21:24 PDT 2019,9,3,0,6,Assignable,NotReviewed,1 cond,1800,60000,Fri May 31 09:18:04 PDT 2019,https://requester.mturk.com/mturk/manageHIT?HITId=3XD2A6FGFNP3JN83VBZHOV0OYN89ST,3FE7TXL1LJJJT76K900Z8R9YV5Y2QK,5,Approved,Fri May 24 08:10:28 PDT 2019,Thu May 23 15:26:30 PDT 2019,Thu May 23 15:30:28 PDT 2019,Fri May 24 08:10:59 PDT 2019,,,,,[],3.9192666666666667
5,不是,soft,box,1,furniture,20,texture,Yes,5plus,before8,english,中文,2,Male,25,ChineseEnglish,,native,3,chinese,Windows,1080,1920,Chrome,3XD2A6FGFNP3JN83VBZHOV0OYN89ST,319P43LJ7WVGW7F65Y0MR7ZB7M6Z72,汉语语句,回答关于物体描述的问题,语言 研究 乐趣 认知科学 大学 汉语 chinese,$0.40,Sat May 18 09:21:24 PDT 2019,9,3,0,6,Assignable,NotReviewed,1 cond,1800,60000,Fri May 31 09:18:04 PDT 2019,https://requester.mturk.com/mturk/manageHIT?HITId=3XD2A6FGFNP3JN83VBZHOV0OYN89ST,3FE7TXL1LJJJT76K900Z8R9YV5Y2QK,5,Approved,Fri May 24 08:10:28 PDT 2019,Thu May 23 15:26:30 PDT 2019,Thu May 23 15:30:28 PDT 2019,Fri May 24 08:10:59 PDT 2019,,,,,[],3.9192666666666667
5,不是,metal,watermelon,0,food,21,material,Yes,5plus,before8,english,中文,2,Male,25,ChineseEnglish,,native,3,chinese,Windows,1080,1920,Chrome,3XD2A6FGFNP3JN83VBZHOV0OYN89ST,319P43LJ7WVGW7F65Y0MR7ZB7M6Z72,汉语语句,回答关于物体描述的问题,语言 研究 乐趣 认知科学 大学 汉语 chinese,$0.40,Sat May 18 09:21:24 PDT 2019,9,3,0,6,Assignable,NotReviewed,1 cond,1800,60000,Fri May 31 09:18:04 PDT 2019,https://requester.mturk.com/mturk/manageHIT?HITId=3XD2A6FGFNP3JN83VBZHOV0OYN89ST,3FE7TXL1LJJJT76K900Z8R9YV5Y2QK,5,Approved,Fri May 24 08:10:28 PDT 2019,Thu May 23 15:26:30 PDT 2019,Thu May 23 15:30:28 PDT 2019,Fri May 24 08:10:59 PDT 2019,,,,,[],3.9192666666666667
5,不是,round,cheese,1,food,22,shape,Yes,5plus,before8,english,中文,2,Male,25,ChineseEnglish,,native,3,chinese,Windows,1080,1920,Chrome,3XD2A6FGFNP3JN83VBZHOV0OYN89ST,319P43LJ7WVGW7F65Y0MR7ZB7M6Z72,汉语语句,回答关于物体描述的问题,语言 研究 乐趣 认知科学 大学 汉语 chinese,$0.40,Sat May 18 09:21:24 PDT 2019,9,3,0,6,Assignable,NotReviewed,1 cond,1800,60000,Fri May 31 09:18:04 PDT 2019,https://requester.mturk.com/mturk/manageHIT?HITId=3XD2A6FGFNP3JN83VBZHOV0OYN89ST,3FE7TXL1LJJJT76K900Z8R9YV5Y2QK,5,Approved,Fri May 24 08:10:28 PDT 2019,Thu May 23 15:26:30 PDT 2019,Thu May 23 15:30:28 PDT 2019,Fri May 24 08:10:59 PDT 2019,,,,,[],3.9192666666666667
5,是,light,apple,1,food,23,size,Yes,5plus,before8,english,中文,2,Male,25,ChineseEnglish,,native,3,chinese,Windows,1080,1920,Chrome,3XD2A6FGFNP3JN83VBZHOV0OYN89ST,319P43LJ7WVGW7F65Y0MR7ZB7M6Z72,汉语语句,回答关于物体描述的问题,语言 研究 乐趣 认知科学 大学 汉语 chinese,$0.40,Sat May 18 09:21:24 PDT 2019,9,3,0,6,Assignable,NotReviewed,1 cond,1800,60000,Fri May 31 09:18:04 PDT 2019,https://requester.mturk.com/mturk/manageHIT?HITId=3XD2A6FGFNP3JN83VBZHOV0OYN89ST,3FE7TXL1LJJJT76K900Z8R9YV5Y2QK,5,Approved,Fri May 24 08:10:28 PDT 2019,Thu May 23 15:26:30 PDT 2019,Thu May 23 15:30:28 PDT 2019,Fri May 24 08:10:59 PDT 2019,,,,,[],3.9192666666666667
5,是,rotten,table,0,furniture,24,age,Yes,5plus,before8,english,中文,2,Male,25,ChineseEnglish,,native,3,chinese,Windows,1080,1920,Chrome,3XD2A6FGFNP3JN83VBZHOV0OYN89ST,319P43LJ7WVGW7F65Y0MR7ZB7M6Z72,汉语语句,回答关于物体描述的问题,语言 研究 乐趣 认知科学 大学 汉语 chinese,$0.40,Sat May 18 09:21:24 PDT 2019,9,3,0,6,Assignable,NotReviewed,1 cond,1800,60000,Fri May 31 09:18:04 PDT 2019,https://requester.mturk.com/mturk/manageHIT?HITId=3XD2A6FGFNP3JN83VBZHOV0OYN89ST,3FE7TXL1LJJJT76K900Z8R9YV5Y2QK,5,Approved,Fri May 24 08:10:28 PDT 2019,Thu May 23 15:26:30 PDT 2019,Thu May 23 15:30:28 PDT 2019,Fri May 24 08:10:59 PDT 2019,,,,,[],3.9192666666666667
5,不是,short,potato,1,food,25,size,Yes,5plus,before8,english,中文,2,Male,25,ChineseEnglish,,native,3,chinese,Windows,1080,1920,Chrome,3XD2A6FGFNP3JN83VBZHOV0OYN89ST,319P43LJ7WVGW7F65Y0MR7ZB7M6Z72,汉语语句,回答关于物体描述的问题,语言 研究 乐趣 认知科学 大学 汉语 chinese,$0.40,Sat May 18 09:21:24 PDT 2019,9,3,0,6,Assignable,NotReviewed,1 cond,1800,60000,Fri May 31 09:18:04 PDT 2019,https://requester.mturk.com/mturk/manageHIT?HITId=3XD2A6FGFNP3JN83VBZHOV0OYN89ST,3FE7TXL1LJJJT76K900Z8R9YV5Y2QK,5,Approved,Fri May 24 08:10:28 PDT 2019,Thu May 23 15:26:30 PDT 2019,Thu May 23 15:30:28 PDT 2019,Fri May 24 08:10:59 PDT 2019,,,,,[],3.9192666666666667
5,不是,old,tomato,0,food,26,age,Yes,5plus,before8,english,中文,2,Male,25,ChineseEnglish,,native,3,chinese,Windows,1080,1920,Chrome,3XD2A6FGFNP3JN83VBZHOV0OYN89ST,319P43LJ7WVGW7F65Y0MR7ZB7M6Z72,汉语语句,回答关于物体描述的问题,语言 研究 乐趣 认知科学 大学 汉语 chinese,$0.40,Sat May 18 09:21:24 PDT 2019,9,3,0,6,Assignable,NotReviewed,1 cond,1800,60000,Fri May 31 09:18:04 PDT 2019,https://requester.mturk.com/mturk/manageHIT?HITId=3XD2A6FGFNP3JN83VBZHOV0OYN89ST,3FE7TXL1LJJJT76K900Z8R9YV5Y2QK,5,Approved,Fri May 24 08:10:28 PDT 2019,Thu May 23 15:26:30 PDT 2019,Thu May 23 15:30:28 PDT 2019,Fri May 24 08:10:59 PDT 2019,,,,,[],3.9192666666666667
5,是,plastic,watermelon,0,food,27,material,Yes,5plus,before8,english,中文,2,Male,25,ChineseEnglish,,native,3,chinese,Windows,1080,1920,Chrome,3XD2A6FGFNP3JN83VBZHOV0OYN89ST,319P43LJ7WVGW7F65Y0MR7ZB7M6Z72,汉语语句,回答关于物体描述的问题,语言 研究 乐趣 认知科学 大学 汉语 chinese,$0.40,Sat May 18 09:21:24 PDT 2019,9,3,0,6,Assignable,NotReviewed,1 cond,1800,60000,Fri May 31 09:18:04 PDT 2019,https://requester.mturk.com/mturk/manageHIT?HITId=3XD2A6FGFNP3JN83VBZHOV0OYN89ST,3FE7TXL1LJJJT76K900Z8R9YV5Y2QK,5,Approved,Fri May 24 08:10:28 PDT 2019,Thu May 23 15:26:30 PDT 2019,Thu May 23 15:30:28 PDT 2019,Fri May 24 08:10:59 PDT 2019,,,,,[],3.9192666666666667
5,是,brown,chair,1,furniture,28,color,Yes,5plus,before8,english,中文,2,Male,25,ChineseEnglish,,native,3,chinese,Windows,1080,1920,Chrome,3XD2A6FGFNP3JN83VBZHOV0OYN89ST,319P43LJ7WVGW7F65Y0MR7ZB7M6Z72,汉语语句,回答关于物体描述的问题,语言 研究 乐趣 认知科学 大学 汉语 chinese,$0.40,Sat May 18 09:21:24 PDT 2019,9,3,0,6,Assignable,NotReviewed,1 cond,1800,60000,Fri May 31 09:18:04 PDT 2019,https://requester.mturk.com/mturk/manageHIT?HITId=3XD2A6FGFNP3JN83VBZHOV0OYN89ST,3FE7TXL1LJJJT76K900Z8R9YV5Y2QK,5,Approved,Fri May 24 08:10:28 PDT 2019,Thu May 23 15:26:30 PDT 2019,Thu May 23 15:30:28 PDT 2019,Fri May 24 08:10:59 PDT 2019,,,,,[],3.9192666666666667
