"","workerid","firstutterance","predicate","noun","response","nounclass","slide_number","class","language"
"1",0,"is not","soft","TV",1,"furniture",3,"texture","English"
"2",0,"is","smooth","TV",0.92,"furniture",4,"texture","English"
"3",0,"is not","brown","desk",0.03,"furniture",5,"color","English"
"4",0,"is","red","TV",0.02,"furniture",6,"color","English"
"5",0,"is not","good","desk",0.95,"furniture",7,"quality","English"
"6",0,"is not","old","banana",0.01,"food",8,"age","English"
"7",0,"is not","small","desk",0.89,"furniture",9,"size","English"
"8",0,"is","bad","desk",0.98,"furniture",10,"quality","English"
"9",0,"is not","wooden","fan",0.01,"furniture",11,"material","English"
"10",0,"is not","plastic","fan",0.05,"furniture",12,"material","English"
"11",0,"is not","yellow","carrot",0.03,"food",13,"color","English"
"12",0,"is not","green","banana",0.02,"food",14,"color","English"
"13",0,"is","metal","banana",0.02,"food",15,"material","English"
"14",0,"is not","huge","tomato",0.98,"food",16,"size","English"
"15",0,"is","new","banana",0.38,"food",17,"age","English"
"16",0,"is","purple","couch",0.03,"furniture",18,"color","English"
"17",0,"is","square","cheese",0.04,"food",19,"shape","English"
"18",0,"is not","rotten","banana",0.33,"food",20,"age","English"
"19",0,"is not","long","fan",0.96,"furniture",21,"size","English"
"20",0,"is not","big","fan",0.98,"furniture",22,"size","English"
"21",0,"is","round","carrot",0.03,"food",23,"shape","English"
"22",0,"is not","blue","TV",0.05,"furniture",24,"color","English"
"23",0,"is","tiny","couch",0.98,"furniture",25,"size","English"
"24",0,"is","hard","TV",0.96,"furniture",26,"texture","English"
"25",0,"is not","short","apple",1,"food",27,"size","English"
"26",0,"is not","fresh","chair",0.45,"furniture",28,"age","English"
"27",1,"is","green","tomato",0,"food",3,"color","english"
"28",1,"is not","red","apple",0,"food",4,"color","english"
"29",1,"is not","smooth","cheese",0.24,"food",5,"texture","english"
"30",1,"is","fresh","TV",1,"furniture",6,"age","english"
"31",1,"is not","square","carrot",0.53,"food",7,"shape","english"
"32",1,"is not","plastic","chair",0,"furniture",8,"material","english"
"33",1,"is","bad","fan",1,"furniture",9,"quality","english"
"34",1,"is","metal","banana",0,"food",10,"material","english"
"35",1,"is not","brown","fan",0.26,"furniture",11,"color","english"
"36",1,"is","long","chair",1,"furniture",12,"size","english"
"37",1,"is not","new","carrot",1,"food",13,"age","english"
"38",1,"is","rotten","TV",1,"furniture",14,"age","english"
"39",1,"is not","yellow","carrot",0.21,"food",15,"color","english"
"40",1,"is not","big","couch",1,"furniture",16,"size","english"
"41",1,"is","round","apple",0.6,"food",17,"shape","english"
"42",1,"is not","wooden","couch",0.9,"furniture",18,"material","english"
"43",1,"is","purple","cheese",0.41,"food",19,"color","english"
"44",1,"is not","tiny","carrot",1,"food",20,"size","english"
"45",1,"is","blue","fan",0.21,"furniture",21,"color","english"
"46",1,"is","hard","chair",1,"furniture",22,"texture","english"
"47",1,"is not","small","TV",1,"furniture",23,"size","english"
"48",1,"is not","soft","fan",1,"furniture",24,"texture","english"
"49",1,"is","old","apple",1,"food",25,"age","english"
"50",1,"is","good","tomato",1,"food",26,"quality","english"
"51",1,"is","short","cheese",1,"food",27,"size","english"
"52",1,"is","huge","tomato",1,"food",28,"size","english"
"53",2,"is","bad","apple",0.23,"food",3,"quality","English"
"54",2,"is","soft","apple",0.45,"food",4,"texture","English"
"55",2,"is","plastic","carrot",0.03,"food",5,"material","English"
"56",2,"is","purple","cheese",0.02,"food",6,"color","English"
"57",2,"is not","new","tomato",0.96,"food",7,"age","English"
"58",2,"is not","rotten","banana",0.51,"food",8,"age","English"
"59",2,"is not","fresh","apple",0.67,"food",9,"age","English"
"60",2,"is","red","TV",0.01,"furniture",10,"color","English"
"61",2,"is not","tiny","cheese",0.52,"food",11,"size","English"
"62",2,"is","square","apple",0.01,"food",12,"shape","English"
"63",2,"is not","big","desk",0.79,"furniture",13,"size","English"
"64",2,"is","hard","fan",0.05,"furniture",14,"texture","English"
"65",2,"is","short","cheese",0.76,"food",15,"size","English"
"66",2,"is","huge","fan",0.52,"furniture",16,"size","English"
"67",2,"is not","yellow","couch",0.06,"furniture",17,"color","English"
"68",2,"is not","blue","fan",0.03,"furniture",18,"color","English"
"69",2,"is","good","banana",0.76,"food",19,"quality","English"
"70",2,"is","metal","cheese",0.06,"food",20,"material","English"
"71",2,"is not","wooden","tomato",0.05,"food",21,"material","English"
"72",2,"is","small","banana",0.56,"food",22,"size","English"
"73",2,"is","green","TV",0.05,"furniture",23,"color","English"
"74",2,"is","long","couch",0.87,"furniture",24,"size","English"
"75",2,"is","smooth","TV",0.46,"furniture",25,"texture","English"
"76",2,"is","brown","couch",0.27,"furniture",26,"color","English"
"77",2,"is not","round","chair",0.08,"furniture",27,"shape","English"
"78",2,"is","old","apple",0.79,"food",28,"age","English"
"79",3,"is not","soft","couch",0.97,"furniture",3,"texture","English"
"80",3,"is","hard","tomato",0,"food",4,"texture","English"
"81",3,"is not","bad","carrot",0.21,"food",5,"quality","English"
"82",3,"is","metal","chair",0,"furniture",6,"material","English"
"83",3,"is","plastic","fan",0.02,"furniture",7,"material","English"
"84",3,"is","big","couch",0.81,"furniture",8,"size","English"
"85",3,"is not","square","cheese",0,"food",9,"shape","English"
"86",3,"is","smooth","cheese",0.02,"food",10,"texture","English"
"87",3,"is","green","apple",0.08,"food",11,"color","English"
"88",3,"is","huge","cheese",0.73,"food",12,"size","English"
"89",3,"is not","long","couch",0.8,"furniture",13,"size","English"
"90",3,"is not","yellow","desk",0.05,"furniture",14,"color","English"
"91",3,"is","old","couch",0.8,"furniture",15,"age","English"
"92",3,"is","tiny","cheese",0.82,"food",16,"size","English"
"93",3,"is","brown","cheese",0.08,"food",17,"color","English"
"94",3,"is","round","cheese",0.04,"food",18,"shape","English"
"95",3,"is not","red","banana",0.06,"food",19,"color","English"
"96",3,"is","short","tomato",0.8,"food",20,"size","English"
"97",3,"is not","fresh","desk",0.93,"furniture",21,"age","English"
"98",3,"is","wooden","fan",0.04,"furniture",22,"material","English"
"99",3,"is","new","TV",0.02,"furniture",23,"age","English"
"100",3,"is not","blue","banana",0.08,"food",24,"color","English"
"101",3,"is not","good","cheese",0.9,"food",25,"quality","English"
"102",3,"is not","rotten","couch",0.81,"furniture",26,"age","English"
"103",3,"is not","small","carrot",0.76,"food",27,"size","English"
"104",3,"is not","purple","TV",0.01,"furniture",28,"color","English"
"105",4,"is","wooden","banana",0,"food",3,"material","english"
"106",4,"is","smooth","couch",1,"furniture",4,"texture","english"
"107",4,"is","big","TV",1,"furniture",5,"size","english"
"108",4,"is","short","desk",1,"furniture",6,"size","english"
"109",4,"is","metal","fan",0,"furniture",7,"material","english"
"110",4,"is not","new","cheese",1,"food",8,"age","english"
"111",4,"is not","yellow","apple",0.94,"food",9,"color","english"
"112",4,"is","small","apple",1,"food",10,"size","english"
"113",4,"is","long","chair",1,"furniture",11,"size","english"
"114",4,"is","square","desk",0,"furniture",12,"shape","english"
"115",4,"is not","tiny","TV",1,"furniture",13,"size","english"
"116",4,"is","red","couch",1,"furniture",14,"color","english"
"117",4,"is not","huge","desk",1,"furniture",15,"size","english"
"118",4,"is","rotten","cheese",0.51,"food",16,"age","english"
"119",4,"is not","fresh","carrot",1,"food",17,"age","english"
"120",4,"is","round","carrot",0,"food",18,"shape","english"
"121",4,"is not","brown","tomato",1,"food",19,"color","english"
"122",4,"is not","good","couch",1,"furniture",20,"quality","english"
"123",4,"is not","purple","banana",1,"food",21,"color","english"
"124",4,"is not","plastic","banana",0,"food",22,"material","english"
"125",4,"is","bad","apple",1,"food",23,"quality","english"
"126",4,"is","hard","couch",1,"furniture",24,"texture","english"
"127",4,"is not","soft","banana",1,"food",25,"texture","english"
"128",4,"is not","old","chair",1,"furniture",26,"age","english"
"129",4,"is","blue","desk",1,"furniture",27,"color","english"
"130",4,"is","green","banana",1,"food",28,"color","english"
"131",5,"is not","blue","banana",0.03,"food",3,"color","English"
"132",5,"is not","good","desk",0.98,"furniture",4,"quality","English"
"133",5,"is not","short","tomato",0.25,"food",5,"size","English"
"134",5,"is not","new","carrot",0.75,"food",6,"age","English"
"135",5,"is","purple","carrot",0.04,"food",7,"color","English"
"136",5,"is","hard","couch",0.94,"furniture",8,"texture","English"
"137",5,"is not","huge","cheese",0.62,"food",9,"size","English"
"138",5,"is not","wooden","tomato",0.17,"food",10,"material","English"
"139",5,"is","green","apple",0.05,"food",11,"color","English"
"140",5,"is","old","chair",0.77,"furniture",12,"age","English"
"141",5,"is","metal","desk",0.12,"furniture",13,"material","English"
"142",5,"is","brown","cheese",0.21,"food",14,"color","English"
"143",5,"is","smooth","chair",0.32,"furniture",15,"texture","English"
"144",5,"is not","big","TV",0.27,"furniture",16,"size","English"
"145",5,"is not","red","apple",0.13,"food",17,"color","English"
"146",5,"is not","soft","TV",0.62,"furniture",18,"texture","English"
"147",5,"is not","rotten","cheese",0.21,"food",19,"age","English"
"148",5,"is","small","banana",0.33,"food",20,"size","English"
"149",5,"is not","round","TV",0.12,"furniture",21,"shape","English"
"150",5,"is not","tiny","chair",0.54,"furniture",22,"size","English"
"151",5,"is","fresh","TV",0.28,"furniture",23,"age","English"
"152",5,"is","plastic","apple",0.07,"food",24,"material","English"
"153",5,"is not","long","chair",0.6,"furniture",25,"size","English"
"154",5,"is not","bad","desk",0.95,"furniture",26,"quality","English"
"155",5,"is not","square","couch",0.18,"furniture",27,"shape","English"
"156",5,"is not","yellow","TV",0.06,"furniture",28,"color","English"
"157",6,"is not","soft","couch",1,"furniture",3,"texture","English"
"158",6,"is","bad","apple",0,"food",4,"quality","English"
"159",6,"is","brown","tomato",0.03,"food",5,"color","English"
"160",6,"is not","rotten","cheese",0.02,"food",6,"age","English"
"161",6,"is","small","cheese",0.94,"food",7,"size","English"
"162",6,"is","red","fan",0.03,"furniture",8,"color","English"
"163",6,"is","fresh","fan",0.99,"furniture",9,"age","English"
"164",6,"is not","wooden","chair",0.04,"furniture",10,"material","English"
"165",6,"is","round","desk",0.06,"furniture",11,"shape","English"
"166",6,"is","tiny","fan",0.96,"furniture",12,"size","English"
"167",6,"is not","green","TV",0.02,"furniture",13,"color","English"
"168",6,"is","old","TV",0,"furniture",14,"age","English"
"169",6,"is","metal","apple",0,"food",15,"material","English"
"170",6,"is not","short","cheese",1,"food",16,"size","English"
"171",6,"is","big","couch",0.96,"furniture",17,"size","English"
"172",6,"is","huge","TV",0.75,"furniture",18,"size","English"
"173",6,"is not","plastic","fan",0.03,"furniture",19,"material","English"
"174",6,"is not","good","carrot",0.02,"food",20,"quality","English"
"175",6,"is","purple","fan",0.13,"furniture",21,"color","English"
"176",6,"is","long","TV",0.61,"furniture",22,"size","English"
"177",6,"is","yellow","TV",0.04,"furniture",23,"color","English"
"178",6,"is","hard","carrot",0.05,"food",24,"texture","English"
"179",6,"is","square","chair",0.04,"furniture",25,"shape","English"
"180",6,"is not","blue","chair",0.04,"furniture",26,"color","English"
"181",6,"is","smooth","chair",0.93,"furniture",27,"texture","English"
"182",6,"is","new","fan",0.76,"furniture",28,"age","English"
"183",7,"is not","brown","carrot",0.04,"food",3,"color","English"
"184",7,"is not","long","TV",0.02,"furniture",4,"size","English"
"185",7,"is","metal","fan",0.04,"furniture",5,"material","English"
"186",7,"is","plastic","cheese",0.02,"food",6,"material","English"
"187",7,"is","old","apple",0.56,"food",7,"age","English"
"188",7,"is","good","desk",0.95,"furniture",8,"quality","English"
"189",7,"is not","new","banana",0.6,"food",9,"age","English"
"190",7,"is","huge","desk",0.95,"furniture",10,"size","English"
"191",7,"is not","green","desk",0.48,"furniture",11,"color","English"
"192",7,"is","yellow","fan",0.48,"furniture",12,"color","English"
"193",7,"is not","wooden","tomato",0.53,"food",13,"material","English"
"194",7,"is","short","apple",0.92,"food",14,"size","English"
"195",7,"is","hard","chair",0.97,"furniture",15,"texture","English"
"196",7,"is not","smooth","carrot",0.98,"food",16,"texture","English"
"197",7,"is","round","chair",0.5,"furniture",17,"shape","English"
"198",7,"is not","red","carrot",0.56,"food",18,"color","English"
"199",7,"is","bad","couch",0.94,"furniture",19,"quality","English"
"200",7,"is not","fresh","chair",0.95,"furniture",20,"age","English"
"201",7,"is not","tiny","carrot",0.95,"food",21,"size","English"
"202",7,"is","blue","fan",0.51,"furniture",22,"color","English"
"203",7,"is","rotten","tomato",0.69,"food",23,"age","English"
"204",7,"is not","small","apple",0.94,"food",24,"size","English"
"205",7,"is not","purple","carrot",0.5,"food",25,"color","English"
"206",7,"is not","big","tomato",0.98,"food",26,"size","English"
"207",7,"is","square","tomato",0.32,"food",27,"shape","English"
"208",7,"is not","soft","carrot",0.66,"food",28,"texture","English"
"209",8,"is","purple","apple",0.67,"food",3,"color","english"
"210",8,"is not","long","fan",0.99,"furniture",4,"size","english"
"211",8,"is","square","cheese",0.01,"food",5,"shape","english"
"212",8,"is","old","couch",0.98,"furniture",6,"age","english"
"213",8,"is not","new","carrot",0.9,"food",7,"age","english"
"214",8,"is not","yellow","tomato",0.97,"food",8,"color","english"
"215",8,"is","smooth","chair",0.07,"furniture",9,"texture","english"
"216",8,"is","big","chair",0.96,"furniture",10,"size","english"
"217",8,"is","good","fan",0.97,"furniture",11,"quality","english"
"218",8,"is","small","fan",0.95,"furniture",12,"size","english"
"219",8,"is","metal","desk",0,"furniture",13,"material","english"
"220",8,"is","blue","carrot",0.75,"food",14,"color","english"
"221",8,"is not","round","chair",0.06,"furniture",15,"shape","english"
"222",8,"is","soft","TV",0.04,"furniture",16,"texture","english"
"223",8,"is not","brown","banana",0.61,"food",17,"color","english"
"224",8,"is","hard","TV",0.04,"furniture",18,"texture","english"
"225",8,"is not","fresh","carrot",0.73,"food",19,"age","english"
"226",8,"is not","plastic","TV",0.04,"furniture",20,"material","english"
"227",8,"is not","huge","carrot",0.94,"food",21,"size","english"
"228",8,"is","wooden","banana",0.03,"food",22,"material","english"
"229",8,"is","green","cheese",0.53,"food",23,"color","english"
"230",8,"is","rotten","fan",0.95,"furniture",24,"age","english"
"231",8,"is","bad","TV",0.97,"furniture",25,"quality","english"
"232",8,"is not","short","carrot",0.98,"food",26,"size","english"
"233",8,"is","tiny","cheese",0.96,"food",27,"size","english"
"234",8,"is","red","desk",0.7,"furniture",28,"color","english"
"235",9,"is not","hard","cheese",0.83,"food",3,"texture","english"
"236",9,"is not","fresh","couch",0.77,"furniture",4,"age","english"
"237",9,"is","purple","apple",0.9,"food",5,"color","english"
"238",9,"is not","huge","carrot",0.88,"food",6,"size","english"
"239",9,"is","round","cheese",0.85,"food",7,"shape","english"
"240",9,"is","yellow","couch",0.91,"furniture",8,"color","english"
"241",9,"is not","smooth","couch",0.86,"furniture",9,"texture","english"
"242",9,"is","old","apple",0.87,"food",10,"age","english"
"243",9,"is","good","fan",1,"furniture",11,"quality","english"
"244",9,"is","bad","banana",1,"food",12,"quality","english"
"245",9,"is","metal","desk",0.45,"furniture",13,"material","english"
"246",9,"is not","new","chair",0.92,"furniture",14,"age","english"
"247",9,"is","short","carrot",0.25,"food",15,"size","english"
"248",9,"is","wooden","TV",0.42,"furniture",16,"material","english"
"249",9,"is not","soft","TV",0.13,"furniture",17,"texture","english"
"250",9,"is","rotten","chair",0.18,"furniture",18,"age","english"
"251",9,"is not","square","desk",0.22,"furniture",19,"shape","english"
"252",9,"is","blue","cheese",0.52,"food",20,"color","english"
"253",9,"is","long","tomato",0.24,"food",21,"size","english"
"254",9,"is not","small","apple",0.66,"food",22,"size","english"
"255",9,"is","brown","desk",0.47,"furniture",23,"color","english"
"256",9,"is not","plastic","chair",0.24,"furniture",24,"material","english"
"257",9,"is not","green","carrot",0.33,"food",25,"color","english"
"258",9,"is","tiny","chair",0.75,"furniture",26,"size","english"
"259",9,"is not","red","cheese",0.94,"food",27,"color","english"
"260",9,"is","big","fan",0.46,"furniture",28,"size","english"
"261",10,"is not","long","couch",0.22,"furniture",3,"size","English"
"262",10,"is not","tiny","desk",0.77,"furniture",4,"size","English"
"263",10,"is not","smooth","couch",0.24,"furniture",5,"texture","English"
"264",10,"is","bad","cheese",0.9,"food",6,"quality","English"
"265",10,"is not","soft","couch",0.92,"furniture",7,"texture","English"
"266",10,"is not","blue","chair",0.7,"furniture",8,"color","English"
"267",10,"is","yellow","carrot",0.72,"food",9,"color","English"
"268",10,"is not","good","banana",0.79,"food",10,"quality","English"
"269",10,"is","rotten","cheese",0.51,"food",11,"age","English"
"270",10,"is","huge","fan",0.62,"furniture",12,"size","English"
"271",10,"is","brown","fan",0.89,"furniture",13,"color","English"
"272",10,"is","round","apple",0.7,"food",14,"shape","English"
"273",10,"is","purple","chair",0.9,"furniture",15,"color","English"
"274",10,"is","plastic","tomato",0.1,"food",16,"material","English"
"275",10,"is not","new","apple",0.35,"food",17,"age","English"
"276",10,"is","wooden","fan",0.1,"furniture",18,"material","English"
"277",10,"is","square","tomato",0.24,"food",19,"shape","English"
"278",10,"is","short","cheese",0.74,"food",20,"size","English"
"279",10,"is not","big","apple",0.73,"food",21,"size","English"
"280",10,"is","green","carrot",0.88,"food",22,"color","English"
"281",10,"is not","hard","cheese",0.84,"food",23,"texture","English"
"282",10,"is not","small","carrot",0.93,"food",24,"size","English"
"283",10,"is not","red","TV",0.87,"furniture",25,"color","English"
"284",10,"is","metal","fan",0.17,"furniture",26,"material","English"
"285",10,"is","old","apple",0.68,"food",27,"age","English"
"286",10,"is not","fresh","cheese",0.89,"food",28,"age","English"
"287",11,"is","bad","apple",1,"food",3,"quality","English"
"288",11,"is not","good","tomato",0.99,"food",4,"quality","English"
"289",11,"is","soft","cheese",0.05,"food",5,"texture","English"
"290",11,"is not","purple","banana",0.03,"food",6,"color","English"
"291",11,"is","brown","couch",0.03,"furniture",7,"color","English"
"292",11,"is","old","carrot",0.01,"food",8,"age","English"
"293",11,"is","big","couch",0.98,"furniture",9,"size","English"
"294",11,"is","blue","apple",0.04,"food",10,"color","English"
"295",11,"is not","yellow","chair",0.48,"furniture",11,"color","English"
"296",11,"is not","new","banana",0.46,"food",12,"age","English"
"297",11,"is","smooth","apple",0.53,"food",13,"texture","English"
"298",11,"is","rotten","carrot",0.03,"food",14,"age","English"
"299",11,"is not","fresh","TV",0.02,"furniture",15,"age","English"
"300",11,"is not","round","chair",0,"furniture",16,"shape","English"
"301",11,"is not","hard","desk",0.48,"furniture",17,"texture","English"
"302",11,"is not","wooden","apple",0.04,"food",18,"material","English"
"303",11,"is","metal","desk",0.04,"furniture",19,"material","English"
"304",11,"is not","huge","cheese",1,"food",20,"size","English"
"305",11,"is not","square","carrot",0.82,"food",21,"shape","English"
"306",11,"is","plastic","desk",0,"furniture",22,"material","English"
"307",11,"is","tiny","banana",0.98,"food",23,"size","English"
"308",11,"is","red","tomato",0.02,"food",24,"color","English"
"309",11,"is not","long","TV",0.85,"furniture",25,"size","English"
"310",11,"is not","green","apple",0.01,"food",26,"color","English"
"311",11,"is","short","chair",0.97,"furniture",27,"size","English"
"312",11,"is not","small","cheese",0.38,"food",28,"size","English"
"313",12,"is not","wooden","tomato",0.01,"food",3,"material","English"
"314",12,"is not","yellow","TV",0,"furniture",4,"color","English"
"315",12,"is not","good","chair",0,"furniture",5,"quality","English"
"316",12,"is not","tiny","tomato",0,"food",6,"size","English"
"317",12,"is","huge","fan",0,"furniture",7,"size","English"
"318",12,"is","plastic","chair",0,"furniture",8,"material","English"
"319",12,"is","soft","apple",0,"food",9,"texture","English"
"320",12,"is","fresh","fan",0,"furniture",10,"age","English"
"321",12,"is","round","carrot",0,"food",11,"shape","English"
"322",12,"is","square","TV",0,"furniture",12,"shape","English"
"323",12,"is","small","carrot",0,"food",13,"size","English"
"324",12,"is not","brown","chair",0,"furniture",14,"color","English"
"325",12,"is","old","tomato",0,"food",15,"age","English"
"326",12,"is","bad","banana",0,"food",16,"quality","English"
"327",12,"is not","red","chair",0,"furniture",17,"color","English"
"328",12,"is not","blue","apple",0,"food",18,"color","English"
"329",12,"is","new","cheese",0,"food",19,"age","English"
"330",12,"is not","smooth","couch",0,"furniture",20,"texture","English"
"331",12,"is","rotten","apple",0,"food",21,"age","English"
"332",12,"is not","hard","desk",0.02,"furniture",22,"texture","English"
"333",12,"is","long","TV",0,"furniture",23,"size","English"
"334",12,"is not","purple","chair",0,"furniture",24,"color","English"
"335",12,"is not","big","apple",0,"food",25,"size","English"
"336",12,"is","short","cheese",0,"food",26,"size","English"
"337",12,"is","green","couch",0,"furniture",27,"color","English"
"338",12,"is","metal","banana",0,"food",28,"material","English"
"339",13,"is","smooth","TV",0.92,"furniture",3,"texture","english"
"340",13,"is not","round","tomato",0.12,"food",4,"shape","english"
"341",13,"is not","yellow","desk",0.1,"furniture",5,"color","english"
"342",13,"is not","green","chair",0,"furniture",6,"color","english"
"343",13,"is not","hard","TV",0.96,"furniture",7,"texture","english"
"344",13,"is","good","fan",0.97,"furniture",8,"quality","english"
"345",13,"is not","old","desk",0.86,"furniture",9,"age","english"
"346",13,"is","purple","tomato",0.1,"food",10,"color","english"
"347",13,"is not","plastic","apple",0.08,"food",11,"material","english"
"348",13,"is not","soft","fan",0.97,"furniture",12,"texture","english"
"349",13,"is not","big","couch",1,"furniture",13,"size","english"
"350",13,"is not","huge","couch",0.93,"furniture",14,"size","english"
"351",13,"is not","rotten","couch",0.85,"furniture",15,"age","english"
"352",13,"is","square","desk",0.1,"furniture",16,"shape","english"
"353",13,"is not","fresh","banana",0.69,"food",17,"age","english"
"354",13,"is not","wooden","couch",0.21,"furniture",18,"material","english"
"355",13,"is not","tiny","desk",0.92,"furniture",19,"size","english"
"356",13,"is","red","apple",0.11,"food",20,"color","english"
"357",13,"is not","short","tomato",0.92,"food",21,"size","english"
"358",13,"is","long","carrot",1,"food",22,"size","english"
"359",13,"is not","bad","tomato",0.62,"food",23,"quality","english"
"360",13,"is not","brown","desk",0.09,"furniture",24,"color","english"
"361",13,"is not","small","tomato",1,"food",25,"size","english"
"362",13,"is not","metal","tomato",0.1,"food",26,"material","english"
"363",13,"is not","blue","cheese",0.09,"food",27,"color","english"
"364",13,"is not","new","fan",0.84,"furniture",28,"age","english"
"365",14,"is not","fresh","fan",0.98,"furniture",3,"age","English"
"366",14,"is","plastic","couch",0.03,"furniture",4,"material","English"
"367",14,"is not","good","banana",0.97,"food",5,"quality","English"
"368",14,"is","rotten","TV",0.05,"furniture",6,"age","English"
"369",14,"is","green","tomato",0.02,"food",7,"color","English"
"370",14,"is not","tiny","apple",0.57,"food",8,"size","English"
"371",14,"is","red","carrot",0.33,"food",9,"color","English"
"372",14,"is","long","chair",0.78,"furniture",10,"size","English"
"373",14,"is","yellow","chair",0.5,"furniture",11,"color","English"
"374",14,"is not","small","carrot",0.75,"food",12,"size","English"
"375",14,"is","smooth","fan",0.39,"furniture",13,"texture","English"
"376",14,"is not","brown","chair",0.62,"furniture",14,"color","English"
"377",14,"is not","bad","banana",0.36,"food",15,"quality","English"
"378",14,"is","blue","fan",0.66,"furniture",16,"color","English"
"379",14,"is","soft","fan",0.57,"furniture",17,"texture","English"
"380",14,"is not","purple","cheese",0.58,"food",18,"color","English"
"381",14,"is not","wooden","banana",0.01,"food",19,"material","English"
"382",14,"is","big","couch",0.6,"furniture",20,"size","English"
"383",14,"is not","square","TV",0.04,"furniture",21,"shape","English"
"384",14,"is not","short","apple",0.72,"food",22,"size","English"
"385",14,"is","old","desk",0.66,"furniture",23,"age","English"
"386",14,"is not","metal","tomato",0.04,"food",24,"material","English"
"387",14,"is not","hard","cheese",0.37,"food",25,"texture","English"
"388",14,"is","new","cheese",0.42,"food",26,"age","English"
"389",14,"is not","huge","couch",0.64,"furniture",27,"size","English"
"390",14,"is not","round","TV",0.03,"furniture",28,"shape","English"
"391",15,"is not","long","fan",0.91,"furniture",3,"size","English"
"392",15,"is not","smooth","apple",0.15,"food",4,"texture","English"
"393",15,"is not","old","TV",0.64,"furniture",5,"age","English"
"394",15,"is","brown","fan",0.27,"furniture",6,"color","English"
"395",15,"is","tiny","banana",0.48,"food",7,"size","English"
"396",15,"is not","rotten","tomato",0.14,"food",8,"age","English"
"397",15,"is","square","banana",0.14,"food",9,"shape","English"
"398",15,"is","purple","chair",0.41,"furniture",10,"color","English"
"399",15,"is","metal","banana",0.01,"food",11,"material","English"
"400",15,"is not","hard","couch",0.35,"furniture",12,"texture","English"
"401",15,"is","yellow","TV",0.12,"furniture",13,"color","English"
"402",15,"is","huge","tomato",0.63,"food",14,"size","English"
"403",15,"is not","fresh","carrot",0.39,"food",15,"age","English"
"404",15,"is not","red","banana",0.17,"food",16,"color","English"
"405",15,"is not","plastic","chair",0.06,"furniture",17,"material","English"
"406",15,"is","wooden","desk",0.11,"furniture",18,"material","English"
"407",15,"is not","round","fan",0.09,"furniture",19,"shape","English"
"408",15,"is not","big","banana",0.61,"food",20,"size","English"
"409",15,"is","blue","fan",0.4,"furniture",21,"color","English"
"410",15,"is not","short","fan",0.36,"furniture",22,"size","English"
"411",15,"is not","new","chair",0.64,"furniture",23,"age","English"
"412",15,"is","soft","banana",0.18,"food",24,"texture","English"
"413",15,"is","bad","chair",0.86,"furniture",25,"quality","English"
"414",15,"is","small","cheese",0.77,"food",26,"size","English"
"415",15,"is","good","banana",0.72,"food",27,"quality","English"
"416",15,"is","green","chair",0.47,"furniture",28,"color","English"
"417",16,"is","yellow","apple",0.11,"food",3,"color","English"
"418",16,"is not","hard","banana",0.88,"food",4,"texture","English"
"419",16,"is not","blue","desk",0.16,"furniture",5,"color","English"
"420",16,"is not","bad","desk",1,"furniture",6,"quality","English"
"421",16,"is not","smooth","couch",0.91,"furniture",7,"texture","English"
"422",16,"is","good","desk",0.94,"furniture",8,"quality","English"
"423",16,"is","long","banana",1,"food",9,"size","English"
"424",16,"is","old","carrot",0.19,"food",10,"age","English"
"425",16,"is not","huge","carrot",0.86,"food",11,"size","English"
"426",16,"is not","metal","chair",0,"furniture",12,"material","English"
"427",16,"is","brown","desk",0.18,"furniture",13,"color","English"
"428",16,"is not","green","TV",0.22,"furniture",14,"color","English"
"429",16,"is","new","cheese",0.17,"food",15,"age","English"
"430",16,"is not","big","tomato",0.85,"food",16,"size","English"
"431",16,"is not","small","banana",0.81,"food",17,"size","English"
"432",16,"is","plastic","apple",0,"food",18,"material","English"
"433",16,"is","soft","desk",0.17,"furniture",19,"texture","English"
"434",16,"is","rotten","couch",0.84,"furniture",20,"age","English"
"435",16,"is","tiny","TV",0.75,"furniture",21,"size","English"
"436",16,"is","short","TV",0.8,"furniture",22,"size","English"
"437",16,"is not","red","fan",0.29,"furniture",23,"color","English"
"438",16,"is not","wooden","TV",0,"furniture",24,"material","English"
"439",16,"is","square","apple",0,"food",25,"shape","English"
"440",16,"is","purple","couch",0.16,"furniture",26,"color","English"
"441",16,"is not","round","tomato",0,"food",27,"shape","English"
"442",16,"is not","fresh","banana",0.71,"food",28,"age","English"
"443",17,"is not","short","TV",0.68,"furniture",3,"size","ENGLISH"
"444",17,"is","smooth","chair",0.69,"furniture",4,"texture","ENGLISH"
"445",17,"is not","soft","chair",0.78,"furniture",5,"texture","ENGLISH"
"446",17,"is","brown","fan",0.67,"furniture",6,"color","ENGLISH"
"447",17,"is","square","fan",0,"furniture",7,"shape","ENGLISH"
"448",17,"is not","metal","tomato",0,"food",8,"material","ENGLISH"
"449",17,"is","green","desk",0.74,"furniture",9,"color","ENGLISH"
"450",17,"is","rotten","carrot",0.77,"food",10,"age","ENGLISH"
"451",17,"is not","hard","apple",0.73,"food",11,"texture","ENGLISH"
"452",17,"is","purple","tomato",0.56,"food",12,"color","ENGLISH"
"453",17,"is not","plastic","TV",0.67,"furniture",13,"material","ENGLISH"
"454",17,"is not","yellow","tomato",0.74,"food",14,"color","ENGLISH"
"455",17,"is","big","fan",0.78,"furniture",15,"size","ENGLISH"
"456",17,"is not","bad","desk",1,"furniture",16,"quality","ENGLISH"
"457",17,"is","fresh","tomato",0.73,"food",17,"age","ENGLISH"
"458",17,"is not","long","tomato",0.77,"food",18,"size","ENGLISH"
"459",17,"is","good","tomato",1,"food",19,"quality","ENGLISH"
"460",17,"is","small","carrot",0.73,"food",20,"size","ENGLISH"
"461",17,"is not","red","apple",0.72,"food",21,"color","ENGLISH"
"462",17,"is","round","couch",0.57,"furniture",22,"shape","ENGLISH"
"463",17,"is not","new","banana",0.74,"food",23,"age","ENGLISH"
"464",17,"is not","blue","apple",0.74,"food",24,"color","ENGLISH"
"465",17,"is","huge","couch",0.76,"furniture",25,"size","ENGLISH"
"466",17,"is not","tiny","tomato",0.8,"food",26,"size","ENGLISH"
"467",17,"is","old","carrot",0.73,"food",27,"age","ENGLISH"
"468",17,"is not","wooden","fan",0.71,"furniture",28,"material","ENGLISH"
"469",18,"is not","new","carrot",0.09,"food",3,"age","English"
"470",18,"is not","metal","couch",0.04,"furniture",4,"material","English"
"471",18,"is not","bad","TV",1,"furniture",5,"quality","English"
"472",18,"is not","good","carrot",1,"food",6,"quality","English"
"473",18,"is not","purple","tomato",0.44,"food",7,"color","English"
"474",18,"is not","plastic","apple",0,"food",8,"material","English"
"475",18,"is not","small","banana",1,"food",9,"size","English"
"476",18,"is","tiny","tomato",1,"food",10,"size","English"
"477",18,"is","soft","fan",0.35,"furniture",11,"texture","English"
"478",18,"is","green","cheese",0.85,"food",12,"color","English"
"479",18,"is not","brown","desk",0.64,"furniture",13,"color","English"
"480",18,"is not","rotten","couch",0.39,"furniture",14,"age","English"
"481",18,"is","square","tomato",0.04,"food",15,"shape","English"
"482",18,"is not","short","fan",0.3,"furniture",16,"size","English"
"483",18,"is not","smooth","cheese",0.9,"food",17,"texture","English"
"484",18,"is not","yellow","banana",0.24,"food",18,"color","English"
"485",18,"is not","wooden","chair",0,"furniture",19,"material","English"
"486",18,"is","long","TV",0.9,"furniture",20,"size","English"
"487",18,"is not","old","tomato",0.8,"food",21,"age","English"
"488",18,"is","huge","TV",1,"furniture",22,"size","English"
"489",18,"is","hard","tomato",0.93,"food",23,"texture","English"
"490",18,"is not","round","desk",0.14,"furniture",24,"shape","English"
"491",18,"is not","fresh","couch",0.54,"furniture",25,"age","English"
"492",18,"is not","big","couch",1,"furniture",26,"size","English"
"493",18,"is not","blue","desk",0.21,"furniture",27,"color","English"
"494",18,"is","red","tomato",0.26,"food",28,"color","English"
"495",19,"is not","blue","tomato",0.03,"food",3,"color","English"
"496",19,"is","good","tomato",1,"food",4,"quality","English"
"497",19,"is","soft","banana",0.86,"food",5,"texture","English"
"498",19,"is","bad","couch",1,"furniture",6,"quality","English"
"499",19,"is not","square","carrot",0.04,"food",7,"shape","English"
"500",19,"is","small","carrot",1,"food",8,"size","English"
"501",19,"is not","old","TV",1,"furniture",9,"age","English"
"502",19,"is","red","apple",0.19,"food",10,"color","English"
"503",19,"is","smooth","TV",0.79,"furniture",11,"texture","English"
"504",19,"is not","yellow","chair",0.14,"furniture",12,"color","English"
"505",19,"is not","round","desk",0.06,"furniture",13,"shape","English"
"506",19,"is","green","apple",0.06,"food",14,"color","English"
"507",19,"is","brown","desk",0.09,"furniture",15,"color","English"
"508",19,"is not","fresh","carrot",0.87,"food",16,"age","English"
"509",19,"is not","wooden","tomato",0,"food",17,"material","English"
"510",19,"is","long","couch",1,"furniture",18,"size","English"
"511",19,"is","plastic","couch",0,"furniture",19,"material","English"
"512",19,"is","tiny","desk",1,"furniture",20,"size","English"
"513",19,"is","metal","TV",0,"furniture",21,"material","English"
"514",19,"is","purple","desk",0.08,"furniture",22,"color","English"
"515",19,"is not","rotten","couch",0.92,"furniture",23,"age","English"
"516",19,"is","hard","couch",1,"furniture",24,"texture","English"
"517",19,"is not","short","desk",1,"furniture",25,"size","English"
"518",19,"is not","new","banana",0.04,"food",26,"age","English"
"519",19,"is not","big","banana",0.94,"food",27,"size","English"
"520",19,"is","huge","banana",0.94,"food",28,"size","English"
"521",20,"is","huge","TV",1,"furniture",3,"size","English"
"522",20,"is not","brown","chair",0,"furniture",4,"color","English"
"523",20,"is not","yellow","chair",0,"furniture",5,"color","English"
"524",20,"is","small","desk",1,"furniture",6,"size","English"
"525",20,"is not","blue","TV",0,"furniture",7,"color","English"
"526",20,"is not","round","chair",0,"furniture",8,"shape","English"
"527",20,"is not","plastic","chair",0.58,"furniture",9,"material","English"
"528",20,"is not","short","couch",1,"furniture",10,"size","English"
"529",20,"is not","tiny","apple",1,"food",11,"size","English"
"530",20,"is","soft","chair",0.58,"furniture",12,"texture","English"
"531",20,"is","new","carrot",0,"food",13,"age","English"
"532",20,"is","fresh","apple",0,"food",14,"age","English"
"533",20,"is","wooden","banana",0.04,"food",15,"material","English"
"534",20,"is","red","chair",0,"furniture",16,"color","English"
"535",20,"is not","hard","banana",0,"food",17,"texture","English"
"536",20,"is","square","cheese",0,"food",18,"shape","English"
"537",20,"is","old","apple",0.43,"food",19,"age","English"
"538",20,"is not","bad","tomato",0,"food",20,"quality","English"
"539",20,"is","good","banana",0.01,"food",21,"quality","English"
"540",20,"is","long","carrot",1,"food",22,"size","English"
"541",20,"is","rotten","banana",0,"food",23,"age","English"
"542",20,"is not","big","carrot",0.94,"food",24,"size","English"
"543",20,"is not","smooth","TV",0.58,"furniture",25,"texture","English"
"544",20,"is","metal","banana",0,"food",26,"material","English"
"545",20,"is not","purple","desk",0.01,"furniture",27,"color","English"
"546",20,"is","green","tomato",0.14,"food",28,"color","English"
"547",21,"is not","plastic","fan",0.01,"furniture",3,"material","english"
"548",21,"is not","purple","desk",0.02,"furniture",4,"color","english"
"549",21,"is not","blue","banana",0.01,"food",5,"color","english"
"550",21,"is","old","couch",0.03,"furniture",6,"age","english"
"551",21,"is","smooth","carrot",0.01,"food",7,"texture","english"
"552",21,"is not","metal","banana",0.01,"food",8,"material","english"
"553",21,"is not","tiny","carrot",1,"food",9,"size","english"
"554",21,"is not","small","couch",0.97,"furniture",10,"size","english"
"555",21,"is","huge","apple",0.97,"food",11,"size","english"
"556",21,"is not","round","chair",0.02,"furniture",12,"shape","english"
"557",21,"is","soft","tomato",0.98,"food",13,"texture","english"
"558",21,"is","red","desk",0.02,"furniture",14,"color","english"
"559",21,"is","wooden","desk",0.03,"furniture",15,"material","english"
"560",21,"is","hard","desk",0.96,"furniture",16,"texture","english"
"561",21,"is","yellow","chair",0.02,"furniture",17,"color","english"
"562",21,"is not","long","tomato",0.96,"food",18,"size","english"
"563",21,"is not","big","tomato",0.99,"food",19,"size","english"
"564",21,"is","square","couch",0.03,"furniture",20,"shape","english"
"565",21,"is not","short","TV",0.97,"furniture",21,"size","english"
"566",21,"is","fresh","tomato",0.98,"food",22,"age","english"
"567",21,"is not","bad","tomato",0.96,"food",23,"quality","english"
"568",21,"is","green","banana",0.02,"food",24,"color","english"
"569",21,"is","new","chair",0.98,"furniture",25,"age","english"
"570",21,"is","rotten","desk",0.98,"furniture",26,"age","english"
"571",21,"is","brown","carrot",0.03,"food",27,"color","english"
"572",21,"is not","good","tomato",0.97,"food",28,"quality","english"
"573",22,"is","fresh","chair",0.62,"furniture",3,"age","English"
"574",22,"is not","plastic","desk",0,"furniture",4,"material","English"
"575",22,"is","round","tomato",0.3,"food",5,"shape","English"
"576",22,"is not","purple","couch",0.36,"furniture",6,"color","English"
"577",22,"is not","smooth","cheese",0.57,"food",7,"texture","English"
"578",22,"is","brown","chair",0.39,"furniture",8,"color","English"
"579",22,"is","good","chair",0.96,"furniture",9,"quality","English"
"580",22,"is not","wooden","TV",0,"furniture",10,"material","English"
"581",22,"is not","rotten","desk",0,"furniture",11,"age","English"
"582",22,"is not","long","banana",1,"food",12,"size","English"
"583",22,"is not","small","carrot",1,"food",13,"size","English"
"584",22,"is not","new","couch",0.17,"furniture",14,"age","English"
"585",22,"is not","green","cheese",0.35,"food",15,"color","English"
"586",22,"is","red","cheese",0.26,"food",16,"color","English"
"587",22,"is","old","TV",0.75,"furniture",17,"age","English"
"588",22,"is","blue","carrot",0.21,"food",18,"color","English"
"589",22,"is","metal","TV",0,"furniture",19,"material","English"
"590",22,"is not","bad","cheese",0.58,"food",20,"quality","English"
"591",22,"is","tiny","couch",1,"furniture",21,"size","English"
"592",22,"is not","big","cheese",0.98,"food",22,"size","English"
"593",22,"is not","huge","couch",0.98,"furniture",23,"size","English"
"594",22,"is not","yellow","desk",0.28,"furniture",24,"color","English"
"595",22,"is not","soft","fan",0.26,"furniture",25,"texture","English"
"596",22,"is","square","couch",0,"furniture",26,"shape","English"
"597",22,"is","short","tomato",0.78,"food",27,"size","English"
"598",22,"is","hard","cheese",0.74,"food",28,"texture","English"
"599",23,"is","soft","fan",0,"furniture",3,"texture","english"
"600",23,"is not","fresh","cheese",0.41,"food",4,"age","english"
"601",23,"is not","small","TV",1,"furniture",5,"size","english"
"602",23,"is not","metal","couch",0,"furniture",6,"material","english"
"603",23,"is","red","chair",0,"furniture",7,"color","english"
"604",23,"is not","long","carrot",0.54,"food",8,"size","english"
"605",23,"is","hard","desk",0.42,"furniture",9,"texture","english"
"606",23,"is not","good","apple",0.64,"food",10,"quality","english"
"607",23,"is","rotten","chair",0.24,"furniture",11,"age","english"
"608",23,"is","bad","couch",1,"furniture",12,"quality","english"
"609",23,"is","huge","banana",0.15,"food",13,"size","english"
"610",23,"is","new","desk",0.71,"furniture",14,"age","english"
"611",23,"is","brown","banana",0,"food",15,"color","english"
"612",23,"is not","green","banana",0,"food",16,"color","english"
"613",23,"is","round","desk",0.14,"furniture",17,"shape","english"
"614",23,"is not","big","TV",1,"furniture",18,"size","english"
"615",23,"is","wooden","desk",0.39,"furniture",19,"material","english"
"616",23,"is not","smooth","couch",0.57,"furniture",20,"texture","english"
"617",23,"is","purple","chair",0.32,"furniture",21,"color","english"
"618",23,"is not","short","fan",0.62,"furniture",22,"size","english"
"619",23,"is not","blue","apple",0.45,"food",23,"color","english"
"620",23,"is","old","apple",0.66,"food",24,"age","english"
"621",23,"is not","square","cheese",0.25,"food",25,"shape","english"
"622",23,"is not","tiny","couch",0.51,"furniture",26,"size","english"
"623",23,"is not","plastic","carrot",0.72,"food",27,"material","english"
"624",23,"is not","yellow","tomato",0.39,"food",28,"color","english"
"625",24,"is not","square","TV",0,"furniture",3,"shape","english"
"626",24,"is","plastic","chair",0,"furniture",4,"material","english"
"627",24,"is not","long","fan",1,"furniture",5,"size","english"
"628",24,"is not","brown","couch",0.49,"furniture",6,"color","english"
"629",24,"is","rotten","TV",1,"furniture",7,"age","english"
"630",24,"is not","round","TV",0,"furniture",8,"shape","english"
"631",24,"is","short","carrot",1,"food",9,"size","english"
"632",24,"is not","good","fan",1,"furniture",10,"quality","english"
"633",24,"is","wooden","TV",0,"furniture",11,"material","english"
"634",24,"is not","new","fan",0.29,"furniture",12,"age","english"
"635",24,"is not","smooth","carrot",0.88,"food",13,"texture","english"
"636",24,"is not","metal","fan",0,"furniture",14,"material","english"
"637",24,"is","blue","chair",0.52,"furniture",15,"color","english"
"638",24,"is","bad","banana",0.63,"food",16,"quality","english"
"639",24,"is","tiny","fan",1,"furniture",17,"size","english"
"640",24,"is not","huge","apple",1,"food",18,"size","english"
"641",24,"is not","green","banana",0.5,"food",19,"color","english"
"642",24,"is","yellow","cheese",0.53,"food",20,"color","english"
"643",24,"is","hard","desk",0.79,"furniture",21,"texture","english"
"644",24,"is not","fresh","couch",1,"furniture",22,"age","english"
"645",24,"is","purple","banana",0.44,"food",23,"color","english"
"646",24,"is not","old","cheese",0.77,"food",24,"age","english"
"647",24,"is not","soft","TV",0.76,"furniture",25,"texture","english"
"648",24,"is","big","banana",1,"food",26,"size","english"
"649",24,"is","red","cheese",0.55,"food",27,"color","english"
"650",24,"is","small","desk",1,"furniture",28,"size","english"
"651",25,"is","tiny","cheese",0.95,"food",3,"size","english"
"652",25,"is not","old","banana",0.06,"food",4,"age","english"
"653",25,"is not","good","desk",0.96,"furniture",5,"quality","english"
"654",25,"is not","small","TV",0.96,"furniture",6,"size","english"
"655",25,"is","soft","apple",0.11,"food",7,"texture","english"
"656",25,"is not","blue","couch",0.06,"furniture",8,"color","english"
"657",25,"is","new","fan",0.01,"furniture",9,"age","english"
"658",25,"is","big","tomato",0.97,"food",10,"size","english"
"659",25,"is","yellow","TV",0.01,"furniture",11,"color","english"
"660",25,"is","purple","tomato",0.03,"food",12,"color","english"
"661",25,"is","square","apple",0.03,"food",13,"shape","english"
"662",25,"is not","long","banana",0.93,"food",14,"size","english"
"663",25,"is","wooden","TV",0.06,"furniture",15,"material","english"
"664",25,"is","red","chair",0.04,"furniture",16,"color","english"
"665",25,"is","short","apple",0.98,"food",17,"size","english"
"666",25,"is","bad","apple",0.03,"food",18,"quality","english"
"667",25,"is","metal","fan",0.02,"furniture",19,"material","english"
"668",25,"is","huge","desk",0.95,"furniture",20,"size","english"
"669",25,"is not","green","desk",0.03,"furniture",21,"color","english"
"670",25,"is not","hard","banana",0.06,"food",22,"texture","english"
"671",25,"is","brown","banana",0.05,"food",23,"color","english"
"672",25,"is","rotten","desk",0.04,"furniture",24,"age","english"
"673",25,"is not","plastic","carrot",0.05,"food",25,"material","english"
"674",25,"is not","smooth","couch",0.97,"furniture",26,"texture","english"
"675",25,"is","round","banana",0.05,"food",27,"shape","english"
"676",25,"is not","fresh","tomato",0.96,"food",28,"age","english"
"677",26,"is not","red","desk",0.01,"furniture",3,"color","english"
"678",26,"is","yellow","apple",0,"food",4,"color","english"
"679",26,"is","green","desk",0.02,"furniture",5,"color","english"
"680",26,"is","brown","carrot",0.1,"food",6,"color","english"
"681",26,"is not","huge","cheese",0.86,"food",7,"size","english"
"682",26,"is","old","chair",0.86,"furniture",8,"age","english"
"683",26,"is","long","banana",0.77,"food",9,"size","english"
"684",26,"is","fresh","TV",0.93,"furniture",10,"age","english"
"685",26,"is not","soft","carrot",0.62,"food",11,"texture","english"
"686",26,"is not","bad","carrot",0.86,"food",12,"quality","english"
"687",26,"is","small","cheese",0.86,"food",13,"size","english"
"688",26,"is not","rotten","tomato",0.44,"food",14,"age","english"
"689",26,"is not","metal","cheese",0.05,"food",15,"material","english"
"690",26,"is not","hard","fan",0.45,"furniture",16,"texture","english"
"691",26,"is","big","cheese",0.93,"food",17,"size","english"
"692",26,"is","new","TV",1,"furniture",18,"age","english"
"693",26,"is","smooth","cheese",0.73,"food",19,"texture","english"
"694",26,"is","purple","desk",0,"furniture",20,"color","english"
"695",26,"is","round","banana",0.5,"food",21,"shape","english"
"696",26,"is not","good","TV",1,"furniture",22,"quality","english"
"697",26,"is not","plastic","tomato",0.01,"food",23,"material","english"
"698",26,"is not","blue","banana",0,"food",24,"color","english"
"699",26,"is","short","TV",0.78,"furniture",25,"size","english"
"700",26,"is not","tiny","tomato",0.67,"food",26,"size","english"
"701",26,"is not","wooden","tomato",0,"food",27,"material","english"
"702",26,"is","square","banana",0.31,"food",28,"shape","english"
"703",27,"is not","square","tomato",0.31,"food",3,"shape","English"
"704",27,"is","smooth","carrot",1,"food",4,"texture","English"
"705",27,"is","blue","cheese",0.11,"food",5,"color","English"
"706",27,"is","big","cheese",0,"food",6,"size","English"
"707",27,"is","soft","cheese",0,"food",7,"texture","English"
"708",27,"is","small","apple",0.09,"food",8,"size","English"
"709",27,"is not","hard","chair",1,"furniture",9,"texture","English"
"710",27,"is","huge","carrot",0.2,"food",10,"size","English"
"711",27,"is","rotten","banana",0,"food",11,"age","English"
"712",27,"is","brown","apple",0,"food",12,"color","English"
"713",27,"is","plastic","carrot",0,"food",13,"material","English"
"714",27,"is","short","chair",0.97,"furniture",14,"size","English"
"715",27,"is not","good","carrot",1,"food",15,"quality","English"
"716",27,"is not","green","apple",0,"food",16,"color","English"
"717",27,"is not","round","apple",0,"food",17,"shape","English"
"718",27,"is","fresh","banana",1,"food",18,"age","English"
"719",27,"is","red","chair",0,"furniture",19,"color","English"
"720",27,"is","metal","TV",0.16,"furniture",20,"material","English"
"721",27,"is","bad","banana",1,"food",21,"quality","English"
"722",27,"is not","new","chair",0.21,"furniture",22,"age","English"
"723",27,"is","wooden","TV",0.06,"furniture",23,"material","English"
"724",27,"is not","purple","desk",0,"furniture",24,"color","English"
"725",27,"is not","old","chair",0,"furniture",25,"age","English"
"726",27,"is not","long","apple",0,"food",26,"size","English"
"727",27,"is","yellow","carrot",0.07,"food",27,"color","English"
"728",27,"is not","tiny","cheese",0,"food",28,"size","English"
"729",28,"is not","plastic","TV",1,"furniture",3,"material","English"
"730",28,"is not","metal","cheese",0.11,"food",4,"material","English"
"731",28,"is not","old","carrot",0.88,"food",5,"age","English"
"732",28,"is","tiny","chair",0.82,"furniture",6,"size","English"
"733",28,"is not","brown","banana",0,"food",7,"color","English"
"734",28,"is","hard","desk",0.9,"furniture",8,"texture","English"
"735",28,"is not","fresh","couch",0.82,"furniture",9,"age","English"
"736",28,"is","small","couch",0.95,"furniture",10,"size","English"
"737",28,"is not","wooden","banana",0.14,"food",11,"material","English"
"738",28,"is not","good","apple",0.89,"food",12,"quality","English"
"739",28,"is not","huge","apple",0.87,"food",13,"size","English"
"740",28,"is not","purple","tomato",0.01,"food",14,"color","English"
"741",28,"is","rotten","TV",0.9,"furniture",15,"age","English"
"742",28,"is","blue","TV",0.09,"furniture",16,"color","English"
"743",28,"is not","square","TV",0.09,"furniture",17,"shape","English"
"744",28,"is not","long","desk",0.11,"furniture",18,"size","English"
"745",28,"is not","new","apple",0.79,"food",19,"age","English"
"746",28,"is","soft","TV",0.74,"furniture",20,"texture","English"
"747",28,"is not","yellow","couch",0.1,"furniture",21,"color","English"
"748",28,"is","short","desk",0.17,"furniture",22,"size","English"
"749",28,"is not","big","carrot",0.7,"food",23,"size","English"
"750",28,"is not","smooth","carrot",0.85,"food",24,"texture","English"
"751",28,"is not","round","couch",0.16,"furniture",25,"shape","English"
"752",28,"is","red","chair",0.18,"furniture",26,"color","English"
"753",28,"is not","green","desk",0.09,"furniture",27,"color","English"
"754",28,"is","bad","cheese",0.74,"food",28,"quality","English"
"755",29,"is not","red","fan",0.88,"furniture",3,"color","English"
"756",29,"is not","round","carrot",0.33,"food",4,"shape","English"
"757",29,"is","long","banana",1,"food",5,"size","English"
"758",29,"is not","blue","TV",0.84,"furniture",6,"color","English"
"759",29,"is","tiny","carrot",0.93,"food",7,"size","English"
"760",29,"is","old","chair",0.67,"furniture",8,"age","English"
"761",29,"is not","short","couch",0.91,"furniture",9,"size","English"
"762",29,"is","green","carrot",0.67,"food",10,"color","English"
"763",29,"is","rotten","chair",0.5,"furniture",11,"age","English"
"764",29,"is","soft","chair",0.88,"furniture",12,"texture","English"
"765",29,"is","good","tomato",0.17,"food",13,"quality","English"
"766",29,"is not","new","tomato",0.21,"food",14,"age","English"
"767",29,"is not","metal","desk",0.03,"furniture",15,"material","English"
"768",29,"is","square","couch",0.07,"furniture",16,"shape","English"
"769",29,"is","smooth","couch",0.5,"furniture",17,"texture","English"
"770",29,"is not","plastic","desk",0.22,"furniture",18,"material","English"
"771",29,"is","purple","apple",0.86,"food",19,"color","English"
"772",29,"is not","hard","fan",0.09,"furniture",20,"texture","English"
"773",29,"is","fresh","apple",0.43,"food",21,"age","English"
"774",29,"is","bad","chair",0.31,"furniture",22,"quality","English"
"775",29,"is","brown","banana",0.8,"food",23,"color","English"
"776",29,"is not","wooden","couch",0.14,"furniture",24,"material","English"
"777",29,"is not","big","TV",1,"furniture",25,"size","English"
"778",29,"is","huge","TV",0.87,"furniture",26,"size","English"
"779",29,"is","small","desk",0.9,"furniture",27,"size","English"
"780",29,"is","yellow","TV",0.83,"furniture",28,"color","English"
"781",30,"is not","huge","TV",0.95,"furniture",3,"size","english"
"782",30,"is not","square","fan",0.02,"furniture",4,"shape","english"
"783",30,"is","small","TV",0.97,"furniture",5,"size","english"
"784",30,"is","rotten","couch",0.99,"furniture",6,"age","english"
"785",30,"is","tiny","fan",0.98,"furniture",7,"size","english"
"786",30,"is","smooth","tomato",0,"food",8,"texture","english"
"787",30,"is","soft","couch",0.99,"furniture",9,"texture","english"
"788",30,"is","yellow","chair",0,"furniture",10,"color","english"
"789",30,"is not","hard","carrot",0.01,"food",11,"texture","english"
"790",30,"is not","good","carrot",0.99,"food",12,"quality","english"
"791",30,"is not","old","TV",0.99,"furniture",13,"age","english"
"792",30,"is","purple","fan",0.01,"furniture",14,"color","english"
"793",30,"is not","plastic","banana",0,"food",15,"material","english"
"794",30,"is","green","tomato",0,"food",16,"color","english"
"795",30,"is not","metal","tomato",0,"food",17,"material","english"
"796",30,"is not","fresh","TV",0.98,"furniture",18,"age","english"
"797",30,"is","wooden","tomato",0.03,"food",19,"material","english"
"798",30,"is","blue","fan",0.03,"furniture",20,"color","english"
"799",30,"is","brown","desk",0.02,"furniture",21,"color","english"
"800",30,"is not","red","TV",0.01,"furniture",22,"color","english"
"801",30,"is","new","desk",0.98,"furniture",23,"age","english"
"802",30,"is not","round","desk",0.01,"furniture",24,"shape","english"
"803",30,"is","long","TV",1,"furniture",25,"size","english"
"804",30,"is","short","cheese",0.99,"food",26,"size","english"
"805",30,"is not","big","cheese",0.98,"food",27,"size","english"
"806",30,"is","bad","carrot",0.98,"food",28,"quality","english"
"807",31,"is not","yellow","apple",1,"food",3,"color","english"
"808",31,"is","new","carrot",1,"food",4,"age","english"
"809",31,"is not","bad","fan",1,"furniture",5,"quality","english"
"810",31,"is not","red","apple",0,"food",6,"color","english"
"811",31,"is not","square","chair",1,"furniture",7,"shape","english"
"812",31,"is","long","cheese",1,"food",8,"size","english"
"813",31,"is not","wooden","TV",1,"furniture",9,"material","english"
"814",31,"is","plastic","apple",0.94,"food",10,"material","english"
"815",31,"is","green","banana",0,"food",11,"color","english"
"816",31,"is","blue","apple",0.09,"food",12,"color","english"
"817",31,"is not","tiny","apple",0.95,"food",13,"size","english"
"818",31,"is","big","banana",1,"food",14,"size","english"
"819",31,"is not","huge","TV",1,"furniture",15,"size","english"
"820",31,"is","old","fan",1,"furniture",16,"age","english"
"821",31,"is not","smooth","fan",1,"furniture",17,"texture","english"
"822",31,"is","brown","carrot",0,"food",18,"color","english"
"823",31,"is not","metal","apple",0.97,"food",19,"material","english"
"824",31,"is","short","couch",0.95,"furniture",20,"size","english"
"825",31,"is not","soft","chair",1,"furniture",21,"texture","english"
"826",31,"is not","small","apple",0.95,"food",22,"size","english"
"827",31,"is","rotten","banana",0.97,"food",23,"age","english"
"828",31,"is","round","cheese",0,"food",24,"shape","english"
"829",31,"is not","good","fan",1,"furniture",25,"quality","english"
"830",31,"is","fresh","chair",0.02,"furniture",26,"age","english"
"831",31,"is","purple","fan",0,"furniture",27,"color","english"
"832",31,"is not","hard","couch",1,"furniture",28,"texture","english"
"833",32,"is","fresh","apple",0.72,"food",3,"age","English"
"834",32,"is","red","couch",0,"furniture",4,"color","English"
"835",32,"is","good","tomato",1,"food",5,"quality","English"
"836",32,"is","blue","carrot",0,"food",6,"color","English"
"837",32,"is","soft","chair",1,"furniture",7,"texture","English"
"838",32,"is not","brown","TV",0,"furniture",8,"color","English"
"839",32,"is not","old","TV",0,"furniture",9,"age","English"
"840",32,"is not","purple","tomato",1,"food",10,"color","English"
"841",32,"is","round","chair",0,"furniture",11,"shape","English"
"842",32,"is","big","desk",0.68,"furniture",12,"size","English"
"843",32,"is not","bad","TV",0.72,"furniture",13,"quality","English"
"844",32,"is not","wooden","carrot",0,"food",14,"material","English"
"845",32,"is not","plastic","tomato",0,"food",15,"material","English"
"846",32,"is","huge","desk",0.73,"furniture",16,"size","English"
"847",32,"is","green","TV",0,"furniture",17,"color","English"
"848",32,"is","hard","banana",0.25,"food",18,"texture","English"
"849",32,"is not","small","TV",0.62,"furniture",19,"size","English"
"850",32,"is not","square","TV",0,"furniture",20,"shape","English"
"851",32,"is","tiny","carrot",0.68,"food",21,"size","English"
"852",32,"is not","long","cheese",0.58,"food",22,"size","English"
"853",32,"is","new","couch",0.63,"furniture",23,"age","English"
"854",32,"is not","metal","banana",0,"food",24,"material","English"
"855",32,"is","rotten","cheese",0,"food",25,"age","English"
"856",32,"is not","yellow","desk",0,"furniture",26,"color","English"
"857",32,"is","smooth","cheese",0.36,"food",27,"texture","English"
"858",32,"is not","short","chair",0.63,"furniture",28,"size","English"
"859",33,"is","round","carrot",0.96,"food",3,"shape","English"
"860",33,"is","good","couch",0.98,"furniture",4,"quality","English"
"861",33,"is not","brown","fan",0.5,"furniture",5,"color","English"
"862",33,"is not","small","tomato",0.99,"food",6,"size","English"
"863",33,"is","short","couch",0.47,"furniture",7,"size","English"
"864",33,"is","soft","TV",0,"furniture",8,"texture","English"
"865",33,"is not","long","couch",0.54,"furniture",9,"size","English"
"866",33,"is","purple","desk",0.02,"furniture",10,"color","English"
"867",33,"is","metal","carrot",0.53,"food",11,"material","English"
"868",33,"is not","red","cheese",0.07,"food",12,"color","English"
"869",33,"is","tiny","TV",0.95,"furniture",13,"size","English"
"870",33,"is","bad","fan",0.48,"furniture",14,"quality","English"
"871",33,"is","huge","cheese",0.94,"food",15,"size","English"
"872",33,"is","yellow","TV",0.02,"furniture",16,"color","English"
"873",33,"is","new","desk",0.97,"furniture",17,"age","English"
"874",33,"is","plastic","cheese",0.14,"food",18,"material","English"
"875",33,"is not","hard","cheese",0.55,"food",19,"texture","English"
"876",33,"is not","green","fan",0.05,"furniture",20,"color","English"
"877",33,"is","square","chair",0.01,"furniture",21,"shape","English"
"878",33,"is not","fresh","apple",0.52,"food",22,"age","English"
"879",33,"is","big","carrot",1,"food",23,"size","English"
"880",33,"is","old","chair",0.51,"furniture",24,"age","English"
"881",33,"is not","wooden","TV",0.01,"furniture",25,"material","English"
"882",33,"is not","rotten","cheese",0.51,"food",26,"age","English"
"883",33,"is not","blue","apple",0.03,"food",27,"color","English"
"884",33,"is","smooth","fan",0.06,"furniture",28,"texture","English"
"885",34,"is not","brown","desk",0.05,"furniture",3,"color","English"
"886",34,"is","square","banana",0,"food",4,"shape","English"
"887",34,"is","blue","banana",0.05,"food",5,"color","English"
"888",34,"is not","hard","banana",1,"food",6,"texture","English"
"889",34,"is","plastic","tomato",0.01,"food",7,"material","English"
"890",34,"is","green","apple",0.03,"food",8,"color","English"
"891",34,"is","old","apple",0.96,"food",9,"age","English"
"892",34,"is","rotten","fan",0.96,"furniture",10,"age","English"
"893",34,"is","fresh","fan",0.98,"furniture",11,"age","English"
"894",34,"is","new","chair",0.92,"furniture",12,"age","English"
"895",34,"is not","small","fan",0.94,"furniture",13,"size","English"
"896",34,"is","bad","tomato",0.98,"food",14,"quality","English"
"897",34,"is","soft","banana",0.98,"food",15,"texture","English"
"898",34,"is","round","carrot",0.02,"food",16,"shape","English"
"899",34,"is not","good","banana",0.96,"food",17,"quality","English"
"900",34,"is","purple","couch",0.03,"furniture",18,"color","English"
"901",34,"is not","smooth","couch",0.05,"furniture",19,"texture","English"
"902",34,"is","long","cheese",0.98,"food",20,"size","English"
"903",34,"is not","wooden","TV",0.03,"furniture",21,"material","English"
"904",34,"is not","yellow","desk",0.06,"furniture",22,"color","English"
"905",34,"is","huge","cheese",0.97,"food",23,"size","English"
"906",34,"is not","big","carrot",0.97,"food",24,"size","English"
"907",34,"is","short","cheese",0.97,"food",25,"size","English"
"908",34,"is","red","banana",0.02,"food",26,"color","English"
"909",34,"is not","metal","cheese",0.08,"food",27,"material","English"
"910",34,"is","tiny","desk",0.94,"furniture",28,"size","English"
"911",35,"is not","bad","desk",0.95,"furniture",3,"quality","English "
"912",35,"is","hard","fan",0.03,"furniture",4,"texture","English "
"913",35,"is not","soft","carrot",0.59,"food",5,"texture","English "
"914",35,"is not","green","cheese",0.14,"food",6,"color","English "
"915",35,"is not","tiny","desk",0.32,"furniture",7,"size","English "
"916",35,"is not","brown","chair",0.1,"furniture",8,"color","English "
"917",35,"is not","plastic","desk",0.01,"furniture",9,"material","English "
"918",35,"is not","small","cheese",0.53,"food",10,"size","English "
"919",35,"is not","old","chair",0.63,"furniture",11,"age","English "
"920",35,"is not","new","desk",0,"furniture",12,"age","English "
"921",35,"is","long","couch",0.68,"furniture",13,"size","English "
"922",35,"is not","round","carrot",0.2,"food",14,"shape","English "
"923",35,"is not","square","desk",0.08,"furniture",15,"shape","English "
"924",35,"is not","metal","TV",0.01,"furniture",16,"material","English "
"925",35,"is","red","TV",0.11,"furniture",17,"color","English "
"926",35,"is not","wooden","apple",0.02,"food",18,"material","English "
"927",35,"is","big","cheese",0.71,"food",19,"size","English "
"928",35,"is not","short","couch",0.68,"furniture",20,"size","English "
"929",35,"is not","rotten","cheese",0.14,"food",21,"age","English "
"930",35,"is","huge","banana",0.69,"food",22,"size","English "
"931",35,"is not","purple","carrot",0,"food",23,"color","English "
"932",35,"is","fresh","cheese",0.63,"food",24,"age","English "
"933",35,"is not","good","fan",0.9,"furniture",25,"quality","English "
"934",35,"is","yellow","chair",0,"furniture",26,"color","English "
"935",35,"is","blue","banana",0.01,"food",27,"color","English "
"936",35,"is","smooth","tomato",0.84,"food",28,"texture","English "
"937",36,"is not","yellow","couch",0.86,"furniture",3,"color","english"
"938",36,"is not","metal","apple",0.68,"food",4,"material","english"
"939",36,"is","bad","apple",0.49,"food",5,"quality","english"
"940",36,"is not","fresh","chair",0.58,"furniture",6,"age","english"
"941",36,"is","long","fan",0.59,"furniture",7,"size","english"
"942",36,"is","red","carrot",0.27,"food",8,"color","english"
"943",36,"is not","soft","tomato",0.47,"food",9,"texture","english"
"944",36,"is","purple","apple",0.24,"food",10,"color","english"
"945",36,"is not","wooden","carrot",0.5,"food",11,"material","english"
"946",36,"is","square","cheese",0.27,"food",12,"shape","english"
"947",36,"is","plastic","tomato",0.55,"food",13,"material","english"
"948",36,"is","new","apple",0.51,"food",14,"age","english"
"949",36,"is not","green","tomato",0.63,"food",15,"color","english"
"950",36,"is","old","carrot",0.49,"food",16,"age","english"
"951",36,"is","rotten","fan",0.3,"furniture",17,"age","english"
"952",36,"is not","huge","fan",0.54,"furniture",18,"size","english"
"953",36,"is not","brown","TV",0.52,"furniture",19,"color","english"
"954",36,"is","short","TV",0.36,"furniture",20,"size","english"
"955",36,"is","tiny","fan",0.49,"furniture",21,"size","english"
"956",36,"is","round","banana",0.17,"food",22,"shape","english"
"957",36,"is not","smooth","apple",0.56,"food",23,"texture","english"
"958",36,"is not","hard","tomato",0.61,"food",24,"texture","english"
"959",36,"is","blue","TV",0.61,"furniture",25,"color","english"
"960",36,"is not","small","chair",0.48,"furniture",26,"size","english"
"961",36,"is not","good","chair",0.52,"furniture",27,"quality","english"
"962",36,"is","big","banana",0.5,"food",28,"size","english"
"963",37,"is not","purple","desk",0.66,"furniture",3,"color","English"
"964",37,"is","rotten","TV",0.98,"furniture",4,"age","English"
"965",37,"is","new","desk",0.02,"furniture",5,"age","English"
"966",37,"is not","smooth","banana",0.72,"food",6,"texture","English"
"967",37,"is not","old","cheese",0.55,"food",7,"age","English"
"968",37,"is","red","TV",0.51,"furniture",8,"color","English"
"969",37,"is","tiny","couch",0.75,"furniture",9,"size","English"
"970",37,"is not","square","fan",0.02,"furniture",10,"shape","English"
"971",37,"is not","plastic","TV",0.04,"furniture",11,"material","English"
"972",37,"is not","good","banana",0.99,"food",12,"quality","English"
"973",37,"is","yellow","carrot",0.61,"food",13,"color","English"
"974",37,"is not","blue","banana",0.64,"food",14,"color","English"
"975",37,"is not","wooden","couch",0.04,"furniture",15,"material","English"
"976",37,"is","big","couch",0.82,"furniture",16,"size","English"
"977",37,"is not","metal","tomato",0.03,"food",17,"material","English"
"978",37,"is not","fresh","banana",0.66,"food",18,"age","English"
"979",37,"is","bad","fan",0.96,"furniture",19,"quality","English"
"980",37,"is not","long","TV",0.71,"furniture",20,"size","English"
"981",37,"is","green","couch",0.66,"furniture",21,"color","English"
"982",37,"is not","brown","carrot",0.64,"food",22,"color","English"
"983",37,"is not","small","apple",0.78,"food",23,"size","English"
"984",37,"is not","short","banana",0.78,"food",24,"size","English"
"985",37,"is","huge","desk",0.86,"furniture",25,"size","English"
"986",37,"is","soft","TV",0.22,"furniture",26,"texture","English"
"987",37,"is","hard","carrot",0.61,"food",27,"texture","English"
"988",37,"is not","round","couch",0.04,"furniture",28,"shape","English"
"989",38,"is not","metal","apple",0,"food",3,"material","English"
"990",38,"is","new","desk",0.21,"furniture",4,"age","English"
"991",38,"is not","rotten","cheese",0,"food",5,"age","English"
"992",38,"is","short","chair",0.98,"furniture",6,"size","English"
"993",38,"is","wooden","TV",0,"furniture",7,"material","English"
"994",38,"is","smooth","TV",0.91,"furniture",8,"texture","English"
"995",38,"is","small","chair",0.9,"furniture",9,"size","English"
"996",38,"is not","red","couch",0.17,"furniture",10,"color","English"
"997",38,"is not","round","TV",0.27,"furniture",11,"shape","English"
"998",38,"is not","huge","desk",1,"furniture",12,"size","English"
"999",38,"is","hard","cheese",0.74,"food",13,"texture","English"
"1000",38,"is","plastic","apple",0.02,"food",14,"material","English"
"1001",38,"is not","soft","cheese",0.81,"food",15,"texture","English"
"1002",38,"is not","big","chair",1,"furniture",16,"size","English"
"1003",38,"is","fresh","TV",1,"furniture",17,"age","English"
"1004",38,"is","old","desk",0.77,"furniture",18,"age","English"
"1005",38,"is not","long","TV",1,"furniture",19,"size","English"
"1006",38,"is not","purple","desk",0,"furniture",20,"color","English"
"1007",38,"is","bad","desk",1,"furniture",21,"quality","English"
"1008",38,"is","tiny","cheese",0.89,"food",22,"size","English"
"1009",38,"is","blue","apple",0,"food",23,"color","English"
"1010",38,"is","brown","cheese",1,"food",24,"color","English"
"1011",38,"is not","green","fan",0.15,"furniture",25,"color","English"
"1012",38,"is not","good","fan",1,"furniture",26,"quality","English"
"1013",38,"is not","square","desk",0.62,"furniture",27,"shape","English"
"1014",38,"is not","yellow","carrot",0.37,"food",28,"color","English"
"1015",39,"is","purple","TV",0.03,"furniture",3,"color","Englsih"
"1016",39,"is not","wooden","chair",0.01,"furniture",4,"material","Englsih"
"1017",39,"is","green","cheese",0,"food",5,"color","Englsih"
"1018",39,"is","metal","carrot",0,"food",6,"material","Englsih"
"1019",39,"is not","smooth","desk",1,"furniture",7,"texture","Englsih"
"1020",39,"is","short","chair",0.99,"furniture",8,"size","Englsih"
"1021",39,"is","old","carrot",0.48,"food",9,"age","Englsih"
"1022",39,"is not","new","couch",0.77,"furniture",10,"age","Englsih"
"1023",39,"is","rotten","apple",0.37,"food",11,"age","Englsih"
"1024",39,"is not","huge","couch",0.95,"furniture",12,"size","Englsih"
"1025",39,"is","plastic","banana",0.03,"food",13,"material","Englsih"
"1026",39,"is not","red","carrot",0.02,"food",14,"color","Englsih"
"1027",39,"is not","blue","apple",0.01,"food",15,"color","Englsih"
"1028",39,"is not","small","couch",0.96,"furniture",16,"size","Englsih"
"1029",39,"is not","brown","tomato",0.02,"food",17,"color","Englsih"
"1030",39,"is","round","banana",0.05,"food",18,"shape","Englsih"
"1031",39,"is","fresh","fan",0.92,"furniture",19,"age","Englsih"
"1032",39,"is","big","tomato",0.95,"food",20,"size","Englsih"
"1033",39,"is","soft","banana",0.75,"food",21,"texture","Englsih"
"1034",39,"is","long","banana",0.98,"food",22,"size","Englsih"
"1035",39,"is not","yellow","banana",0.25,"food",23,"color","Englsih"
"1036",39,"is not","good","chair",0.99,"furniture",24,"quality","Englsih"
"1037",39,"is","bad","banana",0.6,"food",25,"quality","Englsih"
"1038",39,"is not","hard","cheese",0.95,"food",26,"texture","Englsih"
"1039",39,"is","square","banana",0.05,"food",27,"shape","Englsih"
"1040",39,"is","tiny","couch",0.97,"furniture",28,"size","Englsih"
