"","workerid","noun","nounclass","slide_number","predicate2","predicate1","class2","response","class1","language"
"1",0,"tomato","food",3,"hard","green","texture",0.79,"color","English"
"2",0,"apple","food",4,"metal","square","material",0.16,"shape","English"
"3",0,"TV","furniture",5,"round","good","shape",0.88,"quality","English"
"4",0,"banana","food",6,"metal","rotten","material",0.78,"age","English"
"5",0,"desk","furniture",7,"long","square","size",0.09,"shape","English"
"6",0,"chair","furniture",8,"green","wooden","color",0.05,"material","English"
"7",0,"couch","furniture",9,"red","new","color",0.82,"age","English"
"8",0,"carrot","food",10,"metal","rotten","material",0.88,"age","English"
"9",0,"chair","furniture",11,"hard","round","texture",0.1,"shape","English"
"10",0,"carrot","food",12,"blue","huge","color",0.87,"size","English"
"11",0,"couch","furniture",13,"wooden","blue","material",0.83,"color","English"
"12",0,"apple","food",14,"wooden","small","material",0.87,"size","English"
"13",0,"TV","furniture",15,"good","rotten","quality",0.09,"age","English"
"14",0,"chair","furniture",16,"plastic","long","material",0.86,"size","English"
"15",0,"cheese","food",17,"good","metal","quality",0.13,"material","English"
"16",0,"desk","furniture",18,"green","short","color",0.88,"size","English"
"17",0,"carrot","food",19,"big","soft","size",0.08,"texture","English"
"18",0,"chair","furniture",20,"fresh","short","age",0.93,"size","English"
"19",0,"carrot","food",21,"green","long","color",0.98,"size","English"
"20",0,"chair","furniture",22,"good","blue","quality",0.08,"color","English"
"21",0,"apple","food",23,"smooth","round","texture",0.17,"shape","English"
"22",0,"TV","furniture",24,"yellow","big","color",0.8,"size","English"
"23",0,"desk","furniture",25,"new","small","age",0.9,"size","English"
"24",0,"chair","furniture",26,"tiny","smooth","size",0.94,"texture","English"
"25",0,"tomato","food",27,"smooth","short","texture",0.85,"size","English"
"26",0,"couch","furniture",28,"good","big","quality",0.91,"size","English"
"27",1,"fan","furniture",3,"yellow","tiny","color",1,"size","english"
"28",1,"carrot","food",4,"metal","hard","material",0.97,"texture","english"
"29",1,"chair","furniture",5,"hard","square","texture",0.01,"shape","english"
"30",1,"carrot","food",6,"round","new","shape",0.96,"age","english"
"31",1,"apple","food",7,"good","round","quality",0,"shape","english"
"32",1,"tomato","food",8,"fresh","purple","age",0,"color","english"
"33",1,"TV","furniture",9,"wooden","soft","material",0.94,"texture","english"
"34",1,"tomato","food",10,"rotten","blue","age",0.02,"color","english"
"35",1,"tomato","food",11,"new","wooden","age",0.01,"material","english"
"36",1,"TV","furniture",12,"square","brown","shape",0.02,"color","english"
"37",1,"banana","food",13,"round","wooden","shape",0,"material","english"
"38",1,"tomato","food",14,"plastic","smooth","material",0.96,"texture","english"
"39",1,"banana","food",15,"metal","new","material",0.94,"age","english"
"40",1,"apple","food",16,"long","red","size",0.02,"color","english"
"41",1,"fan","furniture",17,"purple","short","color",0.93,"size","english"
"42",1,"desk","furniture",18,"small","fresh","size",0,"age","english"
"43",1,"couch","furniture",19,"metal","big","material",0.98,"size","english"
"44",1,"tomato","food",20,"green","small","color",1,"size","english"
"45",1,"cheese","food",21,"old","smooth","age",0.01,"texture","english"
"46",1,"banana","food",22,"huge","old","size",0.03,"age","english"
"47",1,"fan","furniture",23,"plastic","rotten","material",0.96,"age","english"
"48",1,"desk","furniture",24,"round","fresh","shape",0.96,"age","english"
"49",1,"banana","food",25,"rotten","good","age",0.02,"quality","english"
"50",1,"couch","furniture",26,"square","wooden","shape",0.02,"material","english"
"51",1,"chair","furniture",27,"huge","round","size",0.02,"shape","english"
"52",1,"cheese","food",28,"blue","big","color",0.97,"size","english"
"53",2,"desk","furniture",3,"bad","big","quality",0.94,"size","English"
"54",2,"fan","furniture",4,"huge","round","size",0.08,"shape","English"
"55",2,"carrot","food",5,"yellow","old","color",0.95,"age","English"
"56",2,"chair","furniture",6,"new","green","age",0.06,"color","English"
"57",2,"couch","furniture",7,"rotten","hard","age",0.16,"texture","English"
"58",2,"apple","food",8,"brown","rotten","color",0.96,"age","English"
"59",2,"banana","food",9,"bad","tiny","quality",0.9,"size","English"
"60",2,"tomato","food",10,"plastic","rotten","material",0.91,"age","English"
"61",2,"chair","furniture",11,"new","huge","age",0.92,"size","English"
"62",2,"desk","furniture",12,"tiny","new","size",0.05,"age","English"
"63",2,"banana","food",13,"round","huge","shape",0.97,"size","English"
"64",2,"tomato","food",14,"huge","soft","size",0.87,"texture","English"
"65",2,"TV","furniture",15,"new","big","age",0.96,"size","English"
"66",2,"couch","furniture",16,"good","small","quality",0.06,"size","English"
"67",2,"apple","food",17,"good","tiny","quality",0.08,"size","English"
"68",2,"desk","furniture",18,"purple","new","color",0.84,"age","English"
"69",2,"desk","furniture",19,"rotten","square","age",0.22,"shape","English"
"70",2,"TV","furniture",20,"tiny","metal","size",0.1,"material","English"
"71",2,"banana","food",21,"bad","smooth","quality",0.9,"texture","English"
"72",2,"apple","food",22,"square","tiny","shape",0.13,"size","English"
"73",2,"carrot","food",23,"yellow","huge","color",0.86,"size","English"
"74",2,"apple","food",24,"short","square","size",0.23,"shape","English"
"75",2,"chair","furniture",25,"blue","fresh","color",0.88,"age","English"
"76",2,"TV","furniture",26,"huge","yellow","size",0.13,"color","English"
"77",2,"TV","furniture",27,"small","plastic","size",0.09,"material","English"
"78",2,"apple","food",28,"rotten","square","age",0.06,"shape","English"
"79",3,"banana","food",3,"yellow","small","color",0.95,"size","English"
"80",3,"fan","furniture",4,"bad","green","quality",0.01,"color","English"
"81",3,"carrot","food",5,"yellow","old","color",0.99,"age","English"
"82",3,"chair","furniture",6,"red","soft","color",0.97,"texture","English"
"83",3,"desk","furniture",7,"soft","yellow","texture",0,"color","English"
"84",3,"banana","food",8,"huge","new","size",0.01,"age","English"
"85",3,"banana","food",9,"good","huge","quality",0.99,"size","English"
"86",3,"carrot","food",10,"wooden","big","material",0.98,"size","English"
"87",3,"apple","food",11,"wooden","soft","material",0.96,"texture","English"
"88",3,"cheese","food",12,"old","wooden","age",0.01,"material","English"
"89",3,"apple","food",13,"wooden","hard","material",0.97,"texture","English"
"90",3,"TV","furniture",14,"smooth","wooden","texture",0.02,"material","English"
"91",3,"apple","food",15,"metal","red","material",0.97,"color","English"
"92",3,"desk","furniture",16,"small","purple","size",0.01,"color","English"
"93",3,"tomato","food",17,"brown","short","color",0.98,"size","English"
"94",3,"couch","furniture",18,"brown","new","color",0.96,"age","English"
"95",3,"couch","furniture",19,"green","soft","color",0.96,"texture","English"
"96",3,"TV","furniture",20,"brown","tiny","color",0.96,"size","English"
"97",3,"banana","food",21,"square","metal","shape",0.01,"material","English"
"98",3,"fan","furniture",22,"tiny","red","size",0.03,"color","English"
"99",3,"chair","furniture",23,"bad","square","quality",0.01,"shape","English"
"100",3,"tomato","food",24,"round","short","shape",0.96,"size","English"
"101",3,"TV","furniture",25,"hard","red","texture",0.01,"color","English"
"102",3,"couch","furniture",26,"purple","new","color",0.97,"age","English"
"103",3,"banana","food",27,"small","new","size",0.01,"age","English"
"104",3,"TV","furniture",28,"good","brown","quality",0.03,"color","English"
"105",4,"TV","furniture",3,"tiny","bad","size",0.98,"quality","english"
"106",4,"chair","furniture",4,"short","square","size",0.05,"shape","english"
"107",4,"apple","food",5,"old","brown","age",0.96,"color","english"
"108",4,"fan","furniture",6,"yellow","fresh","color",0.96,"age","english"
"109",4,"tomato","food",7,"round","metal","shape",0.98,"material","english"
"110",4,"apple","food",8,"green","smooth","color",0.96,"texture","english"
"111",4,"cheese","food",9,"fresh","blue","age",0.02,"color","english"
"112",4,"carrot","food",10,"brown","plastic","color",0.02,"material","english"
"113",4,"couch","furniture",11,"smooth","tiny","texture",0.96,"size","english"
"114",4,"chair","furniture",12,"brown","bad","color",0.97,"quality","english"
"115",4,"fan","furniture",13,"long","blue","size",0.02,"color","english"
"116",4,"desk","furniture",14,"green","rotten","color",0.99,"age","english"
"117",4,"tomato","food",15,"hard","green","texture",0.03,"color","english"
"118",4,"carrot","food",16,"bad","blue","quality",0.02,"color","english"
"119",4,"desk","furniture",17,"plastic","round","material",0.98,"shape","english"
"120",4,"TV","furniture",18,"new","metal","age",0.05,"material","english"
"121",4,"fan","furniture",19,"smooth","good","texture",1,"quality","english"
"122",4,"fan","furniture",20,"good","smooth","quality",0.03,"texture","english"
"123",4,"chair","furniture",21,"bad","plastic","quality",0.04,"material","english"
"124",4,"desk","furniture",22,"soft","purple","texture",0.06,"color","english"
"125",4,"fan","furniture",23,"hard","yellow","texture",0.03,"color","english"
"126",4,"tomato","food",24,"short","plastic","size",0.06,"material","english"
"127",4,"chair","furniture",25,"metal","huge","material",0.95,"size","english"
"128",4,"apple","food",26,"blue","short","color",0.98,"size","english"
"129",4,"apple","food",27,"rotten","purple","age",0,"color","english"
"130",4,"TV","furniture",28,"soft","new","texture",0,"age","english"
"131",5,"banana","food",3,"small","new","size",0.05,"age","english"
"132",5,"TV","furniture",4,"plastic","square","material",1,"shape","english"
"133",5,"chair","furniture",5,"small","good","size",1,"quality","english"
"134",5,"banana","food",6,"good","new","quality",0.36,"age","english"
"135",5,"tomato","food",7,"smooth","big","texture",0.96,"size","english"
"136",5,"cheese","food",8,"new","green","age",0.04,"color","english"
"137",5,"carrot","food",9,"metal","round","material",0.97,"shape","english"
"138",5,"TV","furniture",10,"good","small","quality",0.03,"size","english"
"139",5,"apple","food",11,"green","old","color",0.99,"age","english"
"140",5,"apple","food",12,"fresh","tiny","age",0.98,"size","english"
"141",5,"cheese","food",13,"smooth","small","texture",0.97,"size","english"
"142",5,"desk","furniture",14,"purple","metal","color",0.03,"material","english"
"143",5,"banana","food",15,"good","red","quality",0.01,"color","english"
"144",5,"chair","furniture",16,"wooden","yellow","material",0.64,"color","english"
"145",5,"TV","furniture",17,"big","old","size",0.02,"age","english"
"146",5,"couch","furniture",18,"small","rotten","size",0.01,"age","english"
"147",5,"carrot","food",19,"bad","new","quality",0.01,"age","english"
"148",5,"fan","furniture",20,"short","old","size",0.02,"age","english"
"149",5,"cheese","food",21,"big","plastic","size",0.03,"material","english"
"150",5,"couch","furniture",22,"bad","new","quality",0.03,"age","english"
"151",5,"banana","food",23,"big","red","size",0,"color","english"
"152",5,"desk","furniture",24,"wooden","bad","material",0.97,"quality","english"
"153",5,"banana","food",25,"red","plastic","color",0.98,"material","english"
"154",5,"cheese","food",26,"rotten","tiny","age",0.02,"size","english"
"155",5,"carrot","food",27,"round","old","shape",0.95,"age","english"
"156",5,"TV","furniture",28,"brown","rotten","color",0.97,"age","english"
"157",6,"fan","furniture",3,"square","old","shape",0.83,"age","English"
"158",6,"cheese","food",4,"fresh","smooth","age",0.59,"texture","English"
"159",6,"couch","furniture",5,"bad","fresh","quality",0.49,"age","English"
"160",6,"chair","furniture",6,"long","green","size",0.2,"color","English"
"161",6,"apple","food",7,"brown","big","color",0.93,"size","English"
"162",6,"apple","food",8,"rotten","short","age",0.86,"size","English"
"163",6,"desk","furniture",9,"new","tiny","age",0.81,"size","English"
"164",6,"cheese","food",10,"purple","soft","color",0.82,"texture","English"
"165",6,"couch","furniture",11,"blue","old","color",0.96,"age","English"
"166",6,"fan","furniture",12,"fresh","round","age",0.32,"shape","English"
"167",6,"carrot","food",13,"new","good","age",0.91,"quality","English"
"168",6,"tomato","food",14,"metal","old","material",0.89,"age","English"
"169",6,"apple","food",15,"bad","yellow","quality",0.22,"color","English"
"170",6,"chair","furniture",16,"plastic","square","material",0.98,"shape","English"
"171",6,"banana","food",17,"new","smooth","age",0.63,"texture","English"
"172",6,"carrot","food",18,"red","round","color",0.77,"shape","English"
"173",6,"cheese","food",19,"fresh","purple","age",0.21,"color","English"
"174",6,"couch","furniture",20,"new","big","age",0.22,"size","English"
"175",6,"TV","furniture",21,"metal","new","material",0.93,"age","English"
"176",6,"carrot","food",22,"small","wooden","size",0.04,"material","English"
"177",6,"fan","furniture",23,"brown","small","color",0.94,"size","English"
"178",6,"couch","furniture",24,"yellow","soft","color",0.91,"texture","English"
"179",6,"couch","furniture",25,"tiny","fresh","size",0.66,"age","English"
"180",6,"cheese","food",26,"good","round","quality",0.06,"shape","English"
"181",6,"fan","furniture",27,"smooth","round","texture",0.3,"shape","English"
"182",6,"fan","furniture",28,"big","plastic","size",0.05,"material","English"
"183",7,"couch","furniture",3,"small","round","size",0.03,"shape","English"
"184",7,"banana","food",4,"new","purple","age",0.03,"color","English"
"185",7,"carrot","food",5,"long","blue","size",0.01,"color","English"
"186",7,"cheese","food",6,"green","huge","color",0.98,"size","English"
"187",7,"chair","furniture",7,"brown","soft","color",0.97,"texture","English"
"188",7,"fan","furniture",8,"bad","blue","quality",0,"color","English"
"189",7,"TV","furniture",9,"green","short","color",0.99,"size","English"
"190",7,"fan","furniture",10,"good","huge","quality",0.97,"size","English"
"191",7,"fan","furniture",11,"old","purple","age",0.04,"color","English"
"192",7,"banana","food",12,"good","plastic","quality",0.02,"material","English"
"193",7,"tomato","food",13,"smooth","good","texture",0.95,"quality","English"
"194",7,"cheese","food",14,"hard","huge","texture",0.97,"size","English"
"195",7,"TV","furniture",15,"plastic","long","material",0.96,"size","English"
"196",7,"cheese","food",16,"soft","plastic","texture",0.01,"material","English"
"197",7,"carrot","food",17,"small","old","size",0.98,"age","English"
"198",7,"couch","furniture",18,"good","round","quality",0.05,"shape","English"
"199",7,"TV","furniture",19,"plastic","long","material",0.98,"size","English"
"200",7,"chair","furniture",20,"blue","small","color",0.99,"size","English"
"201",7,"couch","furniture",21,"big","smooth","size",0.02,"texture","English"
"202",7,"fan","furniture",22,"metal","short","material",0.97,"size","English"
"203",7,"TV","furniture",23,"big","green","size",0.02,"color","English"
"204",7,"chair","furniture",24,"long","fresh","size",0.02,"age","English"
"205",7,"cheese","food",25,"good","green","quality",0.06,"color","English"
"206",7,"TV","furniture",26,"red","small","color",0.99,"size","English"
"207",7,"chair","furniture",27,"big","fresh","size",0.03,"age","English"
"208",7,"apple","food",28,"wooden","long","material",0.97,"size","English"
"209",8,"banana","food",3,"hard","metal","texture",0.31,"material","English"
"210",8,"fan","furniture",4,"square","green","shape",0.14,"color","English"
"211",8,"TV","furniture",5,"blue","tiny","color",0.88,"size","English"
"212",8,"chair","furniture",6,"green","soft","color",0.87,"texture","English"
"213",8,"desk","furniture",7,"new","red","age",0.14,"color","English"
"214",8,"cheese","food",8,"smooth","tiny","texture",0.31,"size","English"
"215",8,"fan","furniture",9,"new","square","age",0.59,"shape","English"
"216",8,"tomato","food",10,"tiny","yellow","size",0.27,"color","English"
"217",8,"banana","food",11,"yellow","small","color",0.9,"size","English"
"218",8,"desk","furniture",12,"purple","hard","color",0.75,"texture","English"
"219",8,"couch","furniture",13,"new","hard","age",0.33,"texture","English"
"220",8,"tomato","food",14,"wooden","green","material",0.75,"color","English"
"221",8,"apple","food",15,"green","small","color",0.87,"size","English"
"222",8,"desk","furniture",16,"red","hard","color",0.85,"texture","English"
"223",8,"chair","furniture",17,"round","short","shape",0.65,"size","English"
"224",8,"couch","furniture",18,"brown","plastic","color",0.23,"material","English"
"225",8,"carrot","food",19,"small","hard","size",0.25,"texture","English"
"226",8,"desk","furniture",20,"smooth","fresh","texture",0.67,"age","English"
"227",8,"apple","food",21,"big","red","size",0.18,"color","English"
"228",8,"banana","food",22,"soft","short","texture",0.77,"size","English"
"229",8,"cheese","food",23,"smooth","short","texture",0.67,"size","English"
"230",8,"TV","furniture",24,"yellow","smooth","color",0.73,"texture","English"
"231",8,"carrot","food",25,"smooth","square","texture",0.23,"shape","English"
"232",8,"fan","furniture",26,"long","metal","size",0.09,"material","English"
"233",8,"cheese","food",27,"soft","big","texture",0.84,"size","English"
"234",8,"TV","furniture",28,"rotten","big","age",0.83,"size","English"
"235",9,"apple","food",3,"wooden","purple","material",0.88,"color","english"
"236",9,"desk","furniture",4,"big","red","size",0,"color","english"
"237",9,"chair","furniture",5,"round","rotten","shape",1,"age","english"
"238",9,"cheese","food",6,"plastic","old","material",0.01,"age","english"
"239",9,"cheese","food",7,"long","good","size",0.01,"quality","english"
"240",9,"tomato","food",8,"good","smooth","quality",0.98,"texture","english"
"241",9,"chair","furniture",9,"plastic","blue","material",1,"color","english"
"242",9,"TV","furniture",10,"small","rotten","size",0,"age","english"
"243",9,"couch","furniture",11,"metal","smooth","material",0.92,"texture","english"
"244",9,"TV","furniture",12,"metal","fresh","material",0.99,"age","english"
"245",9,"couch","furniture",13,"purple","big","color",0.96,"size","english"
"246",9,"chair","furniture",14,"huge","good","size",0,"quality","english"
"247",9,"banana","food",15,"hard","bad","texture",0.03,"quality","english"
"248",9,"fan","furniture",16,"long","plastic","size",0.04,"material","english"
"249",9,"cheese","food",17,"huge","new","size",0,"age","english"
"250",9,"carrot","food",18,"long","plastic","size",0.03,"material","english"
"251",9,"couch","furniture",19,"good","old","quality",0.98,"age","english"
"252",9,"fan","furniture",20,"red","fresh","color",0.96,"age","english"
"253",9,"chair","furniture",21,"blue","old","color",0.03,"age","english"
"254",9,"chair","furniture",22,"old","purple","age",0.99,"color","english"
"255",9,"chair","furniture",23,"round","fresh","shape",0.93,"age","english"
"256",9,"cheese","food",24,"brown","rotten","color",0.04,"age","english"
"257",9,"desk","furniture",25,"smooth","plastic","texture",0.02,"material","english"
"258",9,"carrot","food",26,"small","new","size",0.95,"age","english"
"259",9,"cheese","food",27,"square","yellow","shape",0.92,"color","english"
"260",9,"chair","furniture",28,"rotten","short","age",0.95,"size","english"
"261",10,"couch","furniture",3,"tiny","bad","size",0.35,"quality","english"
"262",10,"banana","food",4,"big","hard","size",0.79,"texture","english"
"263",10,"chair","furniture",5,"smooth","square","texture",0.23,"shape","english"
"264",10,"couch","furniture",6,"small","rotten","size",0.13,"age","english"
"265",10,"fan","furniture",7,"plastic","huge","material",0.95,"size","english"
"266",10,"tomato","food",8,"square","smooth","shape",0.87,"texture","english"
"267",10,"cheese","food",9,"bad","square","quality",0.18,"shape","english"
"268",10,"apple","food",10,"yellow","short","color",0.97,"size","english"
"269",10,"tomato","food",11,"good","old","quality",0.8,"age","english"
"270",10,"desk","furniture",12,"square","short","shape",0.94,"size","english"
"271",10,"chair","furniture",13,"smooth","big","texture",0.96,"size","english"
"272",10,"carrot","food",14,"plastic","huge","material",0.93,"size","english"
"273",10,"apple","food",15,"bad","tiny","quality",0.95,"size","english"
"274",10,"apple","food",16,"plastic","green","material",0.58,"color","english"
"275",10,"banana","food",17,"purple","old","color",0.9,"age","english"
"276",10,"carrot","food",18,"good","old","quality",0.72,"age","english"
"277",10,"apple","food",19,"small","red","size",0.04,"color","english"
"278",10,"tomato","food",20,"fresh","short","age",0.09,"size","english"
"279",10,"TV","furniture",21,"huge","metal","size",0.01,"material","english"
"280",10,"TV","furniture",22,"soft","metal","texture",0.04,"material","english"
"281",10,"fan","furniture",23,"big","red","size",0.07,"color","english"
"282",10,"cheese","food",24,"round","wooden","shape",0.23,"material","english"
"283",10,"cheese","food",25,"good","big","quality",0.75,"size","english"
"284",10,"chair","furniture",26,"hard","long","texture",0.97,"size","english"
"285",10,"tomato","food",27,"huge","plastic","size",0.05,"material","english"
"286",10,"apple","food",28,"small","square","size",0.03,"shape","english"
"287",11,"chair","furniture",3,"new","red","age",0.03,"color","English"
"288",11,"apple","food",4,"plastic","hard","material",0.86,"texture","English"
"289",11,"TV","furniture",5,"good","hard","quality",0.35,"texture","English"
"290",11,"TV","furniture",6,"soft","metal","texture",0.16,"material","English"
"291",11,"banana","food",7,"fresh","brown","age",0.18,"color","English"
"292",11,"fan","furniture",8,"bad","rotten","quality",0.55,"age","English"
"293",11,"desk","furniture",9,"big","fresh","size",0.23,"age","English"
"294",11,"banana","food",10,"metal","small","material",0.7,"size","English"
"295",11,"tomato","food",11,"tiny","wooden","size",0.25,"material","English"
"296",11,"tomato","food",12,"metal","blue","material",0.74,"color","English"
"297",11,"tomato","food",13,"purple","hard","color",0.27,"texture","English"
"298",11,"desk","furniture",14,"new","tiny","age",0.69,"size","English"
"299",11,"fan","furniture",15,"soft","short","texture",0.67,"size","English"
"300",11,"desk","furniture",16,"short","round","size",0.18,"shape","English"
"301",11,"apple","food",17,"purple","smooth","color",0.74,"texture","English"
"302",11,"chair","furniture",18,"blue","long","color",0.68,"size","English"
"303",11,"couch","furniture",19,"smooth","long","texture",0.77,"size","English"
"304",11,"chair","furniture",20,"round","big","shape",0.75,"size","English"
"305",11,"TV","furniture",21,"hard","rotten","texture",0.69,"age","English"
"306",11,"couch","furniture",22,"brown","tiny","color",0.87,"size","English"
"307",11,"couch","furniture",23,"green","square","color",0.91,"shape","English"
"308",11,"cheese","food",24,"bad","soft","quality",0.84,"texture","English"
"309",11,"carrot","food",25,"hard","brown","texture",0.18,"color","English"
"310",11,"carrot","food",26,"small","wooden","size",0.09,"material","English"
"311",11,"tomato","food",27,"plastic","tiny","material",0.86,"size","English"
"312",11,"chair","furniture",28,"new","wooden","age",0.06,"material","English"
"313",12,"fan","furniture",3,"green","plastic","color",0.11,"material","english"
"314",12,"chair","furniture",4,"green","round","color",0.74,"shape","english"
"315",12,"chair","furniture",5,"rotten","plastic","age",0.01,"material","english"
"316",12,"banana","food",6,"long","new","size",0.21,"age","english"
"317",12,"tomato","food",7,"metal","hard","material",1,"texture","english"
"318",12,"TV","furniture",8,"big","square","size",0,"shape","english"
"319",12,"cheese","food",9,"huge","good","size",0.41,"quality","english"
"320",12,"couch","furniture",10,"good","soft","quality",0.22,"texture","english"
"321",12,"fan","furniture",11,"huge","brown","size",0.09,"color","english"
"322",12,"couch","furniture",12,"brown","rotten","color",0.58,"age","english"
"323",12,"apple","food",13,"good","round","quality",0.33,"shape","english"
"324",12,"carrot","food",14,"green","square","color",0.22,"shape","english"
"325",12,"desk","furniture",15,"big","bad","size",0.61,"quality","english"
"326",12,"apple","food",16,"smooth","fresh","texture",0.13,"age","english"
"327",12,"tomato","food",17,"hard","fresh","texture",0.89,"age","english"
"328",12,"desk","furniture",18,"rotten","good","age",0.63,"quality","english"
"329",12,"tomato","food",19,"hard","new","texture",0.8,"age","english"
"330",12,"banana","food",20,"soft","green","texture",0.16,"color","english"
"331",12,"desk","furniture",21,"red","plastic","color",0.11,"material","english"
"332",12,"tomato","food",22,"plastic","round","material",0.82,"shape","english"
"333",12,"carrot","food",23,"fresh","big","age",0.9,"size","english"
"334",12,"banana","food",24,"square","smooth","shape",0.88,"texture","english"
"335",12,"tomato","food",25,"soft","plastic","texture",0,"material","english"
"336",12,"carrot","food",26,"round","long","shape",0.79,"size","english"
"337",12,"cheese","food",27,"small","red","size",0.31,"color","english"
"338",12,"tomato","food",28,"new","yellow","age",0.11,"color","english"
"339",13,"fan","furniture",3,"metal","old","material",1,"age","English"
"340",13,"chair","furniture",4,"round","soft","shape",0.81,"texture","English"
"341",13,"apple","food",5,"bad","short","quality",0.98,"size","English"
"342",13,"TV","furniture",6,"metal","yellow","material",0.66,"color","English"
"343",13,"apple","food",7,"old","hard","age",0.65,"texture","English"
"344",13,"apple","food",8,"yellow","long","color",0.76,"size","English"
"345",13,"carrot","food",9,"round","tiny","shape",0.7,"size","English"
"346",13,"couch","furniture",10,"round","bad","shape",0.71,"quality","English"
"347",13,"fan","furniture",11,"purple","new","color",0.7,"age","English"
"348",13,"fan","furniture",12,"new","purple","age",0.11,"color","English"
"349",13,"cheese","food",13,"plastic","yellow","material",0.66,"color","English"
"350",13,"chair","furniture",14,"rotten","long","age",0.73,"size","English"
"351",13,"fan","furniture",15,"yellow","tiny","color",0.82,"size","English"
"352",13,"fan","furniture",16,"red","huge","color",0.82,"size","English"
"353",13,"TV","furniture",17,"tiny","yellow","size",0.16,"color","English"
"354",13,"couch","furniture",18,"long","square","size",0.16,"shape","English"
"355",13,"apple","food",19,"smooth","long","texture",0.79,"size","English"
"356",13,"TV","furniture",20,"rotten","plastic","age",0.17,"material","English"
"357",13,"desk","furniture",21,"huge","red","size",0.17,"color","English"
"358",13,"apple","food",22,"soft","green","texture",0.19,"color","English"
"359",13,"TV","furniture",23,"red","smooth","color",0.84,"texture","English"
"360",13,"tomato","food",24,"purple","square","color",0.51,"shape","English"
"361",13,"chair","furniture",25,"new","metal","age",0.05,"material","English"
"362",13,"banana","food",26,"wooden","square","material",0.86,"shape","English"
"363",13,"apple","food",27,"new","brown","age",0.05,"color","English"
"364",13,"carrot","food",28,"purple","plastic","color",0.17,"material","English"
"365",14,"TV","furniture",3,"blue","metal","color",0.19,"material","English"
"366",14,"apple","food",4,"metal","small","material",1,"size","English"
"367",14,"banana","food",5,"fresh","green","age",0,"color","English"
"368",14,"cheese","food",6,"metal","purple","material",0.73,"color","English"
"369",14,"tomato","food",7,"brown","plastic","color",0,"material","English"
"370",14,"banana","food",8,"round","bad","shape",0.84,"quality","English"
"371",14,"fan","furniture",9,"square","huge","shape",0.98,"size","English"
"372",14,"fan","furniture",10,"old","good","age",0.99,"quality","English"
"373",14,"carrot","food",11,"square","yellow","shape",0.11,"color","English"
"374",14,"cheese","food",12,"brown","bad","color",0.95,"quality","English"
"375",14,"TV","furniture",13,"soft","wooden","texture",0.03,"material","English"
"376",14,"chair","furniture",14,"fresh","plastic","age",0.49,"material","English"
"377",14,"banana","food",15,"smooth","wooden","texture",0.02,"material","English"
"378",14,"desk","furniture",16,"rotten","purple","age",0.02,"color","English"
"379",14,"fan","furniture",17,"blue","bad","color",0.54,"quality","English"
"380",14,"fan","furniture",18,"wooden","square","material",0.95,"shape","English"
"381",14,"chair","furniture",19,"blue","smooth","color",1,"texture","English"
"382",14,"tomato","food",20,"new","bad","age",0.2,"quality","English"
"383",14,"fan","furniture",21,"red","fresh","color",0.86,"age","English"
"384",14,"TV","furniture",22,"bad","round","quality",0.09,"shape","English"
"385",14,"desk","furniture",23,"small","hard","size",0.15,"texture","English"
"386",14,"TV","furniture",24,"purple","long","color",0.9,"size","English"
"387",14,"carrot","food",25,"round","purple","shape",0.03,"color","English"
"388",14,"cheese","food",26,"old","green","age",0.02,"color","English"
"389",14,"apple","food",27,"tiny","good","size",0.5,"quality","English"
"390",14,"chair","furniture",28,"purple","good","color",0.98,"quality","English"
"391",15,"cheese","food",3,"big","green","size",0.12,"color","english"
"392",15,"carrot","food",4,"plastic","purple","material",0.88,"color","english"
"393",15,"apple","food",5,"short","metal","size",0.16,"material","english"
"394",15,"TV","furniture",6,"small","soft","size",0.16,"texture","english"
"395",15,"apple","food",7,"rotten","long","age",0.94,"size","english"
"396",15,"carrot","food",8,"short","fresh","size",0.1,"age","english"
"397",15,"couch","furniture",9,"yellow","huge","color",0.85,"size","english"
"398",15,"TV","furniture",10,"purple","rotten","color",0.87,"age","english"
"399",15,"chair","furniture",11,"purple","big","color",0.85,"size","english"
"400",15,"TV","furniture",12,"new","long","age",0.18,"size","english"
"401",15,"fan","furniture",13,"plastic","square","material",0.09,"shape","english"
"402",15,"couch","furniture",14,"bad","purple","quality",0.12,"color","english"
"403",15,"desk","furniture",15,"round","good","shape",0.9,"quality","english"
"404",15,"carrot","food",16,"plastic","soft","material",0.83,"texture","english"
"405",15,"apple","food",17,"bad","plastic","quality",0.12,"material","english"
"406",15,"carrot","food",18,"fresh","round","age",0.89,"shape","english"
"407",15,"cheese","food",19,"metal","yellow","material",0.87,"color","english"
"408",15,"chair","furniture",20,"fresh","soft","age",0.84,"texture","english"
"409",15,"cheese","food",21,"red","good","color",0.12,"quality","english"
"410",15,"TV","furniture",22,"big","yellow","size",0.14,"color","english"
"411",15,"chair","furniture",23,"soft","red","texture",0.89,"color","english"
"412",15,"apple","food",24,"bad","smooth","quality",0.89,"texture","english"
"413",15,"apple","food",25,"fresh","metal","age",0.11,"material","english"
"414",15,"apple","food",26,"soft","new","texture",0.88,"age","english"
"415",15,"desk","furniture",27,"yellow","rotten","color",0.89,"age","english"
"416",15,"fan","furniture",28,"wooden","small","material",0.89,"size","english"
"417",16,"desk","furniture",3,"big","purple","size",0.05,"color","English"
"418",16,"banana","food",4,"brown","old","color",0.99,"age","English"
"419",16,"desk","furniture",5,"fresh","square","age",0.02,"shape","English"
"420",16,"carrot","food",6,"yellow","new","color",0.97,"age","English"
"421",16,"apple","food",7,"wooden","small","material",0.94,"size","English"
"422",16,"desk","furniture",8,"smooth","metal","texture",0.07,"material","English"
"423",16,"couch","furniture",9,"round","big","shape",0.96,"size","English"
"424",16,"cheese","food",10,"brown","soft","color",0.96,"texture","English"
"425",16,"carrot","food",11,"bad","red","quality",0.25,"color","English"
"426",16,"fan","furniture",12,"green","long","color",0.97,"size","English"
"427",16,"couch","furniture",13,"rotten","small","age",0.94,"size","English"
"428",16,"chair","furniture",14,"new","metal","age",0,"material","English"
"429",16,"couch","furniture",15,"smooth","huge","texture",0.94,"size","English"
"430",16,"couch","furniture",16,"green","bad","color",0.97,"quality","English"
"431",16,"apple","food",17,"huge","blue","size",0.02,"color","English"
"432",16,"TV","furniture",18,"tiny","smooth","size",0.05,"texture","English"
"433",16,"apple","food",19,"green","plastic","color",0.37,"material","English"
"434",16,"chair","furniture",20,"green","hard","color",0.98,"texture","English"
"435",16,"tomato","food",21,"hard","tiny","texture",0.97,"size","English"
"436",16,"carrot","food",22,"brown","metal","color",0.19,"material","English"
"437",16,"desk","furniture",23,"metal","rotten","material",0.96,"age","English"
"438",16,"apple","food",24,"plastic","purple","material",0.92,"color","English"
"439",16,"TV","furniture",25,"huge","soft","size",0.02,"texture","English"
"440",16,"banana","food",26,"metal","smooth","material",0.96,"texture","English"
"441",16,"couch","furniture",27,"wooden","blue","material",0.82,"color","English"
"442",16,"cheese","food",28,"red","round","color",0.07,"shape","English"
"443",17,"banana","food",3,"square","fresh","shape",1,"age","English"
"444",17,"carrot","food",4,"brown","huge","color",1,"size","English"
"445",17,"tomato","food",5,"rotten","long","age",0.19,"size","English"
"446",17,"fan","furniture",6,"smooth","yellow","texture",0,"color","English"
"447",17,"TV","furniture",7,"good","purple","quality",0.43,"color","English"
"448",17,"banana","food",8,"rotten","soft","age",0.96,"texture","English"
"449",17,"couch","furniture",9,"good","green","quality",0.04,"color","English"
"450",17,"tomato","food",10,"plastic","square","material",1,"shape","English"
"451",17,"chair","furniture",11,"red","small","color",1,"size","English"
"452",17,"fan","furniture",12,"short","bad","size",0.88,"quality","English"
"453",17,"couch","furniture",13,"wooden","yellow","material",0.1,"color","English"
"454",17,"TV","furniture",14,"soft","fresh","texture",0.33,"age","English"
"455",17,"carrot","food",15,"short","square","size",0.12,"shape","English"
"456",17,"apple","food",16,"good","wooden","quality",0.24,"material","English"
"457",17,"chair","furniture",17,"tiny","smooth","size",0.84,"texture","English"
"458",17,"banana","food",18,"wooden","good","material",0.68,"quality","English"
"459",17,"carrot","food",19,"old","plastic","age",0,"material","English"
"460",17,"cheese","food",20,"fresh","big","age",0.86,"size","English"
"461",17,"carrot","food",21,"smooth","rotten","texture",0.25,"age","English"
"462",17,"cheese","food",22,"wooden","green","material",0.86,"color","English"
"463",17,"carrot","food",23,"red","metal","color",0.21,"material","English"
"464",17,"couch","furniture",24,"tiny","brown","size",0,"color","English"
"465",17,"couch","furniture",25,"good","round","quality",0.09,"shape","English"
"466",17,"tomato","food",26,"soft","blue","texture",0.06,"color","English"
"467",17,"desk","furniture",27,"smooth","good","texture",0.83,"quality","English"
"468",17,"TV","furniture",28,"hard","bad","texture",0.52,"quality","English"
"469",18,"carrot","food",3,"good","purple","quality",0,"color","English"
"470",18,"tomato","food",4,"new","green","age",0,"color","English"
"471",18,"TV","furniture",5,"purple","big","color",1,"size","English"
"472",18,"fan","furniture",6,"fresh","huge","age",1,"size","English"
"473",18,"banana","food",7,"wooden","new","material",1,"age","English"
"474",18,"desk","furniture",8,"huge","square","size",0,"shape","English"
"475",18,"desk","furniture",9,"fresh","good","age",1,"quality","English"
"476",18,"banana","food",10,"yellow","long","color",1,"size","English"
"477",18,"tomato","food",11,"brown","bad","color",0,"quality","English"
"478",18,"TV","furniture",12,"old","short","age",1,"size","English"
"479",18,"tomato","food",13,"new","huge","age",1,"size","English"
"480",18,"desk","furniture",14,"red","huge","color",1,"size","English"
"481",18,"couch","furniture",15,"round","blue","shape",0,"color","English"
"482",18,"chair","furniture",16,"good","plastic","quality",0,"material","English"
"483",18,"apple","food",17,"green","round","color",1,"shape","English"
"484",18,"tomato","food",18,"blue","long","color",1,"size","English"
"485",18,"chair","furniture",19,"bad","huge","quality",1,"size","English"
"486",18,"desk","furniture",20,"green","old","color",1,"age","English"
"487",18,"carrot","food",21,"fresh","huge","age",1,"size","English"
"488",18,"fan","furniture",22,"soft","tiny","texture",1,"size","English"
"489",18,"cheese","food",23,"red","new","color",1,"age","English"
"490",18,"tomato","food",24,"blue","long","color",1,"size","English"
"491",18,"desk","furniture",25,"metal","tiny","material",1,"size","English"
"492",18,"tomato","food",26,"good","fresh","quality",0,"age","English"
"493",18,"apple","food",27,"metal","soft","material",1,"texture","English"
"494",18,"banana","food",28,"rotten","good","age",1,"quality","English"
"495",19,"cheese","food",3,"hard","short","texture",1,"size","English"
"496",19,"banana","food",4,"old","short","age",1,"size","English"
"497",19,"tomato","food",5,"purple","square","color",0.54,"shape","English"
"498",19,"TV","furniture",6,"hard","yellow","texture",0,"color","English"
"499",19,"cheese","food",7,"round","soft","shape",0.52,"texture","English"
"500",19,"banana","food",8,"square","soft","shape",0.76,"texture","English"
"501",19,"TV","furniture",9,"big","yellow","size",0.05,"color","English"
"502",19,"apple","food",10,"fresh","tiny","age",1,"size","English"
"503",19,"fan","furniture",11,"rotten","smooth","age",1,"texture","English"
"504",19,"fan","furniture",12,"hard","metal","texture",0,"material","English"
"505",19,"banana","food",13,"smooth","big","texture",1,"size","English"
"506",19,"banana","food",14,"new","bad","age",0.98,"quality","English"
"507",19,"tomato","food",15,"big","plastic","size",0.02,"material","English"
"508",19,"TV","furniture",16,"big","old","size",0.03,"age","English"
"509",19,"TV","furniture",17,"new","tiny","age",0.53,"size","English"
"510",19,"desk","furniture",18,"blue","wooden","color",0.03,"material","English"
"511",19,"fan","furniture",19,"old","yellow","age",0.02,"color","English"
"512",19,"tomato","food",20,"long","plastic","size",0.03,"material","English"
"513",19,"chair","furniture",21,"plastic","square","material",1,"shape","English"
"514",19,"banana","food",22,"old","brown","age",0.02,"color","English"
"515",19,"banana","food",23,"green","good","color",0.98,"quality","English"
"516",19,"banana","food",24,"rotten","huge","age",0.97,"size","English"
"517",19,"tomato","food",25,"green","hard","color",0.99,"texture","English"
"518",19,"apple","food",26,"purple","square","color",0.98,"shape","English"
"519",19,"chair","furniture",27,"long","fresh","size",0.99,"age","English"
"520",19,"TV","furniture",28,"red","rotten","color",0.97,"age","English"
"521",20,"couch","furniture",3,"round","purple","shape",0,"color","English"
"522",20,"chair","furniture",4,"green","old","color",1,"age","English"
"523",20,"TV","furniture",5,"good","long","quality",0,"size","English"
"524",20,"chair","furniture",6,"soft","green","texture",0,"color","English"
"525",20,"apple","food",7,"fresh","purple","age",0,"color","English"
"526",20,"tomato","food",8,"soft","big","texture",1,"size","English"
"527",20,"TV","furniture",9,"brown","hard","color",1,"texture","English"
"528",20,"fan","furniture",10,"metal","brown","material",1,"color","English"
"529",20,"TV","furniture",11,"tiny","plastic","size",0,"material","English"
"530",20,"apple","food",12,"round","fresh","shape",1,"age","English"
"531",20,"desk","furniture",13,"yellow","huge","color",1,"size","English"
"532",20,"chair","furniture",14,"yellow","hard","color",1,"texture","English"
"533",20,"carrot","food",15,"fresh","long","age",1,"size","English"
"534",20,"couch","furniture",16,"green","small","color",1,"size","English"
"535",20,"tomato","food",17,"metal","rotten","material",1,"age","English"
"536",20,"tomato","food",18,"rotten","big","age",1,"size","English"
"537",20,"cheese","food",19,"smooth","big","texture",0,"size","English"
"538",20,"TV","furniture",20,"big","metal","size",0,"material","English"
"539",20,"fan","furniture",21,"square","huge","shape",1,"size","English"
"540",20,"apple","food",22,"round","green","shape",1,"color","English"
"541",20,"fan","furniture",23,"fresh","brown","age",0,"color","English"
"542",20,"carrot","food",24,"green","huge","color",1,"size","English"
"543",20,"fan","furniture",25,"green","hard","color",1,"texture","English"
"544",20,"banana","food",26,"round","big","shape",1,"size","English"
"545",20,"apple","food",27,"fresh","short","age",1,"size","English"
"546",20,"cheese","food",28,"long","wooden","size",0,"material","English"
"547",21,"fan","furniture",3,"bad","purple","quality",0,"color","english"
"548",21,"chair","furniture",4,"fresh","plastic","age",0,"material","english"
"549",21,"fan","furniture",5,"rotten","bad","age",1,"quality","english"
"550",21,"carrot","food",6,"smooth","green","texture",0,"color","english"
"551",21,"tomato","food",7,"new","purple","age",0,"color","english"
"552",21,"banana","food",8,"tiny","green","size",0,"color","english"
"553",21,"apple","food",9,"short","wooden","size",0,"material","english"
"554",21,"banana","food",10,"old","red","age",0,"color","english"
"555",21,"carrot","food",11,"metal","huge","material",1,"size","english"
"556",21,"couch","furniture",12,"bad","plastic","quality",0,"material","english"
"557",21,"chair","furniture",13,"good","round","quality",0,"shape","english"
"558",21,"apple","food",14,"round","short","shape",1,"size","english"
"559",21,"cheese","food",15,"blue","new","color",0.97,"age","english"
"560",21,"couch","furniture",16,"rotten","wooden","age",0.13,"material","english"
"561",21,"apple","food",17,"good","short","quality",0.67,"size","english"
"562",21,"couch","furniture",18,"huge","round","size",0.8,"shape","english"
"563",21,"banana","food",19,"round","long","shape",0.72,"size","english"
"564",21,"apple","food",20,"red","metal","color",0.08,"material","english"
"565",21,"carrot","food",21,"wooden","soft","material",0.82,"texture","english"
"566",21,"tomato","food",22,"blue","fresh","color",0.8,"age","english"
"567",21,"tomato","food",23,"plastic","square","material",0.17,"shape","english"
"568",21,"desk","furniture",24,"brown","smooth","color",0.81,"texture","english"
"569",21,"tomato","food",25,"short","soft","size",0.2,"texture","english"
"570",21,"fan","furniture",26,"long","old","size",0.78,"age","english"
"571",21,"apple","food",27,"short","blue","size",0.14,"color","english"
"572",21,"chair","furniture",28,"good","hard","quality",0.26,"texture","english"
"573",22,"tomato","food",3,"blue","smooth","color",0.81,"texture","English"
"574",22,"tomato","food",4,"fresh","blue","age",0.05,"color","English"
"575",22,"fan","furniture",5,"metal","long","material",0.95,"size","English"
"576",22,"chair","furniture",6,"fresh","round","age",0.08,"shape","English"
"577",22,"cheese","food",7,"good","metal","quality",0.11,"material","English"
"578",22,"carrot","food",8,"brown","good","color",0.06,"quality","English"
"579",22,"cheese","food",9,"soft","old","texture",0.96,"age","English"
"580",22,"couch","furniture",10,"wooden","yellow","material",0.92,"color","English"
"581",22,"banana","food",11,"square","yellow","shape",0.08,"color","English"
"582",22,"fan","furniture",12,"plastic","yellow","material",0.19,"color","English"
"583",22,"couch","furniture",13,"round","plastic","shape",0.06,"material","English"
"584",22,"desk","furniture",14,"fresh","tiny","age",0.92,"size","English"
"585",22,"fan","furniture",15,"green","soft","color",0.81,"texture","English"
"586",22,"tomato","food",16,"new","brown","age",0.09,"color","English"
"587",22,"tomato","food",17,"big","green","size",0.06,"color","English"
"588",22,"tomato","food",18,"square","blue","shape",0.13,"color","English"
"589",22,"fan","furniture",19,"wooden","smooth","material",0.91,"texture","English"
"590",22,"desk","furniture",20,"tiny","wooden","size",0.15,"material","English"
"591",22,"carrot","food",21,"smooth","green","texture",0.04,"color","English"
"592",22,"cheese","food",22,"soft","bad","texture",0.96,"quality","English"
"593",22,"apple","food",23,"soft","yellow","texture",0.07,"color","English"
"594",22,"TV","furniture",24,"hard","blue","texture",0.01,"color","English"
"595",22,"couch","furniture",25,"plastic","round","material",0.99,"shape","English"
"596",22,"apple","food",26,"smooth","good","texture",0.07,"quality","English"
"597",22,"banana","food",27,"old","wooden","age",0.02,"material","English"
"598",22,"tomato","food",28,"small","soft","size",0.06,"texture","English"
"599",23,"carrot","food",3,"wooden","round","material",1,"shape","English"
"600",23,"carrot","food",4,"plastic","square","material",1,"shape","English"
"601",23,"desk","furniture",5,"blue","metal","color",0,"material","English"
"602",23,"tomato","food",6,"green","hard","color",1,"texture","English"
"603",23,"banana","food",7,"bad","yellow","quality",0,"color","English"
"604",23,"desk","furniture",8,"metal","hard","material",1,"texture","English"
"605",23,"fan","furniture",9,"long","metal","size",0,"material","English"
"606",23,"couch","furniture",10,"wooden","bad","material",1,"quality","English"
"607",23,"TV","furniture",11,"bad","hard","quality",1,"texture","English"
"608",23,"carrot","food",12,"wooden","good","material",1,"quality","English"
"609",23,"apple","food",13,"rotten","long","age",1,"size","English"
"610",23,"TV","furniture",14,"tiny","square","size",0,"shape","English"
"611",23,"cheese","food",15,"short","fresh","size",1,"age","English"
"612",23,"couch","furniture",16,"huge","wooden","size",0,"material","English"
"613",23,"apple","food",17,"long","yellow","size",0,"color","English"
"614",23,"apple","food",18,"wooden","bad","material",1,"quality","English"
"615",23,"carrot","food",19,"long","red","size",0,"color","English"
"616",23,"chair","furniture",20,"new","blue","age",0,"color","English"
"617",23,"tomato","food",21,"short","round","size",0,"shape","English"
"618",23,"carrot","food",22,"metal","new","material",1,"age","English"
"619",23,"cheese","food",23,"huge","soft","size",0,"texture","English"
"620",23,"banana","food",24,"hard","small","texture",1,"size","English"
"621",23,"fan","furniture",25,"rotten","bad","age",1,"quality","English"
"622",23,"couch","furniture",26,"purple","wooden","color",0,"material","English"
"623",23,"tomato","food",27,"hard","yellow","texture",0,"color","English"
"624",23,"apple","food",28,"metal","long","material",1,"size","English"
"625",24,"couch","furniture",3,"new","wooden","age",0,"material","English"
"626",24,"cheese","food",4,"wooden","good","material",1,"quality","English"
"627",24,"carrot","food",5,"long","old","size",0,"age","English"
"628",24,"couch","furniture",6,"bad","wooden","quality",0,"material","English"
"629",24,"TV","furniture",7,"short","fresh","size",0,"age","English"
"630",24,"chair","furniture",8,"fresh","tiny","age",1,"size","English"
"631",24,"desk","furniture",9,"short","brown","size",0,"color","English"
"632",24,"cheese","food",10,"plastic","new","material",1,"age","English"
"633",24,"TV","furniture",11,"huge","good","size",1,"quality","English"
"634",24,"fan","furniture",12,"rotten","green","age",0,"color","English"
"635",24,"cheese","food",13,"square","soft","shape",1,"texture","English"
"636",24,"couch","furniture",14,"new","bad","age",1,"quality","English"
"637",24,"cheese","food",15,"red","wooden","color",0,"material","English"
"638",24,"chair","furniture",16,"red","big","color",1,"size","English"
"639",24,"cheese","food",17,"brown","smooth","color",1,"texture","English"
"640",24,"chair","furniture",18,"metal","blue","material",1,"color","English"
"641",24,"TV","furniture",19,"round","blue","shape",0,"color","English"
"642",24,"apple","food",20,"wooden","bad","material",1,"quality","English"
"643",24,"carrot","food",21,"wooden","square","material",1,"shape","English"
"644",24,"tomato","food",22,"small","wooden","size",0,"material","English"
"645",24,"desk","furniture",23,"fresh","bad","age",1,"quality","English"
"646",24,"chair","furniture",24,"hard","round","texture",0,"shape","English"
"647",24,"cheese","food",25,"brown","new","color",1,"age","English"
"648",24,"banana","food",26,"bad","brown","quality",0,"color","English"
"649",24,"couch","furniture",27,"red","smooth","color",1,"texture","English"
"650",24,"tomato","food",28,"round","fresh","shape",1,"age","English"
"651",25,"carrot","food",3,"smooth","small","texture",0.7,"size","English"
"652",25,"couch","furniture",4,"brown","soft","color",0.92,"texture","English"
"653",25,"apple","food",5,"square","new","shape",0.89,"age","English"
"654",25,"TV","furniture",6,"new","square","age",0.06,"shape","English"
"655",25,"TV","furniture",7,"square","purple","shape",0.51,"color","English"
"656",25,"cheese","food",8,"square","big","shape",0.89,"size","English"
"657",25,"fan","furniture",9,"new","brown","age",0.06,"color","English"
"658",25,"couch","furniture",10,"soft","brown","texture",0.11,"color","English"
"659",25,"tomato","food",11,"round","purple","shape",0.43,"color","English"
"660",25,"cheese","food",12,"good","green","quality",0.15,"color","English"
"661",25,"desk","furniture",13,"round","long","shape",0.9,"size","English"
"662",25,"cheese","food",14,"green","old","color",0.85,"age","English"
"663",25,"desk","furniture",15,"big","rotten","size",0.21,"age","English"
"664",25,"fan","furniture",16,"square","good","shape",0.85,"quality","English"
"665",25,"banana","food",17,"square","small","shape",0.87,"size","English"
"666",25,"TV","furniture",18,"tiny","red","size",0.17,"color","English"
"667",25,"chair","furniture",19,"huge","purple","size",0.13,"color","English"
"668",25,"couch","furniture",20,"wooden","yellow","material",0.84,"color","English"
"669",25,"carrot","food",21,"purple","good","color",0.84,"quality","English"
"670",25,"chair","furniture",22,"bad","big","quality",0.87,"size","English"
"671",25,"apple","food",23,"new","big","age",0.52,"size","English"
"672",25,"desk","furniture",24,"smooth","fresh","texture",0.89,"age","English"
"673",25,"carrot","food",25,"wooden","brown","material",0.84,"color","English"
"674",25,"carrot","food",26,"brown","short","color",0.9,"size","English"
"675",25,"TV","furniture",27,"new","short","age",0.17,"size","English"
"676",25,"TV","furniture",28,"good","hard","quality",0.15,"texture","English"
"677",26,"tomato","food",3,"square","purple","shape",0.01,"color","English"
"678",26,"apple","food",4,"red","plastic","color",0.23,"material","English"
"679",26,"chair","furniture",5,"good","old","quality",0,"age","English"
"680",26,"carrot","food",6,"new","bad","age",1,"quality","English"
"681",26,"fan","furniture",7,"rotten","bad","age",0.18,"quality","English"
"682",26,"carrot","food",8,"brown","tiny","color",0.91,"size","English"
"683",26,"banana","food",9,"bad","green","quality",0.02,"color","English"
"684",26,"apple","food",10,"plastic","long","material",0.93,"size","English"
"685",26,"banana","food",11,"huge","rotten","size",0.02,"age","English"
"686",26,"apple","food",12,"wooden","soft","material",0.98,"texture","English"
"687",26,"fan","furniture",13,"brown","metal","color",0.02,"material","English"
"688",26,"cheese","food",14,"red","soft","color",1,"texture","English"
"689",26,"carrot","food",15,"small","plastic","size",0.01,"material","English"
"690",26,"TV","furniture",16,"old","smooth","age",0.95,"texture","English"
"691",26,"chair","furniture",17,"tiny","round","size",0.01,"shape","English"
"692",26,"couch","furniture",18,"smooth","blue","texture",0.04,"color","English"
"693",26,"couch","furniture",19,"soft","brown","texture",0.09,"color","English"
"694",26,"apple","food",20,"square","big","shape",0.9,"size","English"
"695",26,"tomato","food",21,"blue","tiny","color",1,"size","English"
"696",26,"TV","furniture",22,"new","blue","age",0.05,"color","English"
"697",26,"banana","food",23,"tiny","soft","size",1,"texture","English"
"698",26,"desk","furniture",24,"soft","blue","texture",0,"color","English"
"699",26,"TV","furniture",25,"blue","new","color",1,"age","English"
"700",26,"tomato","food",26,"old","big","age",1,"size","English"
"701",26,"fan","furniture",27,"wooden","soft","material",1,"texture","English"
"702",26,"TV","furniture",28,"square","fresh","shape",1,"age","English"
"703",27,"desk","furniture",3,"wooden","tiny","material",1,"size","English"
"704",27,"cheese","food",4,"purple","small","color",1,"size","English"
"705",27,"couch","furniture",5,"new","tiny","age",0,"size","English"
"706",27,"couch","furniture",6,"purple","metal","color",0,"material","English"
"707",27,"TV","furniture",7,"short","round","size",1,"shape","English"
"708",27,"chair","furniture",8,"hard","green","texture",0,"color","English"
"709",27,"desk","furniture",9,"plastic","green","material",1,"color","English"
"710",27,"fan","furniture",10,"new","tiny","age",1,"size","English"
"711",27,"couch","furniture",11,"plastic","big","material",1,"size","English"
"712",27,"couch","furniture",12,"blue","huge","color",1,"size","English"
"713",27,"chair","furniture",13,"small","square","size",0,"shape","English"
"714",27,"chair","furniture",14,"green","tiny","color",0,"size","English"
"715",27,"banana","food",15,"green","metal","color",0,"material","English"
"716",27,"desk","furniture",16,"round","purple","shape",0,"color","English"
"717",27,"desk","furniture",17,"wooden","old","material",1,"age","English"
"718",27,"chair","furniture",18,"new","red","age",0,"color","English"
"719",27,"tomato","food",19,"purple","big","color",1,"size","English"
"720",27,"banana","food",20,"metal","small","material",1,"size","English"
"721",27,"apple","food",21,"yellow","tiny","color",1,"size","English"
"722",27,"TV","furniture",22,"brown","smooth","color",1,"texture","English"
"723",27,"chair","furniture",23,"yellow","metal","color",0,"material","English"
"724",27,"cheese","food",24,"yellow","fresh","color",0,"age","English"
"725",27,"desk","furniture",25,"smooth","metal","texture",0,"material","English"
"726",27,"desk","furniture",26,"big","square","size",0,"shape","English"
"727",27,"fan","furniture",27,"round","new","shape",1,"age","English"
"728",27,"cheese","food",28,"fresh","red","age",1,"color","English"
"729",28,"apple","food",3,"smooth","tiny","texture",0.62,"size","English"
"730",28,"cheese","food",4,"yellow","new","color",0.96,"age","English"
"731",28,"banana","food",5,"rotten","blue","age",0.07,"color","English"
"732",28,"apple","food",6,"plastic","soft","material",0.96,"texture","English"
"733",28,"couch","furniture",7,"huge","plastic","size",0.05,"material","English"
"734",28,"TV","furniture",8,"hard","square","texture",0.05,"shape","English"
"735",28,"carrot","food",9,"old","good","age",0.95,"quality","English"
"736",28,"apple","food",10,"good","smooth","quality",0.07,"texture","English"
"737",28,"banana","food",11,"yellow","good","color",0.91,"quality","English"
"738",28,"TV","furniture",12,"short","hard","size",0.1,"texture","English"
"739",28,"desk","furniture",13,"red","hard","color",0.97,"texture","English"
"740",28,"TV","furniture",14,"big","blue","size",0.01,"color","English"
"741",28,"apple","food",15,"yellow","long","color",0.97,"size","English"
"742",28,"carrot","food",16,"long","purple","size",0.03,"color","English"
"743",28,"desk","furniture",17,"purple","smooth","color",0.98,"texture","English"
"744",28,"fan","furniture",18,"brown","round","color",0.98,"shape","English"
"745",28,"chair","furniture",19,"green","rotten","color",0.97,"age","English"
"746",28,"cheese","food",20,"fresh","hard","age",0.03,"texture","English"
"747",28,"fan","furniture",21,"tiny","hard","size",0.07,"texture","English"
"748",28,"fan","furniture",22,"small","bad","size",0.9,"quality","English"
"749",28,"fan","furniture",23,"new","green","age",0.05,"color","English"
"750",28,"apple","food",24,"metal","bad","material",0.97,"quality","English"
"751",28,"fan","furniture",25,"fresh","smooth","age",0.05,"texture","English"
"752",28,"TV","furniture",26,"small","yellow","size",0.06,"color","English"
"753",28,"tomato","food",27,"fresh","smooth","age",0.96,"texture","English"
"754",28,"apple","food",28,"bad","purple","quality",0.05,"color","English"
"755",29,"carrot","food",3,"green","tiny","color",1,"size","English"
"756",29,"apple","food",4,"smooth","bad","texture",0.49,"quality","English"
"757",29,"cheese","food",5,"short","metal","size",0.05,"material","English"
"758",29,"TV","furniture",6,"hard","purple","texture",0.05,"color","English"
"759",29,"tomato","food",7,"good","soft","quality",0.17,"texture","English"
"760",29,"chair","furniture",8,"hard","small","texture",0.99,"size","English"
"761",29,"couch","furniture",9,"bad","green","quality",0.02,"color","English"
"762",29,"tomato","food",10,"plastic","good","material",0.93,"quality","English"
"763",29,"couch","furniture",11,"old","small","age",0.84,"size","English"
"764",29,"tomato","food",12,"small","bad","size",0.14,"quality","English"
"765",29,"carrot","food",13,"short","green","size",0.03,"color","English"
"766",29,"couch","furniture",14,"fresh","huge","age",0.85,"size","English"
"767",29,"carrot","food",15,"tiny","plastic","size",0.01,"material","English"
"768",29,"cheese","food",16,"long","square","size",0.06,"shape","English"
"769",29,"fan","furniture",17,"square","hard","shape",0.97,"texture","English"
"770",29,"desk","furniture",18,"hard","good","texture",0.98,"quality","English"
"771",29,"TV","furniture",19,"smooth","huge","texture",0.95,"size","English"
"772",29,"cheese","food",20,"plastic","green","material",0.96,"color","English"
"773",29,"fan","furniture",21,"plastic","good","material",0.99,"quality","English"
"774",29,"tomato","food",22,"yellow","long","color",0.98,"size","English"
"775",29,"couch","furniture",23,"metal","smooth","material",0.97,"texture","English"
"776",29,"apple","food",24,"green","new","color",0.94,"age","English"
"777",29,"TV","furniture",25,"purple","square","color",0.93,"shape","English"
"778",29,"desk","furniture",26,"purple","round","color",0.94,"shape","English"
"779",29,"chair","furniture",27,"huge","metal","size",0.02,"material","English"
"780",29,"carrot","food",28,"rotten","hard","age",0.95,"texture","English"
"781",30,"banana","food",3,"red","short","color",1,"size","english"
"782",30,"TV","furniture",4,"small","good","size",1,"quality","english"
"783",30,"fan","furniture",5,"long","green","size",0,"color","english"
"784",30,"TV","furniture",6,"bad","tiny","quality",1,"size","english"
"785",30,"apple","food",7,"square","smooth","shape",1,"texture","english"
"786",30,"TV","furniture",8,"soft","fresh","texture",1,"age","english"
"787",30,"chair","furniture",9,"plastic","red","material",1,"color","english"
"788",30,"TV","furniture",10,"square","brown","shape",0,"color","english"
"789",30,"fan","furniture",11,"brown","smooth","color",1,"texture","english"
"790",30,"couch","furniture",12,"new","green","age",0,"color","english"
"791",30,"desk","furniture",13,"red","huge","color",1,"size","english"
"792",30,"apple","food",14,"purple","bad","color",1,"quality","english"
"793",30,"apple","food",15,"new","big","age",1,"size","english"
"794",30,"fan","furniture",16,"rotten","soft","age",1,"texture","english"
"795",30,"TV","furniture",17,"hard","short","texture",1,"size","english"
"796",30,"desk","furniture",18,"red","metal","color",0,"material","english"
"797",30,"TV","furniture",19,"good","small","quality",0,"size","english"
"798",30,"banana","food",20,"green","new","color",1,"age","english"
"799",30,"fan","furniture",21,"huge","purple","size",0,"color","english"
"800",30,"carrot","food",22,"old","big","age",1,"size","english"
"801",30,"couch","furniture",23,"blue","round","color",1,"shape","english"
"802",30,"chair","furniture",24,"big","smooth","size",0,"texture","english"
"803",30,"TV","furniture",25,"fresh","long","age",1,"size","english"
"804",30,"desk","furniture",26,"big","wooden","size",0,"material","english"
"805",30,"desk","furniture",27,"soft","green","texture",0,"color","english"
"806",30,"couch","furniture",28,"bad","big","quality",1,"size","english"
"807",31,"chair","furniture",3,"purple","bad","color",0.79,"quality","English"
"808",31,"banana","food",4,"soft","plastic","texture",0.63,"material","English"
"809",31,"couch","furniture",5,"rotten","wooden","age",0.6,"material","English"
"810",31,"chair","furniture",6,"long","smooth","size",0.63,"texture","English"
"811",31,"chair","furniture",7,"purple","small","color",0.59,"size","English"
"812",31,"apple","food",8,"small","green","size",1,"color","English"
"813",31,"fan","furniture",9,"hard","square","texture",0.91,"shape","English"
"814",31,"apple","food",10,"old","brown","age",0.47,"color","English"
"815",31,"TV","furniture",11,"green","rotten","color",0.42,"age","English"
"816",31,"cheese","food",12,"square","soft","shape",0.8,"texture","English"
"817",31,"fan","furniture",13,"purple","round","color",0.31,"shape","English"
"818",31,"apple","food",14,"fresh","red","age",0.77,"color","English"
"819",31,"apple","food",15,"purple","rotten","color",0.3,"age","English"
"820",31,"desk","furniture",16,"tiny","green","size",0.66,"color","English"
"821",31,"carrot","food",17,"yellow","hard","color",0.88,"texture","English"
"822",31,"TV","furniture",18,"red","soft","color",0.89,"texture","English"
"823",31,"couch","furniture",19,"square","wooden","shape",0.34,"material","English"
"824",31,"carrot","food",20,"blue","small","color",0.67,"size","English"
"825",31,"TV","furniture",21,"old","round","age",1,"shape","English"
"826",31,"tomato","food",22,"hard","purple","texture",0.28,"color","English"
"827",31,"carrot","food",23,"round","rotten","shape",0.67,"age","English"
"828",31,"cheese","food",24,"huge","round","size",0.97,"shape","English"
"829",31,"banana","food",25,"new","long","age",0.52,"size","English"
"830",31,"apple","food",26,"good","long","quality",0.92,"size","English"
"831",31,"carrot","food",27,"hard","metal","texture",0.58,"material","English"
"832",31,"TV","furniture",28,"huge","round","size",0.89,"shape","English"
"833",32,"desk","furniture",3,"tiny","good","size",0.83,"quality","English, Spanish"
"834",32,"carrot","food",4,"fresh","tiny","age",0.14,"size","English, Spanish"
"835",32,"tomato","food",5,"green","metal","color",0.78,"material","English, Spanish"
"836",32,"tomato","food",6,"metal","long","material",0.89,"size","English, Spanish"
"837",32,"banana","food",7,"soft","short","texture",0.15,"size","English, Spanish"
"838",32,"tomato","food",8,"round","yellow","shape",0.13,"color","English, Spanish"
"839",32,"cheese","food",9,"yellow","smooth","color",0.84,"texture","English, Spanish"
"840",32,"desk","furniture",10,"plastic","soft","material",0.98,"texture","English, Spanish"
"841",32,"apple","food",11,"long","hard","size",0.05,"texture","English, Spanish"
"842",32,"desk","furniture",12,"rotten","smooth","age",0.89,"texture","English, Spanish"
"843",32,"tomato","food",13,"old","metal","age",0.06,"material","English, Spanish"
"844",32,"couch","furniture",14,"blue","small","color",0.94,"size","English, Spanish"
"845",32,"TV","furniture",15,"smooth","rotten","texture",0.06,"age","English, Spanish"
"846",32,"carrot","food",16,"red","tiny","color",0.98,"size","English, Spanish"
"847",32,"desk","furniture",17,"good","purple","quality",0.08,"color","English, Spanish"
"848",32,"chair","furniture",18,"wooden","bad","material",0.98,"quality","English, Spanish"
"849",32,"apple","food",19,"purple","plastic","color",0.05,"material","English, Spanish"
"850",32,"tomato","food",20,"big","rotten","size",0.02,"age","English, Spanish"
"851",32,"fan","furniture",21,"green","old","color",0.93,"age","English, Spanish"
"852",32,"carrot","food",22,"rotten","brown","age",0.01,"color","English, Spanish"
"853",32,"apple","food",23,"smooth","big","texture",0.96,"size","English, Spanish"
"854",32,"fan","furniture",24,"purple","fresh","color",0.95,"age","English, Spanish"
"855",32,"cheese","food",25,"rotten","blue","age",0.1,"color","English, Spanish"
"856",32,"desk","furniture",26,"rotten","blue","age",0.05,"color","English, Spanish"
"857",32,"tomato","food",27,"old","tiny","age",0.04,"size","English, Spanish"
"858",32,"couch","furniture",28,"plastic","hard","material",0.96,"texture","English, Spanish"
"859",33,"apple","food",3,"new","yellow","age",0.12,"color","English"
"860",33,"carrot","food",4,"blue","good","color",0.92,"quality","English"
"861",33,"chair","furniture",5,"purple","wooden","color",0.06,"material","English"
"862",33,"carrot","food",6,"short","green","size",0.07,"color","English"
"863",33,"apple","food",7,"purple","new","color",0.94,"age","English"
"864",33,"fan","furniture",8,"short","smooth","size",0.07,"texture","English"
"865",33,"TV","furniture",9,"hard","bad","texture",0.93,"quality","English"
"866",33,"banana","food",10,"round","tiny","shape",0.9,"size","English"
"867",33,"TV","furniture",11,"metal","soft","material",0.94,"texture","English"
"868",33,"couch","furniture",12,"new","bad","age",0.91,"quality","English"
"869",33,"fan","furniture",13,"new","tiny","age",0.92,"size","English"
"870",33,"cheese","food",14,"new","big","age",0.08,"size","English"
"871",33,"apple","food",15,"big","green","size",0.05,"color","English"
"872",33,"cheese","food",16,"square","short","shape",0.93,"size","English"
"873",33,"couch","furniture",17,"green","plastic","color",0.05,"material","English"
"874",33,"apple","food",18,"hard","bad","texture",0.05,"quality","English"
"875",33,"chair","furniture",19,"square","soft","shape",0.91,"texture","English"
"876",33,"apple","food",20,"huge","old","size",0.06,"age","English"
"877",33,"chair","furniture",21,"new","small","age",0.92,"size","English"
"878",33,"couch","furniture",22,"round","smooth","shape",0.89,"texture","English"
"879",33,"banana","food",23,"yellow","smooth","color",0.92,"texture","English"
"880",33,"banana","food",24,"purple","big","color",0.91,"size","English"
"881",33,"couch","furniture",25,"metal","new","material",0.93,"age","English"
"882",33,"chair","furniture",26,"green","huge","color",0.91,"size","English"
"883",33,"apple","food",27,"old","plastic","age",0.07,"material","English"
"884",33,"tomato","food",28,"yellow","tiny","color",0.91,"size","English"
"885",34,"banana","food",3,"wooden","good","material",0.73,"quality","English"
"886",34,"fan","furniture",4,"blue","new","color",0.76,"age","English"
"887",34,"TV","furniture",5,"bad","wooden","quality",0.12,"material","English"
"888",34,"carrot","food",6,"small","square","size",0.11,"shape","English"
"889",34,"banana","food",7,"purple","fresh","color",0.91,"age","English"
"890",34,"chair","furniture",8,"green","wooden","color",0.18,"material","English"
"891",34,"banana","food",9,"soft","purple","texture",0.21,"color","English"
"892",34,"tomato","food",10,"yellow","bad","color",0.88,"quality","English"
"893",34,"banana","food",11,"purple","rotten","color",0.86,"age","English"
"894",34,"fan","furniture",12,"hard","red","texture",0.19,"color","English"
"895",34,"desk","furniture",13,"red","rotten","color",0.91,"age","English"
"896",34,"fan","furniture",14,"square","brown","shape",0.23,"color","English"
"897",34,"fan","furniture",15,"round","tiny","shape",0.86,"size","English"
"898",34,"banana","food",16,"wooden","small","material",0.89,"size","English"
"899",34,"apple","food",17,"plastic","old","material",0.93,"age","English"
"900",34,"banana","food",18,"metal","blue","material",0.14,"color","English"
"901",34,"apple","food",19,"red","big","color",0.83,"size","English"
"902",34,"fan","furniture",20,"plastic","small","material",0.73,"size","English"
"903",34,"TV","furniture",21,"short","good","size",0.41,"quality","English"
"904",34,"tomato","food",22,"new","plastic","age",0.14,"material","English"
"905",34,"cheese","food",23,"short","smooth","size",0.46,"texture","English"
"906",34,"TV","furniture",24,"blue","huge","color",0.83,"size","English"
"907",34,"banana","food",25,"soft","short","texture",0.85,"size","English"
"908",34,"apple","food",26,"metal","bad","material",0.88,"quality","English"
"909",34,"fan","furniture",27,"blue","smooth","color",0.83,"texture","English"
"910",34,"banana","food",28,"wooden","good","material",0.84,"quality","English"
"911",35,"TV","furniture",3,"metal","tiny","material",1,"size","ENGLISH"
"912",35,"apple","food",4,"good","round","quality",1,"shape","ENGLISH"
"913",35,"TV","furniture",5,"big","wooden","size",0.03,"material","ENGLISH"
"914",35,"couch","furniture",6,"big","fresh","size",1,"age","ENGLISH"
"915",35,"apple","food",7,"square","yellow","shape",1,"color","ENGLISH"
"916",35,"desk","furniture",8,"soft","blue","texture",0.94,"color","ENGLISH"
"917",35,"chair","furniture",9,"round","metal","shape",0,"material","ENGLISH"
"918",35,"TV","furniture",10,"square","old","shape",0.03,"age","ENGLISH"
"919",35,"desk","furniture",11,"short","green","size",0,"color","ENGLISH"
"920",35,"chair","furniture",12,"blue","wooden","color",0.04,"material","ENGLISH"
"921",35,"TV","furniture",13,"smooth","green","texture",1,"color","ENGLISH"
"922",35,"tomato","food",14,"red","bad","color",1,"quality","ENGLISH"
"923",35,"chair","furniture",15,"green","tiny","color",1,"size","ENGLISH"
"924",35,"desk","furniture",16,"purple","new","color",0.98,"age","ENGLISH"
"925",35,"carrot","food",17,"purple","bad","color",0.93,"quality","ENGLISH"
"926",35,"fan","furniture",18,"blue","long","color",1,"size","ENGLISH"
"927",35,"apple","food",19,"red","soft","color",0.99,"texture","ENGLISH"
"928",35,"carrot","food",20,"square","yellow","shape",0.96,"color","ENGLISH"
"929",35,"carrot","food",21,"round","hard","shape",0.99,"texture","ENGLISH"
"930",35,"fan","furniture",22,"old","smooth","age",0.06,"texture","ENGLISH"
"931",35,"banana","food",23,"round","yellow","shape",0.99,"color","ENGLISH"
"932",35,"couch","furniture",24,"round","rotten","shape",0.07,"age","ENGLISH"
"933",35,"couch","furniture",25,"fresh","round","age",1,"shape","ENGLISH"
"934",35,"couch","furniture",26,"bad","round","quality",1,"shape","ENGLISH"
"935",35,"banana","food",27,"brown","hard","color",0.1,"texture","ENGLISH"
"936",35,"TV","furniture",28,"bad","old","quality",0.06,"age","ENGLISH"
"937",36,"tomato","food",3,"green","metal","color",0.97,"material","English"
"938",36,"apple","food",4,"smooth","brown","texture",0.04,"color","English"
"939",36,"carrot","food",5,"rotten","huge","age",0.98,"size","English"
"940",36,"desk","furniture",6,"big","red","size",0.01,"color","English"
"941",36,"couch","furniture",7,"tiny","fresh","size",0.02,"age","English"
"942",36,"carrot","food",8,"metal","big","material",0.98,"size","English"
"943",36,"fan","furniture",9,"brown","metal","color",0.01,"material","English"
"944",36,"fan","furniture",10,"big","yellow","size",0.02,"color","English"
"945",36,"fan","furniture",11,"big","soft","size",0.01,"texture","English"
"946",36,"apple","food",12,"long","green","size",0.02,"color","English"
"947",36,"desk","furniture",13,"big","square","size",0.01,"shape","English"
"948",36,"couch","furniture",14,"hard","yellow","texture",0.02,"color","English"
"949",36,"fan","furniture",15,"small","old","size",0.98,"age","English"
"950",36,"TV","furniture",16,"green","square","color",0.98,"shape","English"
"951",36,"cheese","food",17,"small","fresh","size",0.02,"age","English"
"952",36,"chair","furniture",18,"big","new","size",0.02,"age","English"
"953",36,"fan","furniture",19,"hard","long","texture",0.99,"size","English"
"954",36,"apple","food",20,"wooden","bad","material",0.98,"quality","English"
"955",36,"chair","furniture",21,"hard","huge","texture",0.98,"size","English"
"956",36,"carrot","food",22,"blue","long","color",0.98,"size","English"
"957",36,"desk","furniture",23,"bad","small","quality",0.98,"size","English"
"958",36,"banana","food",24,"huge","green","size",0.01,"color","English"
"959",36,"chair","furniture",25,"smooth","big","texture",1,"size","English"
"960",36,"apple","food",26,"huge","rotten","size",0.01,"age","English"
"961",36,"banana","food",27,"square","wooden","shape",0.01,"material","English"
"962",36,"cheese","food",28,"short","red","size",0.02,"color","English"
"963",37,"tomato","food",3,"round","red","shape",0.41,"color","english"
"964",37,"apple","food",4,"short","plastic","size",0.2,"material","english"
"965",37,"desk","furniture",5,"hard","big","texture",0.59,"size","english"
"966",37,"tomato","food",6,"new","tiny","age",0.5,"size","english"
"967",37,"fan","furniture",7,"rotten","good","age",0.33,"quality","english"
"968",37,"apple","food",8,"smooth","brown","texture",0.12,"color","english"
"969",37,"couch","furniture",9,"hard","square","texture",0.11,"shape","english"
"970",37,"chair","furniture",10,"hard","bad","texture",0.22,"quality","english"
"971",37,"desk","furniture",11,"big","good","size",0.56,"quality","english"
"972",37,"TV","furniture",12,"red","tiny","color",0.84,"size","english"
"973",37,"tomato","food",13,"smooth","plastic","texture",0.27,"material","english"
"974",37,"TV","furniture",14,"short","purple","size",0.16,"color","english"
"975",37,"cheese","food",15,"fresh","smooth","age",0.48,"texture","english"
"976",37,"TV","furniture",16,"blue","old","color",0.9,"age","english"
"977",37,"TV","furniture",17,"new","small","age",0.84,"size","english"
"978",37,"desk","furniture",18,"brown","big","color",0.72,"size","english"
"979",37,"tomato","food",19,"tiny","new","size",0.27,"age","english"
"980",37,"fan","furniture",20,"tiny","yellow","size",0.22,"color","english"
"981",37,"banana","food",21,"round","rotten","shape",0.61,"age","english"
"982",37,"tomato","food",22,"rotten","purple","age",0.29,"color","english"
"983",37,"apple","food",23,"good","hard","quality",0.18,"texture","english"
"984",37,"TV","furniture",24,"hard","red","texture",0.28,"color","english"
"985",37,"apple","food",25,"blue","big","color",0.68,"size","english"
"986",37,"fan","furniture",26,"huge","metal","size",0.13,"material","english"
"987",37,"tomato","food",27,"new","hard","age",0.34,"texture","english"
"988",37,"TV","furniture",28,"green","round","color",0.71,"shape","english"
"989",38,"desk","furniture",3,"old","square","age",0.07,"shape","english"
"990",38,"TV","furniture",4,"good","big","quality",0.15,"size","english"
"991",38,"apple","food",5,"huge","plastic","size",0.26,"material","english"
"992",38,"carrot","food",6,"bad","round","quality",0.75,"shape","english"
"993",38,"TV","furniture",7,"red","smooth","color",0.84,"texture","english"
"994",38,"tomato","food",8,"long","green","size",0.16,"color","english"
"995",38,"cheese","food",9,"brown","rotten","color",0.89,"age","english"
"996",38,"tomato","food",10,"tiny","purple","size",0.16,"color","english"
"997",38,"apple","food",11,"short","blue","size",0.1,"color","english"
"998",38,"desk","furniture",12,"soft","small","texture",0.91,"size","english"
"999",38,"chair","furniture",13,"old","round","age",0.12,"shape","english"
"1000",38,"carrot","food",14,"new","soft","age",0.98,"texture","english"
"1001",38,"desk","furniture",15,"brown","old","color",0.82,"age","english"
"1002",38,"fan","furniture",16,"rotten","square","age",0.12,"shape","english"
"1003",38,"desk","furniture",17,"brown","long","color",0.91,"size","english"
"1004",38,"TV","furniture",18,"good","round","quality",0.04,"shape","english"
"1005",38,"fan","furniture",19,"green","square","color",0.12,"shape","english"
"1006",38,"banana","food",20,"round","long","shape",0.9,"size","english"
"1007",38,"tomato","food",21,"short","plastic","size",0.2,"material","english"
"1008",38,"tomato","food",22,"brown","soft","color",0.86,"texture","english"
"1009",38,"chair","furniture",23,"new","green","age",0.12,"color","english"
"1010",38,"chair","furniture",24,"blue","round","color",0.87,"shape","english"
"1011",38,"banana","food",25,"good","brown","quality",0.16,"color","english"
"1012",38,"desk","furniture",26,"good","short","quality",0.72,"size","english"
"1013",38,"apple","food",27,"blue","soft","color",0.83,"texture","english"
"1014",38,"carrot","food",28,"green","smooth","color",0.93,"texture","english"
"1015",39,"apple","food",3,"square","bad","shape",1,"quality","DUTCH, ENGLISH"
"1016",39,"apple","food",4,"long","good","size",1,"quality","DUTCH, ENGLISH"
"1017",39,"chair","furniture",5,"green","fresh","color",0.99,"age","DUTCH, ENGLISH"
"1018",39,"cheese","food",6,"bad","brown","quality",0.03,"color","DUTCH, ENGLISH"
"1019",39,"tomato","food",7,"big","good","size",0.03,"quality","DUTCH, ENGLISH"
"1020",39,"tomato","food",8,"round","good","shape",0.99,"quality","DUTCH, ENGLISH"
"1021",39,"tomato","food",9,"soft","huge","texture",0.99,"size","DUTCH, ENGLISH"
"1022",39,"carrot","food",10,"wooden","round","material",0.96,"shape","DUTCH, ENGLISH"
"1023",39,"carrot","food",11,"old","good","age",0.96,"quality","DUTCH, ENGLISH"
"1024",39,"carrot","food",12,"yellow","hard","color",0.94,"texture","DUTCH, ENGLISH"
"1025",39,"couch","furniture",13,"yellow","bad","color",0.95,"quality","DUTCH, ENGLISH"
"1026",39,"TV","furniture",14,"soft","short","texture",0.97,"size","DUTCH, ENGLISH"
"1027",39,"TV","furniture",15,"new","small","age",0.97,"size","DUTCH, ENGLISH"
"1028",39,"banana","food",16,"hard","fresh","texture",1,"age","DUTCH, ENGLISH"
"1029",39,"apple","food",17,"long","round","size",1,"shape","DUTCH, ENGLISH"
"1030",39,"cheese","food",18,"rotten","green","age",0.05,"color","DUTCH, ENGLISH"
"1031",39,"chair","furniture",19,"old","green","age",0.04,"color","DUTCH, ENGLISH"
"1032",39,"couch","furniture",20,"blue","huge","color",0.97,"size","DUTCH, ENGLISH"
"1033",39,"chair","furniture",21,"rotten","round","age",0.98,"shape","DUTCH, ENGLISH"
"1034",39,"couch","furniture",22,"metal","brown","material",0.01,"color","DUTCH, ENGLISH"
"1035",39,"desk","furniture",23,"metal","bad","material",0.98,"quality","DUTCH, ENGLISH"
"1036",39,"apple","food",24,"round","hard","shape",0.97,"texture","DUTCH, ENGLISH"
"1037",39,"carrot","food",25,"plastic","fresh","material",0.97,"age","DUTCH, ENGLISH"
"1038",39,"fan","furniture",26,"old","good","age",0.97,"quality","DUTCH, ENGLISH"
"1039",39,"TV","furniture",27,"soft","red","texture",0.03,"color","DUTCH, ENGLISH"
"1040",39,"tomato","food",28,"bad","soft","quality",0.94,"texture","DUTCH, ENGLISH"
"1041",40,"cheese","food",3,"hard","purple","texture",1,"color","Spanish"
"1042",40,"tomato","food",4,"metal","soft","material",1,"texture","Spanish"
"1043",40,"apple","food",5,"big","wooden","size",0,"material","Spanish"
"1044",40,"banana","food",6,"old","blue","age",0.17,"color","Spanish"
"1045",40,"desk","furniture",7,"soft","brown","texture",0.14,"color","Spanish"
"1046",40,"banana","food",8,"big","purple","size",0,"color","Spanish"
"1047",40,"banana","food",9,"square","wooden","shape",0.46,"material","Spanish"
"1048",40,"desk","furniture",10,"square","new","shape",1,"age","Spanish"
"1049",40,"cheese","food",11,"bad","new","quality",0.58,"age","Spanish"
"1050",40,"chair","furniture",12,"long","smooth","size",0.9,"texture","Spanish"
"1051",40,"fan","furniture",13,"bad","small","quality",0.9,"size","Spanish"
"1052",40,"cheese","food",14,"fresh","tiny","age",0.81,"size","Spanish"
"1053",40,"tomato","food",15,"big","fresh","size",0.71,"age","Spanish"
"1054",40,"chair","furniture",16,"rotten","square","age",0.47,"shape","Spanish"
"1055",40,"fan","furniture",17,"red","rotten","color",0.58,"age","Spanish"
"1056",40,"cheese","food",18,"brown","new","color",0.72,"age","Spanish"
"1057",40,"carrot","food",19,"rotten","huge","age",0.83,"size","Spanish"
"1058",40,"tomato","food",20,"metal","brown","material",0.52,"color","Spanish"
"1059",40,"chair","furniture",21,"rotten","long","age",0.45,"size","Spanish"
"1060",40,"carrot","food",22,"fresh","good","age",0.71,"quality","Spanish"
"1061",40,"banana","food",23,"green","rotten","color",0.35,"age","Spanish"
"1062",40,"banana","food",24,"bad","square","quality",0.65,"shape","Spanish"
"1063",40,"cheese","food",25,"wooden","yellow","material",0.57,"color","Spanish"
"1064",40,"tomato","food",26,"plastic","red","material",0.39,"color","Spanish"
"1065",40,"banana","food",27,"blue","bad","color",0.7,"quality","Spanish"
"1066",40,"fan","furniture",28,"square","yellow","shape",0.58,"color","Spanish"
"1067",41,"fan","furniture",3,"huge","metal","size",0.02,"material","English"
"1068",41,"couch","furniture",4,"wooden","smooth","material",0.99,"texture","English"
"1069",41,"apple","food",5,"hard","small","texture",0.02,"size","English"
"1070",41,"carrot","food",6,"hard","brown","texture",0,"color","English"
"1071",41,"couch","furniture",7,"hard","square","texture",0.98,"shape","English"
"1072",41,"couch","furniture",8,"short","rotten","size",0.03,"age","English"
"1073",41,"desk","furniture",9,"blue","square","color",0.49,"shape","English"
"1074",41,"tomato","food",10,"smooth","fresh","texture",0.38,"age","English"
"1075",41,"couch","furniture",11,"round","bad","shape",0.03,"quality","English"
"1076",41,"TV","furniture",12,"soft","new","texture",0.44,"age","English"
"1077",41,"carrot","food",13,"bad","fresh","quality",0.46,"age","English"
"1078",41,"apple","food",14,"new","square","age",0.03,"shape","English"
"1079",41,"desk","furniture",15,"round","short","shape",0.05,"size","English"
"1080",41,"cheese","food",16,"smooth","plastic","texture",0.51,"material","English"
"1081",41,"tomato","food",17,"soft","blue","texture",0.47,"color","English"
"1082",41,"desk","furniture",18,"brown","bad","color",0.47,"quality","English"
"1083",41,"TV","furniture",19,"hard","red","texture",0.98,"color","English"
"1084",41,"TV","furniture",20,"square","rotten","shape",0.02,"age","English"
"1085",41,"tomato","food",21,"big","yellow","size",0.57,"color","English"
"1086",41,"TV","furniture",22,"green","square","color",0.33,"shape","English"
"1087",41,"tomato","food",23,"hard","square","texture",0.06,"shape","English"
"1088",41,"fan","furniture",24,"blue","wooden","color",0.03,"material","English"
"1089",41,"carrot","food",25,"big","round","size",0.04,"shape","English"
"1090",41,"chair","furniture",26,"new","brown","age",0.04,"color","English"
"1091",41,"TV","furniture",27,"hard","square","texture",0.96,"shape","English"
"1092",41,"tomato","food",28,"red","rotten","color",0.47,"age","English"
"1093",42,"cheese","food",3,"bad","brown","quality",0,"color","English"
"1094",42,"carrot","food",4,"rotten","soft","age",1,"texture","English"
"1095",42,"chair","furniture",5,"bad","new","quality",1,"age","English"
"1096",42,"TV","furniture",6,"huge","square","size",0,"shape","English"
"1097",42,"fan","furniture",7,"good","soft","quality",0,"texture","English"
"1098",42,"apple","food",8,"yellow","hard","color",1,"texture","English"
"1099",42,"cheese","food",9,"huge","blue","size",0,"color","English"
"1100",42,"apple","food",10,"fresh","purple","age",0,"color","English"
"1101",42,"desk","furniture",11,"smooth","big","texture",1,"size","English"
"1102",42,"TV","furniture",12,"plastic","yellow","material",0.97,"color","English"
"1103",42,"tomato","food",13,"brown","small","color",0.98,"size","English"
"1104",42,"TV","furniture",14,"rotten","big","age",1,"size","English"
"1105",42,"desk","furniture",15,"big","hard","size",0,"texture","English"
"1106",42,"chair","furniture",16,"bad","small","quality",1,"size","English"
"1107",42,"desk","furniture",17,"rotten","metal","age",0,"material","English"
"1108",42,"couch","furniture",18,"long","yellow","size",0,"color","English"
"1109",42,"desk","furniture",19,"fresh","plastic","age",0,"material","English"
"1110",42,"banana","food",20,"small","brown","size",0,"color","English"
"1111",42,"apple","food",21,"round","small","shape",1,"size","English"
"1112",42,"banana","food",22,"huge","smooth","size",0.97,"texture","English"
"1113",42,"couch","furniture",23,"good","blue","quality",0,"color","English"
"1114",42,"cheese","food",24,"short","plastic","size",0,"material","English"
"1115",42,"tomato","food",25,"soft","short","texture",0.96,"size","English"
"1116",42,"cheese","food",26,"yellow","square","color",0.95,"shape","English"
"1117",42,"apple","food",27,"smooth","purple","texture",0,"color","English"
"1118",42,"cheese","food",28,"rotten","tiny","age",0.99,"size","English"
"1119",43,"apple","food",3,"yellow","wooden","color",0.14,"material","Spanish"
"1120",43,"couch","furniture",4,"good","long","quality",0.14,"size","Spanish"
"1121",43,"fan","furniture",5,"long","metal","size",0.06,"material","Spanish"
"1122",43,"fan","furniture",6,"big","old","size",0.89,"age","Spanish"
"1123",43,"apple","food",7,"big","new","size",0.11,"age","Spanish"
"1124",43,"tomato","food",8,"good","short","quality",0.29,"size","Spanish"
"1125",43,"fan","furniture",9,"square","hard","shape",0.79,"texture","Spanish"
"1126",43,"desk","furniture",10,"round","hard","shape",0.94,"texture","Spanish"
"1127",43,"tomato","food",11,"rotten","soft","age",0.85,"texture","Spanish"
"1128",43,"carrot","food",12,"square","new","shape",0.46,"age","Spanish"
"1129",43,"couch","furniture",13,"plastic","tiny","material",0.89,"size","Spanish"
"1130",43,"fan","furniture",14,"wooden","big","material",0.92,"size","Spanish"
"1131",43,"chair","furniture",15,"good","soft","quality",0.09,"texture","Spanish"
"1132",43,"carrot","food",16,"hard","metal","texture",0.85,"material","Spanish"
"1133",43,"tomato","food",17,"short","red","size",0.14,"color","Spanish"
"1134",43,"banana","food",18,"round","soft","shape",0.92,"texture","Spanish"
"1135",43,"TV","furniture",19,"old","round","age",0.04,"shape","Spanish"
"1136",43,"banana","food",20,"purple","round","color",0.92,"shape","Spanish"
"1137",43,"cheese","food",21,"bad","green","quality",0.01,"color","Spanish"
"1138",43,"carrot","food",22,"small","round","size",0.05,"shape","Spanish"
"1139",43,"banana","food",23,"purple","good","color",0.46,"quality","Spanish"
"1140",43,"cheese","food",24,"square","huge","shape",0.91,"size","Spanish"
"1141",43,"apple","food",25,"hard","red","texture",0.02,"color","Spanish"
"1142",43,"apple","food",26,"purple","round","color",0.79,"shape","Spanish"
"1143",43,"apple","food",27,"good","rotten","quality",0.5,"age","Spanish"
"1144",43,"cheese","food",28,"new","tiny","age",0.82,"size","Spanish"
"1145",44,"tomato","food",3,"new","brown","age",0,"color","English"
"1146",44,"fan","furniture",4,"plastic","hard","material",1,"texture","English"
"1147",44,"chair","furniture",5,"plastic","good","material",1,"quality","English"
"1148",44,"tomato","food",6,"hard","metal","texture",0,"material","English"
"1149",44,"couch","furniture",7,"green","smooth","color",1,"texture","English"
"1150",44,"cheese","food",8,"round","tiny","shape",1,"size","English"
"1151",44,"desk","furniture",9,"big","brown","size",0.04,"color","English"
"1152",44,"fan","furniture",10,"big","blue","size",0.04,"color","English"
"1153",44,"couch","furniture",11,"big","smooth","size",0.02,"texture","English"
"1154",44,"banana","food",12,"round","smooth","shape",0.01,"texture","English"
"1155",44,"fan","furniture",13,"bad","tiny","quality",0.97,"size","English"
"1156",44,"carrot","food",14,"fresh","purple","age",0.05,"color","English"
"1157",44,"carrot","food",15,"round","rotten","shape",0.97,"age","English"
"1158",44,"tomato","food",16,"brown","metal","color",0.03,"material","English"
"1159",44,"TV","furniture",17,"red","square","color",0.3,"shape","English"
"1160",44,"tomato","food",18,"smooth","plastic","texture",0.23,"material","English"
"1161",44,"carrot","food",19,"short","new","size",0.79,"age","English"
"1162",44,"cheese","food",20,"small","green","size",0.08,"color","English"
"1163",44,"desk","furniture",21,"fresh","green","age",0.06,"color","English"
"1164",44,"tomato","food",22,"bad","square","quality",0.06,"shape","English"
"1165",44,"carrot","food",23,"green","big","color",0.94,"size","English"
"1166",44,"carrot","food",24,"rotten","green","age",0.04,"color","English"
"1167",44,"chair","furniture",25,"huge","rotten","size",0.05,"age","English"
"1168",44,"fan","furniture",26,"hard","long","texture",0.99,"size","English"
"1169",44,"tomato","food",27,"red","bad","color",0.98,"quality","English"
"1170",44,"cheese","food",28,"metal","smooth","material",0.97,"texture","English"
"1171",45,"desk","furniture",3,"purple","smooth","color",1,"texture","English"
"1172",45,"fan","furniture",4,"old","blue","age",0,"color","English"
"1173",45,"desk","furniture",5,"green","bad","color",1,"quality","English"
"1174",45,"couch","furniture",6,"new","yellow","age",0,"color","English"
"1175",45,"fan","furniture",7,"soft","new","texture",0,"age","English"
"1176",45,"apple","food",8,"small","blue","size",0,"color","English"
"1177",45,"banana","food",9,"red","soft","color",1,"texture","English"
"1178",45,"TV","furniture",10,"square","green","shape",0,"color","English"
"1179",45,"carrot","food",11,"smooth","square","texture",0,"shape","English"
"1180",45,"couch","furniture",12,"red","new","color",1,"age","English"
"1181",45,"cheese","food",13,"brown","huge","color",1,"size","English"
"1182",45,"desk","furniture",14,"metal","smooth","material",1,"texture","English"
"1183",45,"tomato","food",15,"green","long","color",1,"size","English"
"1184",45,"desk","furniture",16,"purple","metal","color",0,"material","English"
"1185",45,"desk","furniture",17,"smooth","short","texture",1,"size","English"
"1186",45,"fan","furniture",18,"metal","rotten","material",1,"age","English"
"1187",45,"cheese","food",19,"metal","good","material",1,"quality","English"
"1188",45,"apple","food",20,"good","huge","quality",0,"size","English"
"1189",45,"apple","food",21,"blue","soft","color",1,"texture","English"
"1190",45,"carrot","food",22,"rotten","green","age",0,"color","English"
"1191",45,"fan","furniture",23,"red","bad","color",1,"quality","English"
"1192",45,"cheese","food",24,"square","soft","shape",1,"texture","English"
"1193",45,"chair","furniture",25,"old","tiny","age",1,"size","English"
"1194",45,"tomato","food",26,"tiny","smooth","size",0,"texture","English"
"1195",45,"apple","food",27,"green","fresh","color",1,"age","English"
"1196",45,"desk","furniture",28,"blue","new","color",1,"age","English"
"1197",46,"couch","furniture",3,"round","purple","shape",1,"color","English"
"1198",46,"tomato","food",4,"bad","old","quality",1,"age","English"
"1199",46,"couch","furniture",5,"fresh","round","age",0,"shape","English"
"1200",46,"tomato","food",6,"bad","purple","quality",0,"color","English"
"1201",46,"carrot","food",7,"rotten","round","age",1,"shape","English"
"1202",46,"couch","furniture",8,"small","fresh","size",1,"age","English"
"1203",46,"TV","furniture",9,"tiny","soft","size",1,"texture","English"
"1204",46,"fan","furniture",10,"tiny","smooth","size",0,"texture","English"
"1205",46,"apple","food",11,"hard","green","texture",0,"color","English"
"1206",46,"cheese","food",12,"good","purple","quality",0,"color","English"
"1207",46,"cheese","food",13,"blue","smooth","color",1,"texture","English"
"1208",46,"tomato","food",14,"good","soft","quality",1,"texture","English"
"1209",46,"apple","food",15,"round","short","shape",0,"size","English"
"1210",46,"TV","furniture",16,"smooth","metal","texture",0,"material","English"
"1211",46,"carrot","food",17,"square","rotten","shape",0.02,"age","English"
"1212",46,"cheese","food",18,"new","short","age",1,"size","English"
"1213",46,"cheese","food",19,"long","green","size",0,"color","English"
"1214",46,"tomato","food",20,"new","blue","age",0,"color","English"
"1215",46,"cheese","food",21,"purple","wooden","color",1,"material","English"
"1216",46,"chair","furniture",22,"good","new","quality",0,"age","English"
"1217",46,"TV","furniture",23,"tiny","round","size",1,"shape","English"
"1218",46,"TV","furniture",24,"big","rotten","size",1,"age","English"
"1219",46,"cheese","food",25,"soft","long","texture",1,"size","English"
"1220",46,"tomato","food",26,"yellow","square","color",1,"shape","English"
"1221",46,"apple","food",27,"yellow","square","color",0,"shape","English"
"1222",46,"chair","furniture",28,"red","plastic","color",1,"material","English"
"1223",47,"chair","furniture",3,"wooden","soft","material",0.96,"texture","English"
"1224",47,"TV","furniture",4,"long","yellow","size",0.02,"color","English"
"1225",47,"tomato","food",5,"plastic","red","material",0.97,"color","English"
"1226",47,"banana","food",6,"green","square","color",0.97,"shape","English"
"1227",47,"cheese","food",7,"red","good","color",0.98,"quality","English"
"1228",47,"carrot","food",8,"hard","bad","texture",0.97,"quality","English"
"1229",47,"fan","furniture",9,"small","new","size",0.96,"age","English"
"1230",47,"apple","food",10,"soft","bad","texture",0.02,"quality","English"
"1231",47,"carrot","food",11,"long","old","size",0.96,"age","English"
"1232",47,"cheese","food",12,"round","good","shape",1,"quality","English"
"1233",47,"carrot","food",13,"red","metal","color",0.02,"material","English"
"1234",47,"desk","furniture",14,"wooden","square","material",0.96,"shape","English"
"1235",47,"tomato","food",15,"purple","rotten","color",0.53,"age","English"
"1236",47,"carrot","food",16,"smooth","round","texture",0.01,"shape","English"
"1237",47,"desk","furniture",17,"hard","new","texture",0.5,"age","English"
"1238",47,"carrot","food",18,"wooden","good","material",0.97,"quality","English"
"1239",47,"couch","furniture",19,"old","good","age",0.75,"quality","English"
"1240",47,"chair","furniture",20,"green","round","color",0.95,"shape","English"
"1241",47,"TV","furniture",21,"huge","yellow","size",0.04,"color","English"
"1242",47,"couch","furniture",22,"good","old","quality",0.36,"age","English"
"1243",47,"tomato","food",23,"small","new","size",0.1,"age","English"
"1244",47,"couch","furniture",24,"short","bad","size",0.59,"quality","English"
"1245",47,"chair","furniture",25,"new","tiny","age",0.89,"size","English"
"1246",47,"fan","furniture",26,"long","yellow","size",0.05,"color","English"
"1247",47,"apple","food",27,"purple","soft","color",0.93,"texture","English"
"1248",47,"chair","furniture",28,"soft","good","texture",0.8,"quality","English"
"1249",48,"banana","food",3,"small","round","size",0.27,"shape","Vietnamese"
"1250",48,"TV","furniture",4,"round","tiny","shape",0.78,"size","Vietnamese"
"1251",48,"apple","food",5,"tiny","hard","size",0.85,"texture","Vietnamese"
"1252",48,"tomato","food",6,"square","short","shape",0.82,"size","Vietnamese"
"1253",48,"cheese","food",7,"old","big","age",0.88,"size","Vietnamese"
"1254",48,"fan","furniture",8,"soft","square","texture",0.88,"shape","Vietnamese"
"1255",48,"couch","furniture",9,"smooth","green","texture",0.15,"color","Vietnamese"
"1256",48,"couch","furniture",10,"blue","long","color",0.88,"size","Vietnamese"
"1257",48,"chair","furniture",11,"smooth","new","texture",0.9,"age","Vietnamese"
"1258",48,"chair","furniture",12,"plastic","square","material",0.26,"shape","Vietnamese"
"1259",48,"cheese","food",13,"soft","square","texture",0.23,"shape","Vietnamese"
"1260",48,"apple","food",14,"brown","hard","color",0.92,"texture","Vietnamese"
"1261",48,"tomato","food",15,"brown","soft","color",0.9,"texture","Vietnamese"
"1262",48,"couch","furniture",16,"metal","old","material",0.61,"age","Vietnamese"
"1263",48,"carrot","food",17,"wooden","big","material",0.78,"size","Vietnamese"
"1264",48,"TV","furniture",18,"new","huge","age",0.18,"size","Vietnamese"
"1265",48,"fan","furniture",19,"new","smooth","age",0.84,"texture","Vietnamese"
"1266",48,"fan","furniture",20,"soft","square","texture",0.17,"shape","Vietnamese"
"1267",48,"fan","furniture",21,"soft","rotten","texture",0.84,"age","Vietnamese"
"1268",48,"couch","furniture",22,"smooth","fresh","texture",0.8,"age","Vietnamese"
"1269",48,"carrot","food",23,"blue","rotten","color",0.83,"age","Vietnamese"
"1270",48,"cheese","food",24,"short","wooden","size",0.12,"material","Vietnamese"
"1271",48,"carrot","food",25,"metal","rotten","material",0.11,"age","Vietnamese"
"1272",48,"carrot","food",26,"yellow","square","color",0.8,"shape","Vietnamese"
"1273",48,"fan","furniture",27,"old","brown","age",0.83,"color","Vietnamese"
"1274",48,"apple","food",28,"plastic","soft","material",0.86,"texture","Vietnamese"
"1275",49,"TV","furniture",3,"bad","smooth","quality",1,"texture","Eng"
"1276",49,"TV","furniture",4,"old","tiny","age",1,"size","Eng"
"1277",49,"tomato","food",5,"wooden","yellow","material",1,"color","Eng"
"1278",49,"cheese","food",6,"big","green","size",0,"color","Eng"
"1279",49,"TV","furniture",7,"round","good","shape",1,"quality","Eng"
"1280",49,"chair","furniture",8,"huge","round","size",0.08,"shape","Eng"
"1281",49,"carrot","food",9,"blue","long","color",0.91,"size","Eng"
"1282",49,"desk","furniture",10,"green","new","color",0.98,"age","Eng"
"1283",49,"couch","furniture",11,"old","smooth","age",0.91,"texture","Eng"
"1284",49,"carrot","food",12,"huge","old","size",0.02,"age","Eng"
"1285",49,"chair","furniture",13,"huge","smooth","size",0.9,"texture","Eng"
"1286",49,"apple","food",14,"short","yellow","size",0.07,"color","Eng"
"1287",49,"chair","furniture",15,"soft","good","texture",0.98,"quality","Eng"
"1288",49,"banana","food",16,"blue","fresh","color",0.96,"age","Eng"
"1289",49,"fan","furniture",17,"rotten","huge","age",0.92,"size","Eng"
"1290",49,"cheese","food",18,"soft","square","texture",0.04,"shape","Eng"
"1291",49,"couch","furniture",19,"small","plastic","size",0.1,"material","Eng"
"1292",49,"cheese","food",20,"huge","yellow","size",0.04,"color","Eng"
"1293",49,"tomato","food",21,"good","smooth","quality",0.97,"texture","Eng"
"1294",49,"couch","furniture",22,"round","short","shape",0.94,"size","Eng"
"1295",49,"tomato","food",23,"square","soft","shape",0.91,"texture","Eng"
"1296",49,"cheese","food",24,"green","new","color",0.88,"age","Eng"
"1297",49,"chair","furniture",25,"wooden","purple","material",0.9,"color","Eng"
"1298",49,"apple","food",26,"good","metal","quality",0.09,"material","Eng"
"1299",49,"TV","furniture",27,"big","bad","size",0.01,"quality","Eng"
"1300",49,"cheese","food",28,"wooden","good","material",0.96,"quality","Eng"
