workerid,nounclass,predicate2English,predicate1English,slide_number,sense,nounEnglish,class2,response,condition,class1,assess,yearsLived,lived,outsideLanguage,language,enjoyment,gender,age,describe,comments,proficiency,education,homeLanguage,OS,screenH,screenW,Browser,hitid,hittypeid,title,description,keywords,reward,creationtime,assignments,numavailable,numpending,numcomplete,hitstatus,reviewstatus,annotation,assignmentduration,autoapprovaldelay,hitlifetime,viewhit,assignmentid,workerid,assignmentstatus,autoapprovaltime,assignmentaccepttime,assignmentsubmittime,assignmentapprovaltime,assignmentrejecttime,deadline,feedback,reject,Answer.catch_trials,Answer.time_in_minutes
0,food,bad,wooden,3,NA,potato,quality,0.18,both,material,Yes,5plus,both8,chinese,上海话,0,Male,20,ChineseChinese,,native,2,chinese,Windows,1080,1920,Chrome,3909MD9T2ZCBAEUYX2F49AIKZ48EFM,3KTAGXQO2Z1405RLY016A5OR2FWGKI,汉语语句 ,回答关于物体描述的问题,语言 研究 乐趣 认知科学 大学 汉语,$0.40,Wed Apr 17 09:53:59 PDT 2019,9,4,0,5,Assignable,NotReviewed,1 cond,1800,60000,Fri May 17 09:53:59 PDT 2019,https://requester.mturk.com/mturk/manageHIT?HITId=3909MD9T2ZCBAEUYX2F49AIKZ48EFM,3L4PIM1GQUC96TERF0WUMLK81ZBRYO,0,Approved,Fri Apr 19 03:23:36 PDT 2019,Thu Apr 18 10:39:08 PDT 2019,Thu Apr 18 10:43:36 PDT 2019,Fri Apr 19 03:24:21 PDT 2019,,,,,[],4.399166666666667
0,food,yellow,wooden,4,NA,watermelon,color,0.75,both,material,Yes,5plus,both8,chinese,上海话,0,Male,20,ChineseChinese,,native,2,chinese,Windows,1080,1920,Chrome,3909MD9T2ZCBAEUYX2F49AIKZ48EFM,3KTAGXQO2Z1405RLY016A5OR2FWGKI,汉语语句 ,回答关于物体描述的问题,语言 研究 乐趣 认知科学 大学 汉语,$0.40,Wed Apr 17 09:53:59 PDT 2019,9,4,0,5,Assignable,NotReviewed,1 cond,1800,60000,Fri May 17 09:53:59 PDT 2019,https://requester.mturk.com/mturk/manageHIT?HITId=3909MD9T2ZCBAEUYX2F49AIKZ48EFM,3L4PIM1GQUC96TERF0WUMLK81ZBRYO,0,Approved,Fri Apr 19 03:23:36 PDT 2019,Thu Apr 18 10:39:08 PDT 2019,Thu Apr 18 10:43:36 PDT 2019,Fri Apr 19 03:24:21 PDT 2019,,,,,[],4.399166666666667
0,food,good,long,5,no,watermelon,quality,0.81,both,size,Yes,5plus,both8,chinese,上海话,0,Male,20,ChineseChinese,,native,2,chinese,Windows,1080,1920,Chrome,3909MD9T2ZCBAEUYX2F49AIKZ48EFM,3KTAGXQO2Z1405RLY016A5OR2FWGKI,汉语语句 ,回答关于物体描述的问题,语言 研究 乐趣 认知科学 大学 汉语,$0.40,Wed Apr 17 09:53:59 PDT 2019,9,4,0,5,Assignable,NotReviewed,1 cond,1800,60000,Fri May 17 09:53:59 PDT 2019,https://requester.mturk.com/mturk/manageHIT?HITId=3909MD9T2ZCBAEUYX2F49AIKZ48EFM,3L4PIM1GQUC96TERF0WUMLK81ZBRYO,0,Approved,Fri Apr 19 03:23:36 PDT 2019,Thu Apr 18 10:39:08 PDT 2019,Thu Apr 18 10:43:36 PDT 2019,Fri Apr 19 03:24:21 PDT 2019,,,,,[],4.399166666666667
0,food,bad,yellow,6,NA,tomato,quality,0,both,color,Yes,5plus,both8,chinese,上海话,0,Male,20,ChineseChinese,,native,2,chinese,Windows,1080,1920,Chrome,3909MD9T2ZCBAEUYX2F49AIKZ48EFM,3KTAGXQO2Z1405RLY016A5OR2FWGKI,汉语语句 ,回答关于物体描述的问题,语言 研究 乐趣 认知科学 大学 汉语,$0.40,Wed Apr 17 09:53:59 PDT 2019,9,4,0,5,Assignable,NotReviewed,1 cond,1800,60000,Fri May 17 09:53:59 PDT 2019,https://requester.mturk.com/mturk/manageHIT?HITId=3909MD9T2ZCBAEUYX2F49AIKZ48EFM,3L4PIM1GQUC96TERF0WUMLK81ZBRYO,0,Approved,Fri Apr 19 03:23:36 PDT 2019,Thu Apr 18 10:39:08 PDT 2019,Thu Apr 18 10:43:36 PDT 2019,Fri Apr 19 03:24:21 PDT 2019,,,,,[],4.399166666666667
0,food,fresh,metal,7,NA,potato,age,0.13,both,material,Yes,5plus,both8,chinese,上海话,0,Male,20,ChineseChinese,,native,2,chinese,Windows,1080,1920,Chrome,3909MD9T2ZCBAEUYX2F49AIKZ48EFM,3KTAGXQO2Z1405RLY016A5OR2FWGKI,汉语语句 ,回答关于物体描述的问题,语言 研究 乐趣 认知科学 大学 汉语,$0.40,Wed Apr 17 09:53:59 PDT 2019,9,4,0,5,Assignable,NotReviewed,1 cond,1800,60000,Fri May 17 09:53:59 PDT 2019,https://requester.mturk.com/mturk/manageHIT?HITId=3909MD9T2ZCBAEUYX2F49AIKZ48EFM,3L4PIM1GQUC96TERF0WUMLK81ZBRYO,0,Approved,Fri Apr 19 03:23:36 PDT 2019,Thu Apr 18 10:39:08 PDT 2019,Thu Apr 18 10:43:36 PDT 2019,Fri Apr 19 03:24:21 PDT 2019,,,,,[],4.399166666666667
0,food,big,rotten,8,NA,watermelon,size,0.1,both,age,Yes,5plus,both8,chinese,上海话,0,Male,20,ChineseChinese,,native,2,chinese,Windows,1080,1920,Chrome,3909MD9T2ZCBAEUYX2F49AIKZ48EFM,3KTAGXQO2Z1405RLY016A5OR2FWGKI,汉语语句 ,回答关于物体描述的问题,语言 研究 乐趣 认知科学 大学 汉语,$0.40,Wed Apr 17 09:53:59 PDT 2019,9,4,0,5,Assignable,NotReviewed,1 cond,1800,60000,Fri May 17 09:53:59 PDT 2019,https://requester.mturk.com/mturk/manageHIT?HITId=3909MD9T2ZCBAEUYX2F49AIKZ48EFM,3L4PIM1GQUC96TERF0WUMLK81ZBRYO,0,Approved,Fri Apr 19 03:23:36 PDT 2019,Thu Apr 18 10:39:08 PDT 2019,Thu Apr 18 10:43:36 PDT 2019,Fri Apr 19 03:24:21 PDT 2019,,,,,[],4.399166666666667
0,furniture,good,big,9,NA,bed,quality,0.09,both,size,Yes,5plus,both8,chinese,上海话,0,Male,20,ChineseChinese,,native,2,chinese,Windows,1080,1920,Chrome,3909MD9T2ZCBAEUYX2F49AIKZ48EFM,3KTAGXQO2Z1405RLY016A5OR2FWGKI,汉语语句 ,回答关于物体描述的问题,语言 研究 乐趣 认知科学 大学 汉语,$0.40,Wed Apr 17 09:53:59 PDT 2019,9,4,0,5,Assignable,NotReviewed,1 cond,1800,60000,Fri May 17 09:53:59 PDT 2019,https://requester.mturk.com/mturk/manageHIT?HITId=3909MD9T2ZCBAEUYX2F49AIKZ48EFM,3L4PIM1GQUC96TERF0WUMLK81ZBRYO,0,Approved,Fri Apr 19 03:23:36 PDT 2019,Thu Apr 18 10:39:08 PDT 2019,Thu Apr 18 10:43:36 PDT 2019,Fri Apr 19 03:24:21 PDT 2019,,,,,[],4.399166666666667
0,furniture,old,yellow,10,NA,bed,age,0.08,both,color,Yes,5plus,both8,chinese,上海话,0,Male,20,ChineseChinese,,native,2,chinese,Windows,1080,1920,Chrome,3909MD9T2ZCBAEUYX2F49AIKZ48EFM,3KTAGXQO2Z1405RLY016A5OR2FWGKI,汉语语句 ,回答关于物体描述的问题,语言 研究 乐趣 认知科学 大学 汉语,$0.40,Wed Apr 17 09:53:59 PDT 2019,9,4,0,5,Assignable,NotReviewed,1 cond,1800,60000,Fri May 17 09:53:59 PDT 2019,https://requester.mturk.com/mturk/manageHIT?HITId=3909MD9T2ZCBAEUYX2F49AIKZ48EFM,3L4PIM1GQUC96TERF0WUMLK81ZBRYO,0,Approved,Fri Apr 19 03:23:36 PDT 2019,Thu Apr 18 10:39:08 PDT 2019,Thu Apr 18 10:43:36 PDT 2019,Fri Apr 19 03:24:21 PDT 2019,,,,,[],4.399166666666667
0,food,good,plastic,11,NA,tomato,quality,0.1,both,material,Yes,5plus,both8,chinese,上海话,0,Male,20,ChineseChinese,,native,2,chinese,Windows,1080,1920,Chrome,3909MD9T2ZCBAEUYX2F49AIKZ48EFM,3KTAGXQO2Z1405RLY016A5OR2FWGKI,汉语语句 ,回答关于物体描述的问题,语言 研究 乐趣 认知科学 大学 汉语,$0.40,Wed Apr 17 09:53:59 PDT 2019,9,4,0,5,Assignable,NotReviewed,1 cond,1800,60000,Fri May 17 09:53:59 PDT 2019,https://requester.mturk.com/mturk/manageHIT?HITId=3909MD9T2ZCBAEUYX2F49AIKZ48EFM,3L4PIM1GQUC96TERF0WUMLK81ZBRYO,0,Approved,Fri Apr 19 03:23:36 PDT 2019,Thu Apr 18 10:39:08 PDT 2019,Thu Apr 18 10:43:36 PDT 2019,Fri Apr 19 03:24:21 PDT 2019,,,,,[],4.399166666666667
0,furniture,dry,new,12,NA,chair,texture,0.05,both,age,Yes,5plus,both8,chinese,上海话,0,Male,20,ChineseChinese,,native,2,chinese,Windows,1080,1920,Chrome,3909MD9T2ZCBAEUYX2F49AIKZ48EFM,3KTAGXQO2Z1405RLY016A5OR2FWGKI,汉语语句 ,回答关于物体描述的问题,语言 研究 乐趣 认知科学 大学 汉语,$0.40,Wed Apr 17 09:53:59 PDT 2019,9,4,0,5,Assignable,NotReviewed,1 cond,1800,60000,Fri May 17 09:53:59 PDT 2019,https://requester.mturk.com/mturk/manageHIT?HITId=3909MD9T2ZCBAEUYX2F49AIKZ48EFM,3L4PIM1GQUC96TERF0WUMLK81ZBRYO,0,Approved,Fri Apr 19 03:23:36 PDT 2019,Thu Apr 18 10:39:08 PDT 2019,Thu Apr 18 10:43:36 PDT 2019,Fri Apr 19 03:24:21 PDT 2019,,,,,[],4.399166666666667
0,food,blue,plastic,13,NA,tomato,color,0.11,both,material,Yes,5plus,both8,chinese,上海话,0,Male,20,ChineseChinese,,native,2,chinese,Windows,1080,1920,Chrome,3909MD9T2ZCBAEUYX2F49AIKZ48EFM,3KTAGXQO2Z1405RLY016A5OR2FWGKI,汉语语句 ,回答关于物体描述的问题,语言 研究 乐趣 认知科学 大学 汉语,$0.40,Wed Apr 17 09:53:59 PDT 2019,9,4,0,5,Assignable,NotReviewed,1 cond,1800,60000,Fri May 17 09:53:59 PDT 2019,https://requester.mturk.com/mturk/manageHIT?HITId=3909MD9T2ZCBAEUYX2F49AIKZ48EFM,3L4PIM1GQUC96TERF0WUMLK81ZBRYO,0,Approved,Fri Apr 19 03:23:36 PDT 2019,Thu Apr 18 10:39:08 PDT 2019,Thu Apr 18 10:43:36 PDT 2019,Fri Apr 19 03:24:21 PDT 2019,,,,,[],4.399166666666667
0,furniture,green,heavy,14,NA,bed,color,0.03,both,size,Yes,5plus,both8,chinese,上海话,0,Male,20,ChineseChinese,,native,2,chinese,Windows,1080,1920,Chrome,3909MD9T2ZCBAEUYX2F49AIKZ48EFM,3KTAGXQO2Z1405RLY016A5OR2FWGKI,汉语语句 ,回答关于物体描述的问题,语言 研究 乐趣 认知科学 大学 汉语,$0.40,Wed Apr 17 09:53:59 PDT 2019,9,4,0,5,Assignable,NotReviewed,1 cond,1800,60000,Fri May 17 09:53:59 PDT 2019,https://requester.mturk.com/mturk/manageHIT?HITId=3909MD9T2ZCBAEUYX2F49AIKZ48EFM,3L4PIM1GQUC96TERF0WUMLK81ZBRYO,0,Approved,Fri Apr 19 03:23:36 PDT 2019,Thu Apr 18 10:39:08 PDT 2019,Thu Apr 18 10:43:36 PDT 2019,Fri Apr 19 03:24:21 PDT 2019,,,,,[],4.399166666666667
0,food,big,rotten,15,NA,tomato,size,0.1,both,age,Yes,5plus,both8,chinese,上海话,0,Male,20,ChineseChinese,,native,2,chinese,Windows,1080,1920,Chrome,3909MD9T2ZCBAEUYX2F49AIKZ48EFM,3KTAGXQO2Z1405RLY016A5OR2FWGKI,汉语语句 ,回答关于物体描述的问题,语言 研究 乐趣 认知科学 大学 汉语,$0.40,Wed Apr 17 09:53:59 PDT 2019,9,4,0,5,Assignable,NotReviewed,1 cond,1800,60000,Fri May 17 09:53:59 PDT 2019,https://requester.mturk.com/mturk/manageHIT?HITId=3909MD9T2ZCBAEUYX2F49AIKZ48EFM,3L4PIM1GQUC96TERF0WUMLK81ZBRYO,0,Approved,Fri Apr 19 03:23:36 PDT 2019,Thu Apr 18 10:39:08 PDT 2019,Thu Apr 18 10:43:36 PDT 2019,Fri Apr 19 03:24:21 PDT 2019,,,,,[],4.399166666666667
0,food,blue,hard,16,NA,tomato,color,0.85,both,texture,Yes,5plus,both8,chinese,上海话,0,Male,20,ChineseChinese,,native,2,chinese,Windows,1080,1920,Chrome,3909MD9T2ZCBAEUYX2F49AIKZ48EFM,3KTAGXQO2Z1405RLY016A5OR2FWGKI,汉语语句 ,回答关于物体描述的问题,语言 研究 乐趣 认知科学 大学 汉语,$0.40,Wed Apr 17 09:53:59 PDT 2019,9,4,0,5,Assignable,NotReviewed,1 cond,1800,60000,Fri May 17 09:53:59 PDT 2019,https://requester.mturk.com/mturk/manageHIT?HITId=3909MD9T2ZCBAEUYX2F49AIKZ48EFM,3L4PIM1GQUC96TERF0WUMLK81ZBRYO,0,Approved,Fri Apr 19 03:23:36 PDT 2019,Thu Apr 18 10:39:08 PDT 2019,Thu Apr 18 10:43:36 PDT 2019,Fri Apr 19 03:24:21 PDT 2019,,,,,[],4.399166666666667
0,furniture,good,short,17,NA,table,quality,0.15,both,size,Yes,5plus,both8,chinese,上海话,0,Male,20,ChineseChinese,,native,2,chinese,Windows,1080,1920,Chrome,3909MD9T2ZCBAEUYX2F49AIKZ48EFM,3KTAGXQO2Z1405RLY016A5OR2FWGKI,汉语语句 ,回答关于物体描述的问题,语言 研究 乐趣 认知科学 大学 汉语,$0.40,Wed Apr 17 09:53:59 PDT 2019,9,4,0,5,Assignable,NotReviewed,1 cond,1800,60000,Fri May 17 09:53:59 PDT 2019,https://requester.mturk.com/mturk/manageHIT?HITId=3909MD9T2ZCBAEUYX2F49AIKZ48EFM,3L4PIM1GQUC96TERF0WUMLK81ZBRYO,0,Approved,Fri Apr 19 03:23:36 PDT 2019,Thu Apr 18 10:39:08 PDT 2019,Thu Apr 18 10:43:36 PDT 2019,Fri Apr 19 03:24:21 PDT 2019,,,,,[],4.399166666666667
0,food,light,rotten,18,NA,apple,size,0.07,both,age,Yes,5plus,both8,chinese,上海话,0,Male,20,ChineseChinese,,native,2,chinese,Windows,1080,1920,Chrome,3909MD9T2ZCBAEUYX2F49AIKZ48EFM,3KTAGXQO2Z1405RLY016A5OR2FWGKI,汉语语句 ,回答关于物体描述的问题,语言 研究 乐趣 认知科学 大学 汉语,$0.40,Wed Apr 17 09:53:59 PDT 2019,9,4,0,5,Assignable,NotReviewed,1 cond,1800,60000,Fri May 17 09:53:59 PDT 2019,https://requester.mturk.com/mturk/manageHIT?HITId=3909MD9T2ZCBAEUYX2F49AIKZ48EFM,3L4PIM1GQUC96TERF0WUMLK81ZBRYO,0,Approved,Fri Apr 19 03:23:36 PDT 2019,Thu Apr 18 10:39:08 PDT 2019,Thu Apr 18 10:43:36 PDT 2019,Fri Apr 19 03:24:21 PDT 2019,,,,,[],4.399166666666667
0,furniture,metal,good,19,no,table,material,0.92,both,quality,Yes,5plus,both8,chinese,上海话,0,Male,20,ChineseChinese,,native,2,chinese,Windows,1080,1920,Chrome,3909MD9T2ZCBAEUYX2F49AIKZ48EFM,3KTAGXQO2Z1405RLY016A5OR2FWGKI,汉语语句 ,回答关于物体描述的问题,语言 研究 乐趣 认知科学 大学 汉语,$0.40,Wed Apr 17 09:53:59 PDT 2019,9,4,0,5,Assignable,NotReviewed,1 cond,1800,60000,Fri May 17 09:53:59 PDT 2019,https://requester.mturk.com/mturk/manageHIT?HITId=3909MD9T2ZCBAEUYX2F49AIKZ48EFM,3L4PIM1GQUC96TERF0WUMLK81ZBRYO,0,Approved,Fri Apr 19 03:23:36 PDT 2019,Thu Apr 18 10:39:08 PDT 2019,Thu Apr 18 10:43:36 PDT 2019,Fri Apr 19 03:24:21 PDT 2019,,,,,[],4.399166666666667
0,food,metal,heavy,20,NA,apple,material,0.94,both,size,Yes,5plus,both8,chinese,上海话,0,Male,20,ChineseChinese,,native,2,chinese,Windows,1080,1920,Chrome,3909MD9T2ZCBAEUYX2F49AIKZ48EFM,3KTAGXQO2Z1405RLY016A5OR2FWGKI,汉语语句 ,回答关于物体描述的问题,语言 研究 乐趣 认知科学 大学 汉语,$0.40,Wed Apr 17 09:53:59 PDT 2019,9,4,0,5,Assignable,NotReviewed,1 cond,1800,60000,Fri May 17 09:53:59 PDT 2019,https://requester.mturk.com/mturk/manageHIT?HITId=3909MD9T2ZCBAEUYX2F49AIKZ48EFM,3L4PIM1GQUC96TERF0WUMLK81ZBRYO,0,Approved,Fri Apr 19 03:23:36 PDT 2019,Thu Apr 18 10:39:08 PDT 2019,Thu Apr 18 10:43:36 PDT 2019,Fri Apr 19 03:24:21 PDT 2019,,,,,[],4.399166666666667
0,food,red,metal,21,NA,apple,color,0.07,both,material,Yes,5plus,both8,chinese,上海话,0,Male,20,ChineseChinese,,native,2,chinese,Windows,1080,1920,Chrome,3909MD9T2ZCBAEUYX2F49AIKZ48EFM,3KTAGXQO2Z1405RLY016A5OR2FWGKI,汉语语句 ,回答关于物体描述的问题,语言 研究 乐趣 认知科学 大学 汉语,$0.40,Wed Apr 17 09:53:59 PDT 2019,9,4,0,5,Assignable,NotReviewed,1 cond,1800,60000,Fri May 17 09:53:59 PDT 2019,https://requester.mturk.com/mturk/manageHIT?HITId=3909MD9T2ZCBAEUYX2F49AIKZ48EFM,3L4PIM1GQUC96TERF0WUMLK81ZBRYO,0,Approved,Fri Apr 19 03:23:36 PDT 2019,Thu Apr 18 10:39:08 PDT 2019,Thu Apr 18 10:43:36 PDT 2019,Fri Apr 19 03:24:21 PDT 2019,,,,,[],4.399166666666667
0,food,good,blue,22,NA,watermelon,quality,0.03,both,color,Yes,5plus,both8,chinese,上海话,0,Male,20,ChineseChinese,,native,2,chinese,Windows,1080,1920,Chrome,3909MD9T2ZCBAEUYX2F49AIKZ48EFM,3KTAGXQO2Z1405RLY016A5OR2FWGKI,汉语语句 ,回答关于物体描述的问题,语言 研究 乐趣 认知科学 大学 汉语,$0.40,Wed Apr 17 09:53:59 PDT 2019,9,4,0,5,Assignable,NotReviewed,1 cond,1800,60000,Fri May 17 09:53:59 PDT 2019,https://requester.mturk.com/mturk/manageHIT?HITId=3909MD9T2ZCBAEUYX2F49AIKZ48EFM,3L4PIM1GQUC96TERF0WUMLK81ZBRYO,0,Approved,Fri Apr 19 03:23:36 PDT 2019,Thu Apr 18 10:39:08 PDT 2019,Thu Apr 18 10:43:36 PDT 2019,Fri Apr 19 03:24:21 PDT 2019,,,,,[],4.399166666666667
0,food,brown,short,23,NA,cheese,color,0.94,both,size,Yes,5plus,both8,chinese,上海话,0,Male,20,ChineseChinese,,native,2,chinese,Windows,1080,1920,Chrome,3909MD9T2ZCBAEUYX2F49AIKZ48EFM,3KTAGXQO2Z1405RLY016A5OR2FWGKI,汉语语句 ,回答关于物体描述的问题,语言 研究 乐趣 认知科学 大学 汉语,$0.40,Wed Apr 17 09:53:59 PDT 2019,9,4,0,5,Assignable,NotReviewed,1 cond,1800,60000,Fri May 17 09:53:59 PDT 2019,https://requester.mturk.com/mturk/manageHIT?HITId=3909MD9T2ZCBAEUYX2F49AIKZ48EFM,3L4PIM1GQUC96TERF0WUMLK81ZBRYO,0,Approved,Fri Apr 19 03:23:36 PDT 2019,Thu Apr 18 10:39:08 PDT 2019,Thu Apr 18 10:43:36 PDT 2019,Fri Apr 19 03:24:21 PDT 2019,,,,,[],4.399166666666667
0,food,soft,blue,24,NA,cheese,texture,0.03,both,color,Yes,5plus,both8,chinese,上海话,0,Male,20,ChineseChinese,,native,2,chinese,Windows,1080,1920,Chrome,3909MD9T2ZCBAEUYX2F49AIKZ48EFM,3KTAGXQO2Z1405RLY016A5OR2FWGKI,汉语语句 ,回答关于物体描述的问题,语言 研究 乐趣 认知科学 大学 汉语,$0.40,Wed Apr 17 09:53:59 PDT 2019,9,4,0,5,Assignable,NotReviewed,1 cond,1800,60000,Fri May 17 09:53:59 PDT 2019,https://requester.mturk.com/mturk/manageHIT?HITId=3909MD9T2ZCBAEUYX2F49AIKZ48EFM,3L4PIM1GQUC96TERF0WUMLK81ZBRYO,0,Approved,Fri Apr 19 03:23:36 PDT 2019,Thu Apr 18 10:39:08 PDT 2019,Thu Apr 18 10:43:36 PDT 2019,Fri Apr 19 03:24:21 PDT 2019,,,,,[],4.399166666666667
0,furniture,soft,light,25,NA,table,texture,0.04,both,size,Yes,5plus,both8,chinese,上海话,0,Male,20,ChineseChinese,,native,2,chinese,Windows,1080,1920,Chrome,3909MD9T2ZCBAEUYX2F49AIKZ48EFM,3KTAGXQO2Z1405RLY016A5OR2FWGKI,汉语语句 ,回答关于物体描述的问题,语言 研究 乐趣 认知科学 大学 汉语,$0.40,Wed Apr 17 09:53:59 PDT 2019,9,4,0,5,Assignable,NotReviewed,1 cond,1800,60000,Fri May 17 09:53:59 PDT 2019,https://requester.mturk.com/mturk/manageHIT?HITId=3909MD9T2ZCBAEUYX2F49AIKZ48EFM,3L4PIM1GQUC96TERF0WUMLK81ZBRYO,0,Approved,Fri Apr 19 03:23:36 PDT 2019,Thu Apr 18 10:39:08 PDT 2019,Thu Apr 18 10:43:36 PDT 2019,Fri Apr 19 03:24:21 PDT 2019,,,,,[],4.399166666666667
0,furniture,big,old,26,NA,box,size,0.08,both,age,Yes,5plus,both8,chinese,上海话,0,Male,20,ChineseChinese,,native,2,chinese,Windows,1080,1920,Chrome,3909MD9T2ZCBAEUYX2F49AIKZ48EFM,3KTAGXQO2Z1405RLY016A5OR2FWGKI,汉语语句 ,回答关于物体描述的问题,语言 研究 乐趣 认知科学 大学 汉语,$0.40,Wed Apr 17 09:53:59 PDT 2019,9,4,0,5,Assignable,NotReviewed,1 cond,1800,60000,Fri May 17 09:53:59 PDT 2019,https://requester.mturk.com/mturk/manageHIT?HITId=3909MD9T2ZCBAEUYX2F49AIKZ48EFM,3L4PIM1GQUC96TERF0WUMLK81ZBRYO,0,Approved,Fri Apr 19 03:23:36 PDT 2019,Thu Apr 18 10:39:08 PDT 2019,Thu Apr 18 10:43:36 PDT 2019,Fri Apr 19 03:24:21 PDT 2019,,,,,[],4.399166666666667
0,food,red,long,27,NA,cheese,color,0.05,both,size,Yes,5plus,both8,chinese,上海话,0,Male,20,ChineseChinese,,native,2,chinese,Windows,1080,1920,Chrome,3909MD9T2ZCBAEUYX2F49AIKZ48EFM,3KTAGXQO2Z1405RLY016A5OR2FWGKI,汉语语句 ,回答关于物体描述的问题,语言 研究 乐趣 认知科学 大学 汉语,$0.40,Wed Apr 17 09:53:59 PDT 2019,9,4,0,5,Assignable,NotReviewed,1 cond,1800,60000,Fri May 17 09:53:59 PDT 2019,https://requester.mturk.com/mturk/manageHIT?HITId=3909MD9T2ZCBAEUYX2F49AIKZ48EFM,3L4PIM1GQUC96TERF0WUMLK81ZBRYO,0,Approved,Fri Apr 19 03:23:36 PDT 2019,Thu Apr 18 10:39:08 PDT 2019,Thu Apr 18 10:43:36 PDT 2019,Fri Apr 19 03:24:21 PDT 2019,,,,,[],4.399166666666667
0,furniture,new,purple,28,NA,table,age,0.03,both,color,Yes,5plus,both8,chinese,上海话,0,Male,20,ChineseChinese,,native,2,chinese,Windows,1080,1920,Chrome,3909MD9T2ZCBAEUYX2F49AIKZ48EFM,3KTAGXQO2Z1405RLY016A5OR2FWGKI,汉语语句 ,回答关于物体描述的问题,语言 研究 乐趣 认知科学 大学 汉语,$0.40,Wed Apr 17 09:53:59 PDT 2019,9,4,0,5,Assignable,NotReviewed,1 cond,1800,60000,Fri May 17 09:53:59 PDT 2019,https://requester.mturk.com/mturk/manageHIT?HITId=3909MD9T2ZCBAEUYX2F49AIKZ48EFM,3L4PIM1GQUC96TERF0WUMLK81ZBRYO,0,Approved,Fri Apr 19 03:23:36 PDT 2019,Thu Apr 18 10:39:08 PDT 2019,Thu Apr 18 10:43:36 PDT 2019,Fri Apr 19 03:24:21 PDT 2019,,,,,[],4.399166666666667
1,furniture,square,plastic,3,NA,couch,shape,0.06,both,material,Yes,never,never,english,English,1,Female,45,EnglishChinese,Good luck!,advanced,4,english,Windows,808,1438,Chrome,3909MD9T2ZCBAEUYX2F49AIKZ48EFM,3KTAGXQO2Z1405RLY016A5OR2FWGKI,汉语语句 ,回答关于物体描述的问题,语言 研究 乐趣 认知科学 大学 汉语,$0.40,Wed Apr 17 09:53:59 PDT 2019,9,4,0,5,Assignable,NotReviewed,1 cond,1800,60000,Fri May 17 09:53:59 PDT 2019,https://requester.mturk.com/mturk/manageHIT?HITId=3909MD9T2ZCBAEUYX2F49AIKZ48EFM,3X4MXAO0BHK5HOJR0ZE61OZSQ7OWR3,1,Approved,Sun Apr 21 08:30:32 PDT 2019,Sat Apr 20 15:39:46 PDT 2019,Sat Apr 20 15:50:32 PDT 2019,Sun Apr 21 08:31:21 PDT 2019,,,,,[],9.66825
1,furniture,dry,purple,4,no,table,texture,NA,both,color,Yes,never,never,english,English,1,Female,45,EnglishChinese,Good luck!,advanced,4,english,Windows,808,1438,Chrome,3909MD9T2ZCBAEUYX2F49AIKZ48EFM,3KTAGXQO2Z1405RLY016A5OR2FWGKI,汉语语句 ,回答关于物体描述的问题,语言 研究 乐趣 认知科学 大学 汉语,$0.40,Wed Apr 17 09:53:59 PDT 2019,9,4,0,5,Assignable,NotReviewed,1 cond,1800,60000,Fri May 17 09:53:59 PDT 2019,https://requester.mturk.com/mturk/manageHIT?HITId=3909MD9T2ZCBAEUYX2F49AIKZ48EFM,3X4MXAO0BHK5HOJR0ZE61OZSQ7OWR3,1,Approved,Sun Apr 21 08:30:32 PDT 2019,Sat Apr 20 15:39:46 PDT 2019,Sat Apr 20 15:50:32 PDT 2019,Sun Apr 21 08:31:21 PDT 2019,,,,,[],9.66825
1,furniture,fresh,round,5,no,box,age,NA,both,shape,Yes,never,never,english,English,1,Female,45,EnglishChinese,Good luck!,advanced,4,english,Windows,808,1438,Chrome,3909MD9T2ZCBAEUYX2F49AIKZ48EFM,3KTAGXQO2Z1405RLY016A5OR2FWGKI,汉语语句 ,回答关于物体描述的问题,语言 研究 乐趣 认知科学 大学 汉语,$0.40,Wed Apr 17 09:53:59 PDT 2019,9,4,0,5,Assignable,NotReviewed,1 cond,1800,60000,Fri May 17 09:53:59 PDT 2019,https://requester.mturk.com/mturk/manageHIT?HITId=3909MD9T2ZCBAEUYX2F49AIKZ48EFM,3X4MXAO0BHK5HOJR0ZE61OZSQ7OWR3,1,Approved,Sun Apr 21 08:30:32 PDT 2019,Sat Apr 20 15:39:46 PDT 2019,Sat Apr 20 15:50:32 PDT 2019,Sun Apr 21 08:31:21 PDT 2019,,,,,[],9.66825
1,furniture,good,rotten,6,no,couch,quality,NA,both,age,Yes,never,never,english,English,1,Female,45,EnglishChinese,Good luck!,advanced,4,english,Windows,808,1438,Chrome,3909MD9T2ZCBAEUYX2F49AIKZ48EFM,3KTAGXQO2Z1405RLY016A5OR2FWGKI,汉语语句 ,回答关于物体描述的问题,语言 研究 乐趣 认知科学 大学 汉语,$0.40,Wed Apr 17 09:53:59 PDT 2019,9,4,0,5,Assignable,NotReviewed,1 cond,1800,60000,Fri May 17 09:53:59 PDT 2019,https://requester.mturk.com/mturk/manageHIT?HITId=3909MD9T2ZCBAEUYX2F49AIKZ48EFM,3X4MXAO0BHK5HOJR0ZE61OZSQ7OWR3,1,Approved,Sun Apr 21 08:30:32 PDT 2019,Sat Apr 20 15:39:46 PDT 2019,Sat Apr 20 15:50:32 PDT 2019,Sun Apr 21 08:31:21 PDT 2019,,,,,[],9.66825
1,furniture,long,purple,7,no,table,size,NA,both,color,Yes,never,never,english,English,1,Female,45,EnglishChinese,Good luck!,advanced,4,english,Windows,808,1438,Chrome,3909MD9T2ZCBAEUYX2F49AIKZ48EFM,3KTAGXQO2Z1405RLY016A5OR2FWGKI,汉语语句 ,回答关于物体描述的问题,语言 研究 乐趣 认知科学 大学 汉语,$0.40,Wed Apr 17 09:53:59 PDT 2019,9,4,0,5,Assignable,NotReviewed,1 cond,1800,60000,Fri May 17 09:53:59 PDT 2019,https://requester.mturk.com/mturk/manageHIT?HITId=3909MD9T2ZCBAEUYX2F49AIKZ48EFM,3X4MXAO0BHK5HOJR0ZE61OZSQ7OWR3,1,Approved,Sun Apr 21 08:30:32 PDT 2019,Sat Apr 20 15:39:46 PDT 2019,Sat Apr 20 15:50:32 PDT 2019,Sun Apr 21 08:31:21 PDT 2019,,,,,[],9.66825
1,food,round,hard,8,NA,cheese,shape,0.03,both,texture,Yes,never,never,english,English,1,Female,45,EnglishChinese,Good luck!,advanced,4,english,Windows,808,1438,Chrome,3909MD9T2ZCBAEUYX2F49AIKZ48EFM,3KTAGXQO2Z1405RLY016A5OR2FWGKI,汉语语句 ,回答关于物体描述的问题,语言 研究 乐趣 认知科学 大学 汉语,$0.40,Wed Apr 17 09:53:59 PDT 2019,9,4,0,5,Assignable,NotReviewed,1 cond,1800,60000,Fri May 17 09:53:59 PDT 2019,https://requester.mturk.com/mturk/manageHIT?HITId=3909MD9T2ZCBAEUYX2F49AIKZ48EFM,3X4MXAO0BHK5HOJR0ZE61OZSQ7OWR3,1,Approved,Sun Apr 21 08:30:32 PDT 2019,Sat Apr 20 15:39:46 PDT 2019,Sat Apr 20 15:50:32 PDT 2019,Sun Apr 21 08:31:21 PDT 2019,,,,,[],9.66825
1,food,plastic,short,9,NA,cheese,material,0.94,both,size,Yes,never,never,english,English,1,Female,45,EnglishChinese,Good luck!,advanced,4,english,Windows,808,1438,Chrome,3909MD9T2ZCBAEUYX2F49AIKZ48EFM,3KTAGXQO2Z1405RLY016A5OR2FWGKI,汉语语句 ,回答关于物体描述的问题,语言 研究 乐趣 认知科学 大学 汉语,$0.40,Wed Apr 17 09:53:59 PDT 2019,9,4,0,5,Assignable,NotReviewed,1 cond,1800,60000,Fri May 17 09:53:59 PDT 2019,https://requester.mturk.com/mturk/manageHIT?HITId=3909MD9T2ZCBAEUYX2F49AIKZ48EFM,3X4MXAO0BHK5HOJR0ZE61OZSQ7OWR3,1,Approved,Sun Apr 21 08:30:32 PDT 2019,Sat Apr 20 15:39:46 PDT 2019,Sat Apr 20 15:50:32 PDT 2019,Sun Apr 21 08:31:21 PDT 2019,,,,,[],9.66825
1,food,long,round,10,no,watermelon,size,NA,both,shape,Yes,never,never,english,English,1,Female,45,EnglishChinese,Good luck!,advanced,4,english,Windows,808,1438,Chrome,3909MD9T2ZCBAEUYX2F49AIKZ48EFM,3KTAGXQO2Z1405RLY016A5OR2FWGKI,汉语语句 ,回答关于物体描述的问题,语言 研究 乐趣 认知科学 大学 汉语,$0.40,Wed Apr 17 09:53:59 PDT 2019,9,4,0,5,Assignable,NotReviewed,1 cond,1800,60000,Fri May 17 09:53:59 PDT 2019,https://requester.mturk.com/mturk/manageHIT?HITId=3909MD9T2ZCBAEUYX2F49AIKZ48EFM,3X4MXAO0BHK5HOJR0ZE61OZSQ7OWR3,1,Approved,Sun Apr 21 08:30:32 PDT 2019,Sat Apr 20 15:39:46 PDT 2019,Sat Apr 20 15:50:32 PDT 2019,Sun Apr 21 08:31:21 PDT 2019,,,,,[],9.66825
1,food,red,heavy,11,no,potato,color,NA,both,size,Yes,never,never,english,English,1,Female,45,EnglishChinese,Good luck!,advanced,4,english,Windows,808,1438,Chrome,3909MD9T2ZCBAEUYX2F49AIKZ48EFM,3KTAGXQO2Z1405RLY016A5OR2FWGKI,汉语语句 ,回答关于物体描述的问题,语言 研究 乐趣 认知科学 大学 汉语,$0.40,Wed Apr 17 09:53:59 PDT 2019,9,4,0,5,Assignable,NotReviewed,1 cond,1800,60000,Fri May 17 09:53:59 PDT 2019,https://requester.mturk.com/mturk/manageHIT?HITId=3909MD9T2ZCBAEUYX2F49AIKZ48EFM,3X4MXAO0BHK5HOJR0ZE61OZSQ7OWR3,1,Approved,Sun Apr 21 08:30:32 PDT 2019,Sat Apr 20 15:39:46 PDT 2019,Sat Apr 20 15:50:32 PDT 2019,Sun Apr 21 08:31:21 PDT 2019,,,,,[],9.66825
1,food,plastic,hard,12,no,potato,material,NA,both,texture,Yes,never,never,english,English,1,Female,45,EnglishChinese,Good luck!,advanced,4,english,Windows,808,1438,Chrome,3909MD9T2ZCBAEUYX2F49AIKZ48EFM,3KTAGXQO2Z1405RLY016A5OR2FWGKI,汉语语句 ,回答关于物体描述的问题,语言 研究 乐趣 认知科学 大学 汉语,$0.40,Wed Apr 17 09:53:59 PDT 2019,9,4,0,5,Assignable,NotReviewed,1 cond,1800,60000,Fri May 17 09:53:59 PDT 2019,https://requester.mturk.com/mturk/manageHIT?HITId=3909MD9T2ZCBAEUYX2F49AIKZ48EFM,3X4MXAO0BHK5HOJR0ZE61OZSQ7OWR3,1,Approved,Sun Apr 21 08:30:32 PDT 2019,Sat Apr 20 15:39:46 PDT 2019,Sat Apr 20 15:50:32 PDT 2019,Sun Apr 21 08:31:21 PDT 2019,,,,,[],9.66825
1,food,square,rotten,13,no,tomato,shape,NA,both,age,Yes,never,never,english,English,1,Female,45,EnglishChinese,Good luck!,advanced,4,english,Windows,808,1438,Chrome,3909MD9T2ZCBAEUYX2F49AIKZ48EFM,3KTAGXQO2Z1405RLY016A5OR2FWGKI,汉语语句 ,回答关于物体描述的问题,语言 研究 乐趣 认知科学 大学 汉语,$0.40,Wed Apr 17 09:53:59 PDT 2019,9,4,0,5,Assignable,NotReviewed,1 cond,1800,60000,Fri May 17 09:53:59 PDT 2019,https://requester.mturk.com/mturk/manageHIT?HITId=3909MD9T2ZCBAEUYX2F49AIKZ48EFM,3X4MXAO0BHK5HOJR0ZE61OZSQ7OWR3,1,Approved,Sun Apr 21 08:30:32 PDT 2019,Sat Apr 20 15:39:46 PDT 2019,Sat Apr 20 15:50:32 PDT 2019,Sun Apr 21 08:31:21 PDT 2019,,,,,[],9.66825
1,food,old,brown,14,no,potato,age,NA,both,color,Yes,never,never,english,English,1,Female,45,EnglishChinese,Good luck!,advanced,4,english,Windows,808,1438,Chrome,3909MD9T2ZCBAEUYX2F49AIKZ48EFM,3KTAGXQO2Z1405RLY016A5OR2FWGKI,汉语语句 ,回答关于物体描述的问题,语言 研究 乐趣 认知科学 大学 汉语,$0.40,Wed Apr 17 09:53:59 PDT 2019,9,4,0,5,Assignable,NotReviewed,1 cond,1800,60000,Fri May 17 09:53:59 PDT 2019,https://requester.mturk.com/mturk/manageHIT?HITId=3909MD9T2ZCBAEUYX2F49AIKZ48EFM,3X4MXAO0BHK5HOJR0ZE61OZSQ7OWR3,1,Approved,Sun Apr 21 08:30:32 PDT 2019,Sat Apr 20 15:39:46 PDT 2019,Sat Apr 20 15:50:32 PDT 2019,Sun Apr 21 08:31:21 PDT 2019,,,,,[],9.66825
1,food,big,dry,15,NA,tomato,size,0,both,texture,Yes,never,never,english,English,1,Female,45,EnglishChinese,Good luck!,advanced,4,english,Windows,808,1438,Chrome,3909MD9T2ZCBAEUYX2F49AIKZ48EFM,3KTAGXQO2Z1405RLY016A5OR2FWGKI,汉语语句 ,回答关于物体描述的问题,语言 研究 乐趣 认知科学 大学 汉语,$0.40,Wed Apr 17 09:53:59 PDT 2019,9,4,0,5,Assignable,NotReviewed,1 cond,1800,60000,Fri May 17 09:53:59 PDT 2019,https://requester.mturk.com/mturk/manageHIT?HITId=3909MD9T2ZCBAEUYX2F49AIKZ48EFM,3X4MXAO0BHK5HOJR0ZE61OZSQ7OWR3,1,Approved,Sun Apr 21 08:30:32 PDT 2019,Sat Apr 20 15:39:46 PDT 2019,Sat Apr 20 15:50:32 PDT 2019,Sun Apr 21 08:31:21 PDT 2019,,,,,[],9.66825
1,furniture,good,light,16,no,bed,quality,NA,both,size,Yes,never,never,english,English,1,Female,45,EnglishChinese,Good luck!,advanced,4,english,Windows,808,1438,Chrome,3909MD9T2ZCBAEUYX2F49AIKZ48EFM,3KTAGXQO2Z1405RLY016A5OR2FWGKI,汉语语句 ,回答关于物体描述的问题,语言 研究 乐趣 认知科学 大学 汉语,$0.40,Wed Apr 17 09:53:59 PDT 2019,9,4,0,5,Assignable,NotReviewed,1 cond,1800,60000,Fri May 17 09:53:59 PDT 2019,https://requester.mturk.com/mturk/manageHIT?HITId=3909MD9T2ZCBAEUYX2F49AIKZ48EFM,3X4MXAO0BHK5HOJR0ZE61OZSQ7OWR3,1,Approved,Sun Apr 21 08:30:32 PDT 2019,Sat Apr 20 15:39:46 PDT 2019,Sat Apr 20 15:50:32 PDT 2019,Sun Apr 21 08:31:21 PDT 2019,,,,,[],9.66825
1,furniture,dry,yellow,17,NA,table,texture,0.08,both,color,Yes,never,never,english,English,1,Female,45,EnglishChinese,Good luck!,advanced,4,english,Windows,808,1438,Chrome,3909MD9T2ZCBAEUYX2F49AIKZ48EFM,3KTAGXQO2Z1405RLY016A5OR2FWGKI,汉语语句 ,回答关于物体描述的问题,语言 研究 乐趣 认知科学 大学 汉语,$0.40,Wed Apr 17 09:53:59 PDT 2019,9,4,0,5,Assignable,NotReviewed,1 cond,1800,60000,Fri May 17 09:53:59 PDT 2019,https://requester.mturk.com/mturk/manageHIT?HITId=3909MD9T2ZCBAEUYX2F49AIKZ48EFM,3X4MXAO0BHK5HOJR0ZE61OZSQ7OWR3,1,Approved,Sun Apr 21 08:30:32 PDT 2019,Sat Apr 20 15:39:46 PDT 2019,Sat Apr 20 15:50:32 PDT 2019,Sun Apr 21 08:31:21 PDT 2019,,,,,[],9.66825
1,furniture,fresh,big,18,no,chair,age,NA,both,size,Yes,never,never,english,English,1,Female,45,EnglishChinese,Good luck!,advanced,4,english,Windows,808,1438,Chrome,3909MD9T2ZCBAEUYX2F49AIKZ48EFM,3KTAGXQO2Z1405RLY016A5OR2FWGKI,汉语语句 ,回答关于物体描述的问题,语言 研究 乐趣 认知科学 大学 汉语,$0.40,Wed Apr 17 09:53:59 PDT 2019,9,4,0,5,Assignable,NotReviewed,1 cond,1800,60000,Fri May 17 09:53:59 PDT 2019,https://requester.mturk.com/mturk/manageHIT?HITId=3909MD9T2ZCBAEUYX2F49AIKZ48EFM,3X4MXAO0BHK5HOJR0ZE61OZSQ7OWR3,1,Approved,Sun Apr 21 08:30:32 PDT 2019,Sat Apr 20 15:39:46 PDT 2019,Sat Apr 20 15:50:32 PDT 2019,Sun Apr 21 08:31:21 PDT 2019,,,,,[],9.66825
1,food,green,hard,19,NA,apple,color,0.01,both,texture,Yes,never,never,english,English,1,Female,45,EnglishChinese,Good luck!,advanced,4,english,Windows,808,1438,Chrome,3909MD9T2ZCBAEUYX2F49AIKZ48EFM,3KTAGXQO2Z1405RLY016A5OR2FWGKI,汉语语句 ,回答关于物体描述的问题,语言 研究 乐趣 认知科学 大学 汉语,$0.40,Wed Apr 17 09:53:59 PDT 2019,9,4,0,5,Assignable,NotReviewed,1 cond,1800,60000,Fri May 17 09:53:59 PDT 2019,https://requester.mturk.com/mturk/manageHIT?HITId=3909MD9T2ZCBAEUYX2F49AIKZ48EFM,3X4MXAO0BHK5HOJR0ZE61OZSQ7OWR3,1,Approved,Sun Apr 21 08:30:32 PDT 2019,Sat Apr 20 15:39:46 PDT 2019,Sat Apr 20 15:50:32 PDT 2019,Sun Apr 21 08:31:21 PDT 2019,,,,,[],9.66825
1,food,red,round,20,NA,cheese,color,0.5,both,shape,Yes,never,never,english,English,1,Female,45,EnglishChinese,Good luck!,advanced,4,english,Windows,808,1438,Chrome,3909MD9T2ZCBAEUYX2F49AIKZ48EFM,3KTAGXQO2Z1405RLY016A5OR2FWGKI,汉语语句 ,回答关于物体描述的问题,语言 研究 乐趣 认知科学 大学 汉语,$0.40,Wed Apr 17 09:53:59 PDT 2019,9,4,0,5,Assignable,NotReviewed,1 cond,1800,60000,Fri May 17 09:53:59 PDT 2019,https://requester.mturk.com/mturk/manageHIT?HITId=3909MD9T2ZCBAEUYX2F49AIKZ48EFM,3X4MXAO0BHK5HOJR0ZE61OZSQ7OWR3,1,Approved,Sun Apr 21 08:30:32 PDT 2019,Sat Apr 20 15:39:46 PDT 2019,Sat Apr 20 15:50:32 PDT 2019,Sun Apr 21 08:31:21 PDT 2019,,,,,[],9.66825
1,food,green,long,21,no,tomato,color,NA,both,size,Yes,never,never,english,English,1,Female,45,EnglishChinese,Good luck!,advanced,4,english,Windows,808,1438,Chrome,3909MD9T2ZCBAEUYX2F49AIKZ48EFM,3KTAGXQO2Z1405RLY016A5OR2FWGKI,汉语语句 ,回答关于物体描述的问题,语言 研究 乐趣 认知科学 大学 汉语,$0.40,Wed Apr 17 09:53:59 PDT 2019,9,4,0,5,Assignable,NotReviewed,1 cond,1800,60000,Fri May 17 09:53:59 PDT 2019,https://requester.mturk.com/mturk/manageHIT?HITId=3909MD9T2ZCBAEUYX2F49AIKZ48EFM,3X4MXAO0BHK5HOJR0ZE61OZSQ7OWR3,1,Approved,Sun Apr 21 08:30:32 PDT 2019,Sat Apr 20 15:39:46 PDT 2019,Sat Apr 20 15:50:32 PDT 2019,Sun Apr 21 08:31:21 PDT 2019,,,,,[],9.66825
1,food,new,red,22,NA,apple,age,0.05,both,color,Yes,never,never,english,English,1,Female,45,EnglishChinese,Good luck!,advanced,4,english,Windows,808,1438,Chrome,3909MD9T2ZCBAEUYX2F49AIKZ48EFM,3KTAGXQO2Z1405RLY016A5OR2FWGKI,汉语语句 ,回答关于物体描述的问题,语言 研究 乐趣 认知科学 大学 汉语,$0.40,Wed Apr 17 09:53:59 PDT 2019,9,4,0,5,Assignable,NotReviewed,1 cond,1800,60000,Fri May 17 09:53:59 PDT 2019,https://requester.mturk.com/mturk/manageHIT?HITId=3909MD9T2ZCBAEUYX2F49AIKZ48EFM,3X4MXAO0BHK5HOJR0ZE61OZSQ7OWR3,1,Approved,Sun Apr 21 08:30:32 PDT 2019,Sat Apr 20 15:39:46 PDT 2019,Sat Apr 20 15:50:32 PDT 2019,Sun Apr 21 08:31:21 PDT 2019,,,,,[],9.66825
1,food,soft,yellow,23,NA,apple,texture,0.04,both,color,Yes,never,never,english,English,1,Female,45,EnglishChinese,Good luck!,advanced,4,english,Windows,808,1438,Chrome,3909MD9T2ZCBAEUYX2F49AIKZ48EFM,3KTAGXQO2Z1405RLY016A5OR2FWGKI,汉语语句 ,回答关于物体描述的问题,语言 研究 乐趣 认知科学 大学 汉语,$0.40,Wed Apr 17 09:53:59 PDT 2019,9,4,0,5,Assignable,NotReviewed,1 cond,1800,60000,Fri May 17 09:53:59 PDT 2019,https://requester.mturk.com/mturk/manageHIT?HITId=3909MD9T2ZCBAEUYX2F49AIKZ48EFM,3X4MXAO0BHK5HOJR0ZE61OZSQ7OWR3,1,Approved,Sun Apr 21 08:30:32 PDT 2019,Sat Apr 20 15:39:46 PDT 2019,Sat Apr 20 15:50:32 PDT 2019,Sun Apr 21 08:31:21 PDT 2019,,,,,[],9.66825
1,furniture,metal,purple,24,NA,bed,material,0.99,both,color,Yes,never,never,english,English,1,Female,45,EnglishChinese,Good luck!,advanced,4,english,Windows,808,1438,Chrome,3909MD9T2ZCBAEUYX2F49AIKZ48EFM,3KTAGXQO2Z1405RLY016A5OR2FWGKI,汉语语句 ,回答关于物体描述的问题,语言 研究 乐趣 认知科学 大学 汉语,$0.40,Wed Apr 17 09:53:59 PDT 2019,9,4,0,5,Assignable,NotReviewed,1 cond,1800,60000,Fri May 17 09:53:59 PDT 2019,https://requester.mturk.com/mturk/manageHIT?HITId=3909MD9T2ZCBAEUYX2F49AIKZ48EFM,3X4MXAO0BHK5HOJR0ZE61OZSQ7OWR3,1,Approved,Sun Apr 21 08:30:32 PDT 2019,Sat Apr 20 15:39:46 PDT 2019,Sat Apr 20 15:50:32 PDT 2019,Sun Apr 21 08:31:21 PDT 2019,,,,,[],9.66825
1,food,blue,long,25,no,tomato,color,NA,both,size,Yes,never,never,english,English,1,Female,45,EnglishChinese,Good luck!,advanced,4,english,Windows,808,1438,Chrome,3909MD9T2ZCBAEUYX2F49AIKZ48EFM,3KTAGXQO2Z1405RLY016A5OR2FWGKI,汉语语句 ,回答关于物体描述的问题,语言 研究 乐趣 认知科学 大学 汉语,$0.40,Wed Apr 17 09:53:59 PDT 2019,9,4,0,5,Assignable,NotReviewed,1 cond,1800,60000,Fri May 17 09:53:59 PDT 2019,https://requester.mturk.com/mturk/manageHIT?HITId=3909MD9T2ZCBAEUYX2F49AIKZ48EFM,3X4MXAO0BHK5HOJR0ZE61OZSQ7OWR3,1,Approved,Sun Apr 21 08:30:32 PDT 2019,Sat Apr 20 15:39:46 PDT 2019,Sat Apr 20 15:50:32 PDT 2019,Sun Apr 21 08:31:21 PDT 2019,,,,,[],9.66825
1,food,brown,old,26,no,watermelon,color,NA,both,age,Yes,never,never,english,English,1,Female,45,EnglishChinese,Good luck!,advanced,4,english,Windows,808,1438,Chrome,3909MD9T2ZCBAEUYX2F49AIKZ48EFM,3KTAGXQO2Z1405RLY016A5OR2FWGKI,汉语语句 ,回答关于物体描述的问题,语言 研究 乐趣 认知科学 大学 汉语,$0.40,Wed Apr 17 09:53:59 PDT 2019,9,4,0,5,Assignable,NotReviewed,1 cond,1800,60000,Fri May 17 09:53:59 PDT 2019,https://requester.mturk.com/mturk/manageHIT?HITId=3909MD9T2ZCBAEUYX2F49AIKZ48EFM,3X4MXAO0BHK5HOJR0ZE61OZSQ7OWR3,1,Approved,Sun Apr 21 08:30:32 PDT 2019,Sat Apr 20 15:39:46 PDT 2019,Sat Apr 20 15:50:32 PDT 2019,Sun Apr 21 08:31:21 PDT 2019,,,,,[],9.66825
1,furniture,round,light,27,no,couch,shape,NA,both,size,Yes,never,never,english,English,1,Female,45,EnglishChinese,Good luck!,advanced,4,english,Windows,808,1438,Chrome,3909MD9T2ZCBAEUYX2F49AIKZ48EFM,3KTAGXQO2Z1405RLY016A5OR2FWGKI,汉语语句 ,回答关于物体描述的问题,语言 研究 乐趣 认知科学 大学 汉语,$0.40,Wed Apr 17 09:53:59 PDT 2019,9,4,0,5,Assignable,NotReviewed,1 cond,1800,60000,Fri May 17 09:53:59 PDT 2019,https://requester.mturk.com/mturk/manageHIT?HITId=3909MD9T2ZCBAEUYX2F49AIKZ48EFM,3X4MXAO0BHK5HOJR0ZE61OZSQ7OWR3,1,Approved,Sun Apr 21 08:30:32 PDT 2019,Sat Apr 20 15:39:46 PDT 2019,Sat Apr 20 15:50:32 PDT 2019,Sun Apr 21 08:31:21 PDT 2019,,,,,[],9.66825
1,furniture,heavy,yellow,28,NA,chair,size,0.07,both,color,Yes,never,never,english,English,1,Female,45,EnglishChinese,Good luck!,advanced,4,english,Windows,808,1438,Chrome,3909MD9T2ZCBAEUYX2F49AIKZ48EFM,3KTAGXQO2Z1405RLY016A5OR2FWGKI,汉语语句 ,回答关于物体描述的问题,语言 研究 乐趣 认知科学 大学 汉语,$0.40,Wed Apr 17 09:53:59 PDT 2019,9,4,0,5,Assignable,NotReviewed,1 cond,1800,60000,Fri May 17 09:53:59 PDT 2019,https://requester.mturk.com/mturk/manageHIT?HITId=3909MD9T2ZCBAEUYX2F49AIKZ48EFM,3X4MXAO0BHK5HOJR0ZE61OZSQ7OWR3,1,Approved,Sun Apr 21 08:30:32 PDT 2019,Sat Apr 20 15:39:46 PDT 2019,Sat Apr 20 15:50:32 PDT 2019,Sun Apr 21 08:31:21 PDT 2019,,,,,[],9.66825
2,food,plastic,square,3,NA,cheese,material,0.32,both,shape,Yes,5plus,both8,chinese,中文,2,Female,25,ChineseChinese,,native,4,chinese,Mac,900,1440,Chrome,3909MD9T2ZCBAEUYX2F49AIKZ48EFM,3KTAGXQO2Z1405RLY016A5OR2FWGKI,汉语语句 ,回答关于物体描述的问题,语言 研究 乐趣 认知科学 大学 汉语,$0.40,Wed Apr 17 09:53:59 PDT 2019,9,4,0,5,Assignable,NotReviewed,1 cond,1800,60000,Fri May 17 09:53:59 PDT 2019,https://requester.mturk.com/mturk/manageHIT?HITId=3909MD9T2ZCBAEUYX2F49AIKZ48EFM,3R8YZBNQ9IEQF83QFCHU4IQ61UJ7QH,2,Approved,Sun Apr 21 09:04:13 PDT 2019,Sat Apr 20 16:19:01 PDT 2019,Sat Apr 20 16:24:13 PDT 2019,Sun Apr 21 09:04:23 PDT 2019,,,,,[],5.155866666666666
2,furniture,good,brown,4,NA,bed,quality,0.12,both,color,Yes,5plus,both8,chinese,中文,2,Female,25,ChineseChinese,,native,4,chinese,Mac,900,1440,Chrome,3909MD9T2ZCBAEUYX2F49AIKZ48EFM,3KTAGXQO2Z1405RLY016A5OR2FWGKI,汉语语句 ,回答关于物体描述的问题,语言 研究 乐趣 认知科学 大学 汉语,$0.40,Wed Apr 17 09:53:59 PDT 2019,9,4,0,5,Assignable,NotReviewed,1 cond,1800,60000,Fri May 17 09:53:59 PDT 2019,https://requester.mturk.com/mturk/manageHIT?HITId=3909MD9T2ZCBAEUYX2F49AIKZ48EFM,3R8YZBNQ9IEQF83QFCHU4IQ61UJ7QH,2,Approved,Sun Apr 21 09:04:13 PDT 2019,Sat Apr 20 16:19:01 PDT 2019,Sat Apr 20 16:24:13 PDT 2019,Sun Apr 21 09:04:23 PDT 2019,,,,,[],5.155866666666666
2,food,dry,metal,5,no,watermelon,texture,NA,both,material,Yes,5plus,both8,chinese,中文,2,Female,25,ChineseChinese,,native,4,chinese,Mac,900,1440,Chrome,3909MD9T2ZCBAEUYX2F49AIKZ48EFM,3KTAGXQO2Z1405RLY016A5OR2FWGKI,汉语语句 ,回答关于物体描述的问题,语言 研究 乐趣 认知科学 大学 汉语,$0.40,Wed Apr 17 09:53:59 PDT 2019,9,4,0,5,Assignable,NotReviewed,1 cond,1800,60000,Fri May 17 09:53:59 PDT 2019,https://requester.mturk.com/mturk/manageHIT?HITId=3909MD9T2ZCBAEUYX2F49AIKZ48EFM,3R8YZBNQ9IEQF83QFCHU4IQ61UJ7QH,2,Approved,Sun Apr 21 09:04:13 PDT 2019,Sat Apr 20 16:19:01 PDT 2019,Sat Apr 20 16:24:13 PDT 2019,Sun Apr 21 09:04:23 PDT 2019,,,,,[],5.155866666666666
2,furniture,round,wooden,6,NA,table,shape,0.9,both,material,Yes,5plus,both8,chinese,中文,2,Female,25,ChineseChinese,,native,4,chinese,Mac,900,1440,Chrome,3909MD9T2ZCBAEUYX2F49AIKZ48EFM,3KTAGXQO2Z1405RLY016A5OR2FWGKI,汉语语句 ,回答关于物体描述的问题,语言 研究 乐趣 认知科学 大学 汉语,$0.40,Wed Apr 17 09:53:59 PDT 2019,9,4,0,5,Assignable,NotReviewed,1 cond,1800,60000,Fri May 17 09:53:59 PDT 2019,https://requester.mturk.com/mturk/manageHIT?HITId=3909MD9T2ZCBAEUYX2F49AIKZ48EFM,3R8YZBNQ9IEQF83QFCHU4IQ61UJ7QH,2,Approved,Sun Apr 21 09:04:13 PDT 2019,Sat Apr 20 16:19:01 PDT 2019,Sat Apr 20 16:24:13 PDT 2019,Sun Apr 21 09:04:23 PDT 2019,,,,,[],5.155866666666666
2,furniture,old,green,7,NA,chair,age,0.13,both,color,Yes,5plus,both8,chinese,中文,2,Female,25,ChineseChinese,,native,4,chinese,Mac,900,1440,Chrome,3909MD9T2ZCBAEUYX2F49AIKZ48EFM,3KTAGXQO2Z1405RLY016A5OR2FWGKI,汉语语句 ,回答关于物体描述的问题,语言 研究 乐趣 认知科学 大学 汉语,$0.40,Wed Apr 17 09:53:59 PDT 2019,9,4,0,5,Assignable,NotReviewed,1 cond,1800,60000,Fri May 17 09:53:59 PDT 2019,https://requester.mturk.com/mturk/manageHIT?HITId=3909MD9T2ZCBAEUYX2F49AIKZ48EFM,3R8YZBNQ9IEQF83QFCHU4IQ61UJ7QH,2,Approved,Sun Apr 21 09:04:13 PDT 2019,Sat Apr 20 16:19:01 PDT 2019,Sat Apr 20 16:24:13 PDT 2019,Sun Apr 21 09:04:23 PDT 2019,,,,,[],5.155866666666666
2,furniture,wooden,small,8,NA,box,material,0.1,both,size,Yes,5plus,both8,chinese,中文,2,Female,25,ChineseChinese,,native,4,chinese,Mac,900,1440,Chrome,3909MD9T2ZCBAEUYX2F49AIKZ48EFM,3KTAGXQO2Z1405RLY016A5OR2FWGKI,汉语语句 ,回答关于物体描述的问题,语言 研究 乐趣 认知科学 大学 汉语,$0.40,Wed Apr 17 09:53:59 PDT 2019,9,4,0,5,Assignable,NotReviewed,1 cond,1800,60000,Fri May 17 09:53:59 PDT 2019,https://requester.mturk.com/mturk/manageHIT?HITId=3909MD9T2ZCBAEUYX2F49AIKZ48EFM,3R8YZBNQ9IEQF83QFCHU4IQ61UJ7QH,2,Approved,Sun Apr 21 09:04:13 PDT 2019,Sat Apr 20 16:19:01 PDT 2019,Sat Apr 20 16:24:13 PDT 2019,Sun Apr 21 09:04:23 PDT 2019,,,,,[],5.155866666666666
2,food,new,green,9,NA,potato,age,0.13,both,color,Yes,5plus,both8,chinese,中文,2,Female,25,ChineseChinese,,native,4,chinese,Mac,900,1440,Chrome,3909MD9T2ZCBAEUYX2F49AIKZ48EFM,3KTAGXQO2Z1405RLY016A5OR2FWGKI,汉语语句 ,回答关于物体描述的问题,语言 研究 乐趣 认知科学 大学 汉语,$0.40,Wed Apr 17 09:53:59 PDT 2019,9,4,0,5,Assignable,NotReviewed,1 cond,1800,60000,Fri May 17 09:53:59 PDT 2019,https://requester.mturk.com/mturk/manageHIT?HITId=3909MD9T2ZCBAEUYX2F49AIKZ48EFM,3R8YZBNQ9IEQF83QFCHU4IQ61UJ7QH,2,Approved,Sun Apr 21 09:04:13 PDT 2019,Sat Apr 20 16:19:01 PDT 2019,Sat Apr 20 16:24:13 PDT 2019,Sun Apr 21 09:04:23 PDT 2019,,,,,[],5.155866666666666
2,food,wooden,brown,10,no,cheese,material,NA,both,color,Yes,5plus,both8,chinese,中文,2,Female,25,ChineseChinese,,native,4,chinese,Mac,900,1440,Chrome,3909MD9T2ZCBAEUYX2F49AIKZ48EFM,3KTAGXQO2Z1405RLY016A5OR2FWGKI,汉语语句 ,回答关于物体描述的问题,语言 研究 乐趣 认知科学 大学 汉语,$0.40,Wed Apr 17 09:53:59 PDT 2019,9,4,0,5,Assignable,NotReviewed,1 cond,1800,60000,Fri May 17 09:53:59 PDT 2019,https://requester.mturk.com/mturk/manageHIT?HITId=3909MD9T2ZCBAEUYX2F49AIKZ48EFM,3R8YZBNQ9IEQF83QFCHU4IQ61UJ7QH,2,Approved,Sun Apr 21 09:04:13 PDT 2019,Sat Apr 20 16:19:01 PDT 2019,Sat Apr 20 16:24:13 PDT 2019,Sun Apr 21 09:04:23 PDT 2019,,,,,[],5.155866666666666
2,food,purple,small,11,NA,cheese,color,0.88,both,size,Yes,5plus,both8,chinese,中文,2,Female,25,ChineseChinese,,native,4,chinese,Mac,900,1440,Chrome,3909MD9T2ZCBAEUYX2F49AIKZ48EFM,3KTAGXQO2Z1405RLY016A5OR2FWGKI,汉语语句 ,回答关于物体描述的问题,语言 研究 乐趣 认知科学 大学 汉语,$0.40,Wed Apr 17 09:53:59 PDT 2019,9,4,0,5,Assignable,NotReviewed,1 cond,1800,60000,Fri May 17 09:53:59 PDT 2019,https://requester.mturk.com/mturk/manageHIT?HITId=3909MD9T2ZCBAEUYX2F49AIKZ48EFM,3R8YZBNQ9IEQF83QFCHU4IQ61UJ7QH,2,Approved,Sun Apr 21 09:04:13 PDT 2019,Sat Apr 20 16:19:01 PDT 2019,Sat Apr 20 16:24:13 PDT 2019,Sun Apr 21 09:04:23 PDT 2019,,,,,[],5.155866666666666
2,furniture,soft,fresh,12,no,couch,texture,NA,both,age,Yes,5plus,both8,chinese,中文,2,Female,25,ChineseChinese,,native,4,chinese,Mac,900,1440,Chrome,3909MD9T2ZCBAEUYX2F49AIKZ48EFM,3KTAGXQO2Z1405RLY016A5OR2FWGKI,汉语语句 ,回答关于物体描述的问题,语言 研究 乐趣 认知科学 大学 汉语,$0.40,Wed Apr 17 09:53:59 PDT 2019,9,4,0,5,Assignable,NotReviewed,1 cond,1800,60000,Fri May 17 09:53:59 PDT 2019,https://requester.mturk.com/mturk/manageHIT?HITId=3909MD9T2ZCBAEUYX2F49AIKZ48EFM,3R8YZBNQ9IEQF83QFCHU4IQ61UJ7QH,2,Approved,Sun Apr 21 09:04:13 PDT 2019,Sat Apr 20 16:19:01 PDT 2019,Sat Apr 20 16:24:13 PDT 2019,Sun Apr 21 09:04:23 PDT 2019,,,,,[],5.155866666666666
2,furniture,blue,rotten,13,NA,bed,color,0.08,both,age,Yes,5plus,both8,chinese,中文,2,Female,25,ChineseChinese,,native,4,chinese,Mac,900,1440,Chrome,3909MD9T2ZCBAEUYX2F49AIKZ48EFM,3KTAGXQO2Z1405RLY016A5OR2FWGKI,汉语语句 ,回答关于物体描述的问题,语言 研究 乐趣 认知科学 大学 汉语,$0.40,Wed Apr 17 09:53:59 PDT 2019,9,4,0,5,Assignable,NotReviewed,1 cond,1800,60000,Fri May 17 09:53:59 PDT 2019,https://requester.mturk.com/mturk/manageHIT?HITId=3909MD9T2ZCBAEUYX2F49AIKZ48EFM,3R8YZBNQ9IEQF83QFCHU4IQ61UJ7QH,2,Approved,Sun Apr 21 09:04:13 PDT 2019,Sat Apr 20 16:19:01 PDT 2019,Sat Apr 20 16:24:13 PDT 2019,Sun Apr 21 09:04:23 PDT 2019,,,,,[],5.155866666666666
2,furniture,round,fresh,14,no,couch,shape,NA,both,age,Yes,5plus,both8,chinese,中文,2,Female,25,ChineseChinese,,native,4,chinese,Mac,900,1440,Chrome,3909MD9T2ZCBAEUYX2F49AIKZ48EFM,3KTAGXQO2Z1405RLY016A5OR2FWGKI,汉语语句 ,回答关于物体描述的问题,语言 研究 乐趣 认知科学 大学 汉语,$0.40,Wed Apr 17 09:53:59 PDT 2019,9,4,0,5,Assignable,NotReviewed,1 cond,1800,60000,Fri May 17 09:53:59 PDT 2019,https://requester.mturk.com/mturk/manageHIT?HITId=3909MD9T2ZCBAEUYX2F49AIKZ48EFM,3R8YZBNQ9IEQF83QFCHU4IQ61UJ7QH,2,Approved,Sun Apr 21 09:04:13 PDT 2019,Sat Apr 20 16:19:01 PDT 2019,Sat Apr 20 16:24:13 PDT 2019,Sun Apr 21 09:04:23 PDT 2019,,,,,[],5.155866666666666
2,furniture,hard,old,15,NA,chair,texture,0.92,both,age,Yes,5plus,both8,chinese,中文,2,Female,25,ChineseChinese,,native,4,chinese,Mac,900,1440,Chrome,3909MD9T2ZCBAEUYX2F49AIKZ48EFM,3KTAGXQO2Z1405RLY016A5OR2FWGKI,汉语语句 ,回答关于物体描述的问题,语言 研究 乐趣 认知科学 大学 汉语,$0.40,Wed Apr 17 09:53:59 PDT 2019,9,4,0,5,Assignable,NotReviewed,1 cond,1800,60000,Fri May 17 09:53:59 PDT 2019,https://requester.mturk.com/mturk/manageHIT?HITId=3909MD9T2ZCBAEUYX2F49AIKZ48EFM,3R8YZBNQ9IEQF83QFCHU4IQ61UJ7QH,2,Approved,Sun Apr 21 09:04:13 PDT 2019,Sat Apr 20 16:19:01 PDT 2019,Sat Apr 20 16:24:13 PDT 2019,Sun Apr 21 09:04:23 PDT 2019,,,,,[],5.155866666666666
2,food,plastic,yellow,16,NA,tomato,material,0.91,both,color,Yes,5plus,both8,chinese,中文,2,Female,25,ChineseChinese,,native,4,chinese,Mac,900,1440,Chrome,3909MD9T2ZCBAEUYX2F49AIKZ48EFM,3KTAGXQO2Z1405RLY016A5OR2FWGKI,汉语语句 ,回答关于物体描述的问题,语言 研究 乐趣 认知科学 大学 汉语,$0.40,Wed Apr 17 09:53:59 PDT 2019,9,4,0,5,Assignable,NotReviewed,1 cond,1800,60000,Fri May 17 09:53:59 PDT 2019,https://requester.mturk.com/mturk/manageHIT?HITId=3909MD9T2ZCBAEUYX2F49AIKZ48EFM,3R8YZBNQ9IEQF83QFCHU4IQ61UJ7QH,2,Approved,Sun Apr 21 09:04:13 PDT 2019,Sat Apr 20 16:19:01 PDT 2019,Sat Apr 20 16:24:13 PDT 2019,Sun Apr 21 09:04:23 PDT 2019,,,,,[],5.155866666666666
2,food,heavy,purple,17,NA,potato,size,0.88,both,color,Yes,5plus,both8,chinese,中文,2,Female,25,ChineseChinese,,native,4,chinese,Mac,900,1440,Chrome,3909MD9T2ZCBAEUYX2F49AIKZ48EFM,3KTAGXQO2Z1405RLY016A5OR2FWGKI,汉语语句 ,回答关于物体描述的问题,语言 研究 乐趣 认知科学 大学 汉语,$0.40,Wed Apr 17 09:53:59 PDT 2019,9,4,0,5,Assignable,NotReviewed,1 cond,1800,60000,Fri May 17 09:53:59 PDT 2019,https://requester.mturk.com/mturk/manageHIT?HITId=3909MD9T2ZCBAEUYX2F49AIKZ48EFM,3R8YZBNQ9IEQF83QFCHU4IQ61UJ7QH,2,Approved,Sun Apr 21 09:04:13 PDT 2019,Sat Apr 20 16:19:01 PDT 2019,Sat Apr 20 16:24:13 PDT 2019,Sun Apr 21 09:04:23 PDT 2019,,,,,[],5.155866666666666
2,furniture,square,hard,18,NA,couch,shape,0.04,both,texture,Yes,5plus,both8,chinese,中文,2,Female,25,ChineseChinese,,native,4,chinese,Mac,900,1440,Chrome,3909MD9T2ZCBAEUYX2F49AIKZ48EFM,3KTAGXQO2Z1405RLY016A5OR2FWGKI,汉语语句 ,回答关于物体描述的问题,语言 研究 乐趣 认知科学 大学 汉语,$0.40,Wed Apr 17 09:53:59 PDT 2019,9,4,0,5,Assignable,NotReviewed,1 cond,1800,60000,Fri May 17 09:53:59 PDT 2019,https://requester.mturk.com/mturk/manageHIT?HITId=3909MD9T2ZCBAEUYX2F49AIKZ48EFM,3R8YZBNQ9IEQF83QFCHU4IQ61UJ7QH,2,Approved,Sun Apr 21 09:04:13 PDT 2019,Sat Apr 20 16:19:01 PDT 2019,Sat Apr 20 16:24:13 PDT 2019,Sun Apr 21 09:04:23 PDT 2019,,,,,[],5.155866666666666
2,food,big,good,19,NA,potato,size,0.93,both,quality,Yes,5plus,both8,chinese,中文,2,Female,25,ChineseChinese,,native,4,chinese,Mac,900,1440,Chrome,3909MD9T2ZCBAEUYX2F49AIKZ48EFM,3KTAGXQO2Z1405RLY016A5OR2FWGKI,汉语语句 ,回答关于物体描述的问题,语言 研究 乐趣 认知科学 大学 汉语,$0.40,Wed Apr 17 09:53:59 PDT 2019,9,4,0,5,Assignable,NotReviewed,1 cond,1800,60000,Fri May 17 09:53:59 PDT 2019,https://requester.mturk.com/mturk/manageHIT?HITId=3909MD9T2ZCBAEUYX2F49AIKZ48EFM,3R8YZBNQ9IEQF83QFCHU4IQ61UJ7QH,2,Approved,Sun Apr 21 09:04:13 PDT 2019,Sat Apr 20 16:19:01 PDT 2019,Sat Apr 20 16:24:13 PDT 2019,Sun Apr 21 09:04:23 PDT 2019,,,,,[],5.155866666666666
2,food,green,big,20,NA,cheese,color,0.91,both,size,Yes,5plus,both8,chinese,中文,2,Female,25,ChineseChinese,,native,4,chinese,Mac,900,1440,Chrome,3909MD9T2ZCBAEUYX2F49AIKZ48EFM,3KTAGXQO2Z1405RLY016A5OR2FWGKI,汉语语句 ,回答关于物体描述的问题,语言 研究 乐趣 认知科学 大学 汉语,$0.40,Wed Apr 17 09:53:59 PDT 2019,9,4,0,5,Assignable,NotReviewed,1 cond,1800,60000,Fri May 17 09:53:59 PDT 2019,https://requester.mturk.com/mturk/manageHIT?HITId=3909MD9T2ZCBAEUYX2F49AIKZ48EFM,3R8YZBNQ9IEQF83QFCHU4IQ61UJ7QH,2,Approved,Sun Apr 21 09:04:13 PDT 2019,Sat Apr 20 16:19:01 PDT 2019,Sat Apr 20 16:24:13 PDT 2019,Sun Apr 21 09:04:23 PDT 2019,,,,,[],5.155866666666666
2,food,small,dry,21,NA,watermelon,size,0.05,both,texture,Yes,5plus,both8,chinese,中文,2,Female,25,ChineseChinese,,native,4,chinese,Mac,900,1440,Chrome,3909MD9T2ZCBAEUYX2F49AIKZ48EFM,3KTAGXQO2Z1405RLY016A5OR2FWGKI,汉语语句 ,回答关于物体描述的问题,语言 研究 乐趣 认知科学 大学 汉语,$0.40,Wed Apr 17 09:53:59 PDT 2019,9,4,0,5,Assignable,NotReviewed,1 cond,1800,60000,Fri May 17 09:53:59 PDT 2019,https://requester.mturk.com/mturk/manageHIT?HITId=3909MD9T2ZCBAEUYX2F49AIKZ48EFM,3R8YZBNQ9IEQF83QFCHU4IQ61UJ7QH,2,Approved,Sun Apr 21 09:04:13 PDT 2019,Sat Apr 20 16:19:01 PDT 2019,Sat Apr 20 16:24:13 PDT 2019,Sun Apr 21 09:04:23 PDT 2019,,,,,[],5.155866666666666
2,food,bad,red,22,NA,apple,quality,0.09,both,color,Yes,5plus,both8,chinese,中文,2,Female,25,ChineseChinese,,native,4,chinese,Mac,900,1440,Chrome,3909MD9T2ZCBAEUYX2F49AIKZ48EFM,3KTAGXQO2Z1405RLY016A5OR2FWGKI,汉语语句 ,回答关于物体描述的问题,语言 研究 乐趣 认知科学 大学 汉语,$0.40,Wed Apr 17 09:53:59 PDT 2019,9,4,0,5,Assignable,NotReviewed,1 cond,1800,60000,Fri May 17 09:53:59 PDT 2019,https://requester.mturk.com/mturk/manageHIT?HITId=3909MD9T2ZCBAEUYX2F49AIKZ48EFM,3R8YZBNQ9IEQF83QFCHU4IQ61UJ7QH,2,Approved,Sun Apr 21 09:04:13 PDT 2019,Sat Apr 20 16:19:01 PDT 2019,Sat Apr 20 16:24:13 PDT 2019,Sun Apr 21 09:04:23 PDT 2019,,,,,[],5.155866666666666
2,furniture,wooden,bad,23,NA,bed,material,0.95,both,quality,Yes,5plus,both8,chinese,中文,2,Female,25,ChineseChinese,,native,4,chinese,Mac,900,1440,Chrome,3909MD9T2ZCBAEUYX2F49AIKZ48EFM,3KTAGXQO2Z1405RLY016A5OR2FWGKI,汉语语句 ,回答关于物体描述的问题,语言 研究 乐趣 认知科学 大学 汉语,$0.40,Wed Apr 17 09:53:59 PDT 2019,9,4,0,5,Assignable,NotReviewed,1 cond,1800,60000,Fri May 17 09:53:59 PDT 2019,https://requester.mturk.com/mturk/manageHIT?HITId=3909MD9T2ZCBAEUYX2F49AIKZ48EFM,3R8YZBNQ9IEQF83QFCHU4IQ61UJ7QH,2,Approved,Sun Apr 21 09:04:13 PDT 2019,Sat Apr 20 16:19:01 PDT 2019,Sat Apr 20 16:24:13 PDT 2019,Sun Apr 21 09:04:23 PDT 2019,,,,,[],5.155866666666666
2,food,light,old,24,NA,cheese,size,0.03,both,age,Yes,5plus,both8,chinese,中文,2,Female,25,ChineseChinese,,native,4,chinese,Mac,900,1440,Chrome,3909MD9T2ZCBAEUYX2F49AIKZ48EFM,3KTAGXQO2Z1405RLY016A5OR2FWGKI,汉语语句 ,回答关于物体描述的问题,语言 研究 乐趣 认知科学 大学 汉语,$0.40,Wed Apr 17 09:53:59 PDT 2019,9,4,0,5,Assignable,NotReviewed,1 cond,1800,60000,Fri May 17 09:53:59 PDT 2019,https://requester.mturk.com/mturk/manageHIT?HITId=3909MD9T2ZCBAEUYX2F49AIKZ48EFM,3R8YZBNQ9IEQF83QFCHU4IQ61UJ7QH,2,Approved,Sun Apr 21 09:04:13 PDT 2019,Sat Apr 20 16:19:01 PDT 2019,Sat Apr 20 16:24:13 PDT 2019,Sun Apr 21 09:04:23 PDT 2019,,,,,[],5.155866666666666
2,food,rotten,brown,25,NA,tomato,age,0.03,both,color,Yes,5plus,both8,chinese,中文,2,Female,25,ChineseChinese,,native,4,chinese,Mac,900,1440,Chrome,3909MD9T2ZCBAEUYX2F49AIKZ48EFM,3KTAGXQO2Z1405RLY016A5OR2FWGKI,汉语语句 ,回答关于物体描述的问题,语言 研究 乐趣 认知科学 大学 汉语,$0.40,Wed Apr 17 09:53:59 PDT 2019,9,4,0,5,Assignable,NotReviewed,1 cond,1800,60000,Fri May 17 09:53:59 PDT 2019,https://requester.mturk.com/mturk/manageHIT?HITId=3909MD9T2ZCBAEUYX2F49AIKZ48EFM,3R8YZBNQ9IEQF83QFCHU4IQ61UJ7QH,2,Approved,Sun Apr 21 09:04:13 PDT 2019,Sat Apr 20 16:19:01 PDT 2019,Sat Apr 20 16:24:13 PDT 2019,Sun Apr 21 09:04:23 PDT 2019,,,,,[],5.155866666666666
2,furniture,brown,plastic,26,NA,chair,color,0.95,both,material,Yes,5plus,both8,chinese,中文,2,Female,25,ChineseChinese,,native,4,chinese,Mac,900,1440,Chrome,3909MD9T2ZCBAEUYX2F49AIKZ48EFM,3KTAGXQO2Z1405RLY016A5OR2FWGKI,汉语语句 ,回答关于物体描述的问题,语言 研究 乐趣 认知科学 大学 汉语,$0.40,Wed Apr 17 09:53:59 PDT 2019,9,4,0,5,Assignable,NotReviewed,1 cond,1800,60000,Fri May 17 09:53:59 PDT 2019,https://requester.mturk.com/mturk/manageHIT?HITId=3909MD9T2ZCBAEUYX2F49AIKZ48EFM,3R8YZBNQ9IEQF83QFCHU4IQ61UJ7QH,2,Approved,Sun Apr 21 09:04:13 PDT 2019,Sat Apr 20 16:19:01 PDT 2019,Sat Apr 20 16:24:13 PDT 2019,Sun Apr 21 09:04:23 PDT 2019,,,,,[],5.155866666666666
2,furniture,small,metal,27,NA,bed,size,0.05,both,material,Yes,5plus,both8,chinese,中文,2,Female,25,ChineseChinese,,native,4,chinese,Mac,900,1440,Chrome,3909MD9T2ZCBAEUYX2F49AIKZ48EFM,3KTAGXQO2Z1405RLY016A5OR2FWGKI,汉语语句 ,回答关于物体描述的问题,语言 研究 乐趣 认知科学 大学 汉语,$0.40,Wed Apr 17 09:53:59 PDT 2019,9,4,0,5,Assignable,NotReviewed,1 cond,1800,60000,Fri May 17 09:53:59 PDT 2019,https://requester.mturk.com/mturk/manageHIT?HITId=3909MD9T2ZCBAEUYX2F49AIKZ48EFM,3R8YZBNQ9IEQF83QFCHU4IQ61UJ7QH,2,Approved,Sun Apr 21 09:04:13 PDT 2019,Sat Apr 20 16:19:01 PDT 2019,Sat Apr 20 16:24:13 PDT 2019,Sun Apr 21 09:04:23 PDT 2019,,,,,[],5.155866666666666
2,furniture,dry,good,28,no,chair,texture,NA,both,quality,Yes,5plus,both8,chinese,中文,2,Female,25,ChineseChinese,,native,4,chinese,Mac,900,1440,Chrome,3909MD9T2ZCBAEUYX2F49AIKZ48EFM,3KTAGXQO2Z1405RLY016A5OR2FWGKI,汉语语句 ,回答关于物体描述的问题,语言 研究 乐趣 认知科学 大学 汉语,$0.40,Wed Apr 17 09:53:59 PDT 2019,9,4,0,5,Assignable,NotReviewed,1 cond,1800,60000,Fri May 17 09:53:59 PDT 2019,https://requester.mturk.com/mturk/manageHIT?HITId=3909MD9T2ZCBAEUYX2F49AIKZ48EFM,3R8YZBNQ9IEQF83QFCHU4IQ61UJ7QH,2,Approved,Sun Apr 21 09:04:13 PDT 2019,Sat Apr 20 16:19:01 PDT 2019,Sat Apr 20 16:24:13 PDT 2019,Sun Apr 21 09:04:23 PDT 2019,,,,,[],5.155866666666666
3,food,bad,wooden,3,no,watermelon,quality,0.49,both,material,Yes,5plus,both8,english,中文,1,Male,21,ChineseEnglish,,native,2,chinese,Windows,1080,1920,Chrome,3909MD9T2ZCBAEUYX2F49AIKZ48EFM,3KTAGXQO2Z1405RLY016A5OR2FWGKI,汉语语句 ,回答关于物体描述的问题,语言 研究 乐趣 认知科学 大学 汉语,$0.40,Wed Apr 17 09:53:59 PDT 2019,9,4,0,5,Assignable,NotReviewed,1 cond,1800,60000,Fri May 17 09:53:59 PDT 2019,https://requester.mturk.com/mturk/manageHIT?HITId=3909MD9T2ZCBAEUYX2F49AIKZ48EFM,3OCHAWUVGPGYJKBMKK1V2VRL4L5XKH,3,Approved,Mon Apr 22 14:22:23 PDT 2019,Sun Apr 21 21:35:08 PDT 2019,Sun Apr 21 21:42:23 PDT 2019,Mon Apr 22 14:22:58 PDT 2019,,,,,[],7.208516666666666
3,furniture,purple,hard,4,no,couch,color,0.49,both,texture,Yes,5plus,both8,english,中文,1,Male,21,ChineseEnglish,,native,2,chinese,Windows,1080,1920,Chrome,3909MD9T2ZCBAEUYX2F49AIKZ48EFM,3KTAGXQO2Z1405RLY016A5OR2FWGKI,汉语语句 ,回答关于物体描述的问题,语言 研究 乐趣 认知科学 大学 汉语,$0.40,Wed Apr 17 09:53:59 PDT 2019,9,4,0,5,Assignable,NotReviewed,1 cond,1800,60000,Fri May 17 09:53:59 PDT 2019,https://requester.mturk.com/mturk/manageHIT?HITId=3909MD9T2ZCBAEUYX2F49AIKZ48EFM,3OCHAWUVGPGYJKBMKK1V2VRL4L5XKH,3,Approved,Mon Apr 22 14:22:23 PDT 2019,Sun Apr 21 21:35:08 PDT 2019,Sun Apr 21 21:42:23 PDT 2019,Mon Apr 22 14:22:58 PDT 2019,,,,,[],7.208516666666666
3,food,light,yellow,5,NA,apple,size,0,both,color,Yes,5plus,both8,english,中文,1,Male,21,ChineseEnglish,,native,2,chinese,Windows,1080,1920,Chrome,3909MD9T2ZCBAEUYX2F49AIKZ48EFM,3KTAGXQO2Z1405RLY016A5OR2FWGKI,汉语语句 ,回答关于物体描述的问题,语言 研究 乐趣 认知科学 大学 汉语,$0.40,Wed Apr 17 09:53:59 PDT 2019,9,4,0,5,Assignable,NotReviewed,1 cond,1800,60000,Fri May 17 09:53:59 PDT 2019,https://requester.mturk.com/mturk/manageHIT?HITId=3909MD9T2ZCBAEUYX2F49AIKZ48EFM,3OCHAWUVGPGYJKBMKK1V2VRL4L5XKH,3,Approved,Mon Apr 22 14:22:23 PDT 2019,Sun Apr 21 21:35:08 PDT 2019,Sun Apr 21 21:42:23 PDT 2019,Mon Apr 22 14:22:58 PDT 2019,,,,,[],7.208516666666666
3,food,soft,rotten,6,NA,tomato,texture,1,both,age,Yes,5plus,both8,english,中文,1,Male,21,ChineseEnglish,,native,2,chinese,Windows,1080,1920,Chrome,3909MD9T2ZCBAEUYX2F49AIKZ48EFM,3KTAGXQO2Z1405RLY016A5OR2FWGKI,汉语语句 ,回答关于物体描述的问题,语言 研究 乐趣 认知科学 大学 汉语,$0.40,Wed Apr 17 09:53:59 PDT 2019,9,4,0,5,Assignable,NotReviewed,1 cond,1800,60000,Fri May 17 09:53:59 PDT 2019,https://requester.mturk.com/mturk/manageHIT?HITId=3909MD9T2ZCBAEUYX2F49AIKZ48EFM,3OCHAWUVGPGYJKBMKK1V2VRL4L5XKH,3,Approved,Mon Apr 22 14:22:23 PDT 2019,Sun Apr 21 21:35:08 PDT 2019,Sun Apr 21 21:42:23 PDT 2019,Mon Apr 22 14:22:58 PDT 2019,,,,,[],7.208516666666666
3,food,new,square,7,no,watermelon,age,NA,both,shape,Yes,5plus,both8,english,中文,1,Male,21,ChineseEnglish,,native,2,chinese,Windows,1080,1920,Chrome,3909MD9T2ZCBAEUYX2F49AIKZ48EFM,3KTAGXQO2Z1405RLY016A5OR2FWGKI,汉语语句 ,回答关于物体描述的问题,语言 研究 乐趣 认知科学 大学 汉语,$0.40,Wed Apr 17 09:53:59 PDT 2019,9,4,0,5,Assignable,NotReviewed,1 cond,1800,60000,Fri May 17 09:53:59 PDT 2019,https://requester.mturk.com/mturk/manageHIT?HITId=3909MD9T2ZCBAEUYX2F49AIKZ48EFM,3OCHAWUVGPGYJKBMKK1V2VRL4L5XKH,3,Approved,Mon Apr 22 14:22:23 PDT 2019,Sun Apr 21 21:35:08 PDT 2019,Sun Apr 21 21:42:23 PDT 2019,Mon Apr 22 14:22:58 PDT 2019,,,,,[],7.208516666666666
3,furniture,red,old,8,NA,box,color,1,both,age,Yes,5plus,both8,english,中文,1,Male,21,ChineseEnglish,,native,2,chinese,Windows,1080,1920,Chrome,3909MD9T2ZCBAEUYX2F49AIKZ48EFM,3KTAGXQO2Z1405RLY016A5OR2FWGKI,汉语语句 ,回答关于物体描述的问题,语言 研究 乐趣 认知科学 大学 汉语,$0.40,Wed Apr 17 09:53:59 PDT 2019,9,4,0,5,Assignable,NotReviewed,1 cond,1800,60000,Fri May 17 09:53:59 PDT 2019,https://requester.mturk.com/mturk/manageHIT?HITId=3909MD9T2ZCBAEUYX2F49AIKZ48EFM,3OCHAWUVGPGYJKBMKK1V2VRL4L5XKH,3,Approved,Mon Apr 22 14:22:23 PDT 2019,Sun Apr 21 21:35:08 PDT 2019,Sun Apr 21 21:42:23 PDT 2019,Mon Apr 22 14:22:58 PDT 2019,,,,,[],7.208516666666666
3,furniture,old,metal,9,NA,bed,age,0,both,material,Yes,5plus,both8,english,中文,1,Male,21,ChineseEnglish,,native,2,chinese,Windows,1080,1920,Chrome,3909MD9T2ZCBAEUYX2F49AIKZ48EFM,3KTAGXQO2Z1405RLY016A5OR2FWGKI,汉语语句 ,回答关于物体描述的问题,语言 研究 乐趣 认知科学 大学 汉语,$0.40,Wed Apr 17 09:53:59 PDT 2019,9,4,0,5,Assignable,NotReviewed,1 cond,1800,60000,Fri May 17 09:53:59 PDT 2019,https://requester.mturk.com/mturk/manageHIT?HITId=3909MD9T2ZCBAEUYX2F49AIKZ48EFM,3OCHAWUVGPGYJKBMKK1V2VRL4L5XKH,3,Approved,Mon Apr 22 14:22:23 PDT 2019,Sun Apr 21 21:35:08 PDT 2019,Sun Apr 21 21:42:23 PDT 2019,Mon Apr 22 14:22:58 PDT 2019,,,,,[],7.208516666666666
3,food,hard,brown,10,NA,potato,texture,0.5,both,color,Yes,5plus,both8,english,中文,1,Male,21,ChineseEnglish,,native,2,chinese,Windows,1080,1920,Chrome,3909MD9T2ZCBAEUYX2F49AIKZ48EFM,3KTAGXQO2Z1405RLY016A5OR2FWGKI,汉语语句 ,回答关于物体描述的问题,语言 研究 乐趣 认知科学 大学 汉语,$0.40,Wed Apr 17 09:53:59 PDT 2019,9,4,0,5,Assignable,NotReviewed,1 cond,1800,60000,Fri May 17 09:53:59 PDT 2019,https://requester.mturk.com/mturk/manageHIT?HITId=3909MD9T2ZCBAEUYX2F49AIKZ48EFM,3OCHAWUVGPGYJKBMKK1V2VRL4L5XKH,3,Approved,Mon Apr 22 14:22:23 PDT 2019,Sun Apr 21 21:35:08 PDT 2019,Sun Apr 21 21:42:23 PDT 2019,Mon Apr 22 14:22:58 PDT 2019,,,,,[],7.208516666666666
3,food,plastic,brown,11,no,watermelon,material,NA,both,color,Yes,5plus,both8,english,中文,1,Male,21,ChineseEnglish,,native,2,chinese,Windows,1080,1920,Chrome,3909MD9T2ZCBAEUYX2F49AIKZ48EFM,3KTAGXQO2Z1405RLY016A5OR2FWGKI,汉语语句 ,回答关于物体描述的问题,语言 研究 乐趣 认知科学 大学 汉语,$0.40,Wed Apr 17 09:53:59 PDT 2019,9,4,0,5,Assignable,NotReviewed,1 cond,1800,60000,Fri May 17 09:53:59 PDT 2019,https://requester.mturk.com/mturk/manageHIT?HITId=3909MD9T2ZCBAEUYX2F49AIKZ48EFM,3OCHAWUVGPGYJKBMKK1V2VRL4L5XKH,3,Approved,Mon Apr 22 14:22:23 PDT 2019,Sun Apr 21 21:35:08 PDT 2019,Sun Apr 21 21:42:23 PDT 2019,Mon Apr 22 14:22:58 PDT 2019,,,,,[],7.208516666666666
3,food,new,good,12,no,tomato,age,NA,both,quality,Yes,5plus,both8,english,中文,1,Male,21,ChineseEnglish,,native,2,chinese,Windows,1080,1920,Chrome,3909MD9T2ZCBAEUYX2F49AIKZ48EFM,3KTAGXQO2Z1405RLY016A5OR2FWGKI,汉语语句 ,回答关于物体描述的问题,语言 研究 乐趣 认知科学 大学 汉语,$0.40,Wed Apr 17 09:53:59 PDT 2019,9,4,0,5,Assignable,NotReviewed,1 cond,1800,60000,Fri May 17 09:53:59 PDT 2019,https://requester.mturk.com/mturk/manageHIT?HITId=3909MD9T2ZCBAEUYX2F49AIKZ48EFM,3OCHAWUVGPGYJKBMKK1V2VRL4L5XKH,3,Approved,Mon Apr 22 14:22:23 PDT 2019,Sun Apr 21 21:35:08 PDT 2019,Sun Apr 21 21:42:23 PDT 2019,Mon Apr 22 14:22:58 PDT 2019,,,,,[],7.208516666666666
3,food,light,brown,13,NA,potato,size,0,both,color,Yes,5plus,both8,english,中文,1,Male,21,ChineseEnglish,,native,2,chinese,Windows,1080,1920,Chrome,3909MD9T2ZCBAEUYX2F49AIKZ48EFM,3KTAGXQO2Z1405RLY016A5OR2FWGKI,汉语语句 ,回答关于物体描述的问题,语言 研究 乐趣 认知科学 大学 汉语,$0.40,Wed Apr 17 09:53:59 PDT 2019,9,4,0,5,Assignable,NotReviewed,1 cond,1800,60000,Fri May 17 09:53:59 PDT 2019,https://requester.mturk.com/mturk/manageHIT?HITId=3909MD9T2ZCBAEUYX2F49AIKZ48EFM,3OCHAWUVGPGYJKBMKK1V2VRL4L5XKH,3,Approved,Mon Apr 22 14:22:23 PDT 2019,Sun Apr 21 21:35:08 PDT 2019,Sun Apr 21 21:42:23 PDT 2019,Mon Apr 22 14:22:58 PDT 2019,,,,,[],7.208516666666666
3,furniture,short,new,14,NA,chair,size,1,both,age,Yes,5plus,both8,english,中文,1,Male,21,ChineseEnglish,,native,2,chinese,Windows,1080,1920,Chrome,3909MD9T2ZCBAEUYX2F49AIKZ48EFM,3KTAGXQO2Z1405RLY016A5OR2FWGKI,汉语语句 ,回答关于物体描述的问题,语言 研究 乐趣 认知科学 大学 汉语,$0.40,Wed Apr 17 09:53:59 PDT 2019,9,4,0,5,Assignable,NotReviewed,1 cond,1800,60000,Fri May 17 09:53:59 PDT 2019,https://requester.mturk.com/mturk/manageHIT?HITId=3909MD9T2ZCBAEUYX2F49AIKZ48EFM,3OCHAWUVGPGYJKBMKK1V2VRL4L5XKH,3,Approved,Mon Apr 22 14:22:23 PDT 2019,Sun Apr 21 21:35:08 PDT 2019,Sun Apr 21 21:42:23 PDT 2019,Mon Apr 22 14:22:58 PDT 2019,,,,,[],7.208516666666666
3,furniture,red,new,15,NA,couch,color,1,both,age,Yes,5plus,both8,english,中文,1,Male,21,ChineseEnglish,,native,2,chinese,Windows,1080,1920,Chrome,3909MD9T2ZCBAEUYX2F49AIKZ48EFM,3KTAGXQO2Z1405RLY016A5OR2FWGKI,汉语语句 ,回答关于物体描述的问题,语言 研究 乐趣 认知科学 大学 汉语,$0.40,Wed Apr 17 09:53:59 PDT 2019,9,4,0,5,Assignable,NotReviewed,1 cond,1800,60000,Fri May 17 09:53:59 PDT 2019,https://requester.mturk.com/mturk/manageHIT?HITId=3909MD9T2ZCBAEUYX2F49AIKZ48EFM,3OCHAWUVGPGYJKBMKK1V2VRL4L5XKH,3,Approved,Mon Apr 22 14:22:23 PDT 2019,Sun Apr 21 21:35:08 PDT 2019,Sun Apr 21 21:42:23 PDT 2019,Mon Apr 22 14:22:58 PDT 2019,,,,,[],7.208516666666666
3,furniture,hard,red,16,NA,box,texture,0,both,color,Yes,5plus,both8,english,中文,1,Male,21,ChineseEnglish,,native,2,chinese,Windows,1080,1920,Chrome,3909MD9T2ZCBAEUYX2F49AIKZ48EFM,3KTAGXQO2Z1405RLY016A5OR2FWGKI,汉语语句 ,回答关于物体描述的问题,语言 研究 乐趣 认知科学 大学 汉语,$0.40,Wed Apr 17 09:53:59 PDT 2019,9,4,0,5,Assignable,NotReviewed,1 cond,1800,60000,Fri May 17 09:53:59 PDT 2019,https://requester.mturk.com/mturk/manageHIT?HITId=3909MD9T2ZCBAEUYX2F49AIKZ48EFM,3OCHAWUVGPGYJKBMKK1V2VRL4L5XKH,3,Approved,Mon Apr 22 14:22:23 PDT 2019,Sun Apr 21 21:35:08 PDT 2019,Sun Apr 21 21:42:23 PDT 2019,Mon Apr 22 14:22:58 PDT 2019,,,,,[],7.208516666666666
3,furniture,good,red,17,NA,couch,quality,0,both,color,Yes,5plus,both8,english,中文,1,Male,21,ChineseEnglish,,native,2,chinese,Windows,1080,1920,Chrome,3909MD9T2ZCBAEUYX2F49AIKZ48EFM,3KTAGXQO2Z1405RLY016A5OR2FWGKI,汉语语句 ,回答关于物体描述的问题,语言 研究 乐趣 认知科学 大学 汉语,$0.40,Wed Apr 17 09:53:59 PDT 2019,9,4,0,5,Assignable,NotReviewed,1 cond,1800,60000,Fri May 17 09:53:59 PDT 2019,https://requester.mturk.com/mturk/manageHIT?HITId=3909MD9T2ZCBAEUYX2F49AIKZ48EFM,3OCHAWUVGPGYJKBMKK1V2VRL4L5XKH,3,Approved,Mon Apr 22 14:22:23 PDT 2019,Sun Apr 21 21:35:08 PDT 2019,Sun Apr 21 21:42:23 PDT 2019,Mon Apr 22 14:22:58 PDT 2019,,,,,[],7.208516666666666
3,furniture,wooden,fresh,18,NA,table,material,1,both,age,Yes,5plus,both8,english,中文,1,Male,21,ChineseEnglish,,native,2,chinese,Windows,1080,1920,Chrome,3909MD9T2ZCBAEUYX2F49AIKZ48EFM,3KTAGXQO2Z1405RLY016A5OR2FWGKI,汉语语句 ,回答关于物体描述的问题,语言 研究 乐趣 认知科学 大学 汉语,$0.40,Wed Apr 17 09:53:59 PDT 2019,9,4,0,5,Assignable,NotReviewed,1 cond,1800,60000,Fri May 17 09:53:59 PDT 2019,https://requester.mturk.com/mturk/manageHIT?HITId=3909MD9T2ZCBAEUYX2F49AIKZ48EFM,3OCHAWUVGPGYJKBMKK1V2VRL4L5XKH,3,Approved,Mon Apr 22 14:22:23 PDT 2019,Sun Apr 21 21:35:08 PDT 2019,Sun Apr 21 21:42:23 PDT 2019,Mon Apr 22 14:22:58 PDT 2019,,,,,[],7.208516666666666
3,food,wooden,new,19,NA,watermelon,material,1,both,age,Yes,5plus,both8,english,中文,1,Male,21,ChineseEnglish,,native,2,chinese,Windows,1080,1920,Chrome,3909MD9T2ZCBAEUYX2F49AIKZ48EFM,3KTAGXQO2Z1405RLY016A5OR2FWGKI,汉语语句 ,回答关于物体描述的问题,语言 研究 乐趣 认知科学 大学 汉语,$0.40,Wed Apr 17 09:53:59 PDT 2019,9,4,0,5,Assignable,NotReviewed,1 cond,1800,60000,Fri May 17 09:53:59 PDT 2019,https://requester.mturk.com/mturk/manageHIT?HITId=3909MD9T2ZCBAEUYX2F49AIKZ48EFM,3OCHAWUVGPGYJKBMKK1V2VRL4L5XKH,3,Approved,Mon Apr 22 14:22:23 PDT 2019,Sun Apr 21 21:35:08 PDT 2019,Sun Apr 21 21:42:23 PDT 2019,Mon Apr 22 14:22:58 PDT 2019,,,,,[],7.208516666666666
3,food,short,metal,20,no,cheese,size,NA,both,material,Yes,5plus,both8,english,中文,1,Male,21,ChineseEnglish,,native,2,chinese,Windows,1080,1920,Chrome,3909MD9T2ZCBAEUYX2F49AIKZ48EFM,3KTAGXQO2Z1405RLY016A5OR2FWGKI,汉语语句 ,回答关于物体描述的问题,语言 研究 乐趣 认知科学 大学 汉语,$0.40,Wed Apr 17 09:53:59 PDT 2019,9,4,0,5,Assignable,NotReviewed,1 cond,1800,60000,Fri May 17 09:53:59 PDT 2019,https://requester.mturk.com/mturk/manageHIT?HITId=3909MD9T2ZCBAEUYX2F49AIKZ48EFM,3OCHAWUVGPGYJKBMKK1V2VRL4L5XKH,3,Approved,Mon Apr 22 14:22:23 PDT 2019,Sun Apr 21 21:35:08 PDT 2019,Sun Apr 21 21:42:23 PDT 2019,Mon Apr 22 14:22:58 PDT 2019,,,,,[],7.208516666666666
3,food,yellow,dry,21,NA,cheese,color,0.51,both,texture,Yes,5plus,both8,english,中文,1,Male,21,ChineseEnglish,,native,2,chinese,Windows,1080,1920,Chrome,3909MD9T2ZCBAEUYX2F49AIKZ48EFM,3KTAGXQO2Z1405RLY016A5OR2FWGKI,汉语语句 ,回答关于物体描述的问题,语言 研究 乐趣 认知科学 大学 汉语,$0.40,Wed Apr 17 09:53:59 PDT 2019,9,4,0,5,Assignable,NotReviewed,1 cond,1800,60000,Fri May 17 09:53:59 PDT 2019,https://requester.mturk.com/mturk/manageHIT?HITId=3909MD9T2ZCBAEUYX2F49AIKZ48EFM,3OCHAWUVGPGYJKBMKK1V2VRL4L5XKH,3,Approved,Mon Apr 22 14:22:23 PDT 2019,Sun Apr 21 21:35:08 PDT 2019,Sun Apr 21 21:42:23 PDT 2019,Mon Apr 22 14:22:58 PDT 2019,,,,,[],7.208516666666666
3,furniture,metal,green,22,NA,box,material,0.5,both,color,Yes,5plus,both8,english,中文,1,Male,21,ChineseEnglish,,native,2,chinese,Windows,1080,1920,Chrome,3909MD9T2ZCBAEUYX2F49AIKZ48EFM,3KTAGXQO2Z1405RLY016A5OR2FWGKI,汉语语句 ,回答关于物体描述的问题,语言 研究 乐趣 认知科学 大学 汉语,$0.40,Wed Apr 17 09:53:59 PDT 2019,9,4,0,5,Assignable,NotReviewed,1 cond,1800,60000,Fri May 17 09:53:59 PDT 2019,https://requester.mturk.com/mturk/manageHIT?HITId=3909MD9T2ZCBAEUYX2F49AIKZ48EFM,3OCHAWUVGPGYJKBMKK1V2VRL4L5XKH,3,Approved,Mon Apr 22 14:22:23 PDT 2019,Sun Apr 21 21:35:08 PDT 2019,Sun Apr 21 21:42:23 PDT 2019,Mon Apr 22 14:22:58 PDT 2019,,,,,[],7.208516666666666
3,food,new,long,23,NA,tomato,age,0.51,both,size,Yes,5plus,both8,english,中文,1,Male,21,ChineseEnglish,,native,2,chinese,Windows,1080,1920,Chrome,3909MD9T2ZCBAEUYX2F49AIKZ48EFM,3KTAGXQO2Z1405RLY016A5OR2FWGKI,汉语语句 ,回答关于物体描述的问题,语言 研究 乐趣 认知科学 大学 汉语,$0.40,Wed Apr 17 09:53:59 PDT 2019,9,4,0,5,Assignable,NotReviewed,1 cond,1800,60000,Fri May 17 09:53:59 PDT 2019,https://requester.mturk.com/mturk/manageHIT?HITId=3909MD9T2ZCBAEUYX2F49AIKZ48EFM,3OCHAWUVGPGYJKBMKK1V2VRL4L5XKH,3,Approved,Mon Apr 22 14:22:23 PDT 2019,Sun Apr 21 21:35:08 PDT 2019,Sun Apr 21 21:42:23 PDT 2019,Mon Apr 22 14:22:58 PDT 2019,,,,,[],7.208516666666666
3,food,purple,round,24,NA,potato,color,0.51,both,shape,Yes,5plus,both8,english,中文,1,Male,21,ChineseEnglish,,native,2,chinese,Windows,1080,1920,Chrome,3909MD9T2ZCBAEUYX2F49AIKZ48EFM,3KTAGXQO2Z1405RLY016A5OR2FWGKI,汉语语句 ,回答关于物体描述的问题,语言 研究 乐趣 认知科学 大学 汉语,$0.40,Wed Apr 17 09:53:59 PDT 2019,9,4,0,5,Assignable,NotReviewed,1 cond,1800,60000,Fri May 17 09:53:59 PDT 2019,https://requester.mturk.com/mturk/manageHIT?HITId=3909MD9T2ZCBAEUYX2F49AIKZ48EFM,3OCHAWUVGPGYJKBMKK1V2VRL4L5XKH,3,Approved,Mon Apr 22 14:22:23 PDT 2019,Sun Apr 21 21:35:08 PDT 2019,Sun Apr 21 21:42:23 PDT 2019,Mon Apr 22 14:22:58 PDT 2019,,,,,[],7.208516666666666
3,furniture,brown,soft,25,NA,table,color,1,both,texture,Yes,5plus,both8,english,中文,1,Male,21,ChineseEnglish,,native,2,chinese,Windows,1080,1920,Chrome,3909MD9T2ZCBAEUYX2F49AIKZ48EFM,3KTAGXQO2Z1405RLY016A5OR2FWGKI,汉语语句 ,回答关于物体描述的问题,语言 研究 乐趣 认知科学 大学 汉语,$0.40,Wed Apr 17 09:53:59 PDT 2019,9,4,0,5,Assignable,NotReviewed,1 cond,1800,60000,Fri May 17 09:53:59 PDT 2019,https://requester.mturk.com/mturk/manageHIT?HITId=3909MD9T2ZCBAEUYX2F49AIKZ48EFM,3OCHAWUVGPGYJKBMKK1V2VRL4L5XKH,3,Approved,Mon Apr 22 14:22:23 PDT 2019,Sun Apr 21 21:35:08 PDT 2019,Sun Apr 21 21:42:23 PDT 2019,Mon Apr 22 14:22:58 PDT 2019,,,,,[],7.208516666666666
3,food,green,short,26,NA,watermelon,color,1,both,size,Yes,5plus,both8,english,中文,1,Male,21,ChineseEnglish,,native,2,chinese,Windows,1080,1920,Chrome,3909MD9T2ZCBAEUYX2F49AIKZ48EFM,3KTAGXQO2Z1405RLY016A5OR2FWGKI,汉语语句 ,回答关于物体描述的问题,语言 研究 乐趣 认知科学 大学 汉语,$0.40,Wed Apr 17 09:53:59 PDT 2019,9,4,0,5,Assignable,NotReviewed,1 cond,1800,60000,Fri May 17 09:53:59 PDT 2019,https://requester.mturk.com/mturk/manageHIT?HITId=3909MD9T2ZCBAEUYX2F49AIKZ48EFM,3OCHAWUVGPGYJKBMKK1V2VRL4L5XKH,3,Approved,Mon Apr 22 14:22:23 PDT 2019,Sun Apr 21 21:35:08 PDT 2019,Sun Apr 21 21:42:23 PDT 2019,Mon Apr 22 14:22:58 PDT 2019,,,,,[],7.208516666666666
3,food,long,new,27,NA,cheese,size,1,both,age,Yes,5plus,both8,english,中文,1,Male,21,ChineseEnglish,,native,2,chinese,Windows,1080,1920,Chrome,3909MD9T2ZCBAEUYX2F49AIKZ48EFM,3KTAGXQO2Z1405RLY016A5OR2FWGKI,汉语语句 ,回答关于物体描述的问题,语言 研究 乐趣 认知科学 大学 汉语,$0.40,Wed Apr 17 09:53:59 PDT 2019,9,4,0,5,Assignable,NotReviewed,1 cond,1800,60000,Fri May 17 09:53:59 PDT 2019,https://requester.mturk.com/mturk/manageHIT?HITId=3909MD9T2ZCBAEUYX2F49AIKZ48EFM,3OCHAWUVGPGYJKBMKK1V2VRL4L5XKH,3,Approved,Mon Apr 22 14:22:23 PDT 2019,Sun Apr 21 21:35:08 PDT 2019,Sun Apr 21 21:42:23 PDT 2019,Mon Apr 22 14:22:58 PDT 2019,,,,,[],7.208516666666666
3,furniture,old,short,28,NA,chair,age,0.51,both,size,Yes,5plus,both8,english,中文,1,Male,21,ChineseEnglish,,native,2,chinese,Windows,1080,1920,Chrome,3909MD9T2ZCBAEUYX2F49AIKZ48EFM,3KTAGXQO2Z1405RLY016A5OR2FWGKI,汉语语句 ,回答关于物体描述的问题,语言 研究 乐趣 认知科学 大学 汉语,$0.40,Wed Apr 17 09:53:59 PDT 2019,9,4,0,5,Assignable,NotReviewed,1 cond,1800,60000,Fri May 17 09:53:59 PDT 2019,https://requester.mturk.com/mturk/manageHIT?HITId=3909MD9T2ZCBAEUYX2F49AIKZ48EFM,3OCHAWUVGPGYJKBMKK1V2VRL4L5XKH,3,Approved,Mon Apr 22 14:22:23 PDT 2019,Sun Apr 21 21:35:08 PDT 2019,Sun Apr 21 21:42:23 PDT 2019,Mon Apr 22 14:22:58 PDT 2019,,,,,[],7.208516666666666
4,furniture,small,yellow,3,NA,chair,size,1,both,color,No,never,both8,english,50,1,Other,hmm,ChineseEnglish,hmm 50,intermediate,3,english,Windows,768,1024,Chrome,3909MD9T2ZCBAEUYX2F49AIKZ48EFM,3KTAGXQO2Z1405RLY016A5OR2FWGKI,汉语语句 ,回答关于物体描述的问题,语言 研究 乐趣 认知科学 大学 汉语,$0.40,Wed Apr 17 09:53:59 PDT 2019,9,4,0,5,Assignable,NotReviewed,1 cond,1800,60000,Fri May 17 09:53:59 PDT 2019,https://requester.mturk.com/mturk/manageHIT?HITId=3909MD9T2ZCBAEUYX2F49AIKZ48EFM,3PM8NZGV8ZCKUN9HXPLSYH3U48NQXR,4,Approved,Fri Apr 26 02:22:09 PDT 2019,Thu Apr 25 09:39:29 PDT 2019,Thu Apr 25 09:42:09 PDT 2019,Fri Apr 26 02:22:56 PDT 2019,,,,,[],2.5714166666666665
4,furniture,bad,old,4,NA,bed,quality,0.48,both,age,No,never,both8,english,50,1,Other,hmm,ChineseEnglish,hmm 50,intermediate,3,english,Windows,768,1024,Chrome,3909MD9T2ZCBAEUYX2F49AIKZ48EFM,3KTAGXQO2Z1405RLY016A5OR2FWGKI,汉语语句 ,回答关于物体描述的问题,语言 研究 乐趣 认知科学 大学 汉语,$0.40,Wed Apr 17 09:53:59 PDT 2019,9,4,0,5,Assignable,NotReviewed,1 cond,1800,60000,Fri May 17 09:53:59 PDT 2019,https://requester.mturk.com/mturk/manageHIT?HITId=3909MD9T2ZCBAEUYX2F49AIKZ48EFM,3PM8NZGV8ZCKUN9HXPLSYH3U48NQXR,4,Approved,Fri Apr 26 02:22:09 PDT 2019,Thu Apr 25 09:39:29 PDT 2019,Thu Apr 25 09:42:09 PDT 2019,Fri Apr 26 02:22:56 PDT 2019,,,,,[],2.5714166666666665
4,furniture,brown,big,5,NA,box,color,0.51,both,size,No,never,both8,english,50,1,Other,hmm,ChineseEnglish,hmm 50,intermediate,3,english,Windows,768,1024,Chrome,3909MD9T2ZCBAEUYX2F49AIKZ48EFM,3KTAGXQO2Z1405RLY016A5OR2FWGKI,汉语语句 ,回答关于物体描述的问题,语言 研究 乐趣 认知科学 大学 汉语,$0.40,Wed Apr 17 09:53:59 PDT 2019,9,4,0,5,Assignable,NotReviewed,1 cond,1800,60000,Fri May 17 09:53:59 PDT 2019,https://requester.mturk.com/mturk/manageHIT?HITId=3909MD9T2ZCBAEUYX2F49AIKZ48EFM,3PM8NZGV8ZCKUN9HXPLSYH3U48NQXR,4,Approved,Fri Apr 26 02:22:09 PDT 2019,Thu Apr 25 09:39:29 PDT 2019,Thu Apr 25 09:42:09 PDT 2019,Fri Apr 26 02:22:56 PDT 2019,,,,,[],2.5714166666666665
4,food,heavy,rotten,6,NA,watermelon,size,0.72,both,age,No,never,both8,english,50,1,Other,hmm,ChineseEnglish,hmm 50,intermediate,3,english,Windows,768,1024,Chrome,3909MD9T2ZCBAEUYX2F49AIKZ48EFM,3KTAGXQO2Z1405RLY016A5OR2FWGKI,汉语语句 ,回答关于物体描述的问题,语言 研究 乐趣 认知科学 大学 汉语,$0.40,Wed Apr 17 09:53:59 PDT 2019,9,4,0,5,Assignable,NotReviewed,1 cond,1800,60000,Fri May 17 09:53:59 PDT 2019,https://requester.mturk.com/mturk/manageHIT?HITId=3909MD9T2ZCBAEUYX2F49AIKZ48EFM,3PM8NZGV8ZCKUN9HXPLSYH3U48NQXR,4,Approved,Fri Apr 26 02:22:09 PDT 2019,Thu Apr 25 09:39:29 PDT 2019,Thu Apr 25 09:42:09 PDT 2019,Fri Apr 26 02:22:56 PDT 2019,,,,,[],2.5714166666666665
4,food,light,square,7,NA,apple,size,0.22,both,shape,No,never,both8,english,50,1,Other,hmm,ChineseEnglish,hmm 50,intermediate,3,english,Windows,768,1024,Chrome,3909MD9T2ZCBAEUYX2F49AIKZ48EFM,3KTAGXQO2Z1405RLY016A5OR2FWGKI,汉语语句 ,回答关于物体描述的问题,语言 研究 乐趣 认知科学 大学 汉语,$0.40,Wed Apr 17 09:53:59 PDT 2019,9,4,0,5,Assignable,NotReviewed,1 cond,1800,60000,Fri May 17 09:53:59 PDT 2019,https://requester.mturk.com/mturk/manageHIT?HITId=3909MD9T2ZCBAEUYX2F49AIKZ48EFM,3PM8NZGV8ZCKUN9HXPLSYH3U48NQXR,4,Approved,Fri Apr 26 02:22:09 PDT 2019,Thu Apr 25 09:39:29 PDT 2019,Thu Apr 25 09:42:09 PDT 2019,Fri Apr 26 02:22:56 PDT 2019,,,,,[],2.5714166666666665
4,food,round,old,8,NA,potato,shape,0.19,both,age,No,never,both8,english,50,1,Other,hmm,ChineseEnglish,hmm 50,intermediate,3,english,Windows,768,1024,Chrome,3909MD9T2ZCBAEUYX2F49AIKZ48EFM,3KTAGXQO2Z1405RLY016A5OR2FWGKI,汉语语句 ,回答关于物体描述的问题,语言 研究 乐趣 认知科学 大学 汉语,$0.40,Wed Apr 17 09:53:59 PDT 2019,9,4,0,5,Assignable,NotReviewed,1 cond,1800,60000,Fri May 17 09:53:59 PDT 2019,https://requester.mturk.com/mturk/manageHIT?HITId=3909MD9T2ZCBAEUYX2F49AIKZ48EFM,3PM8NZGV8ZCKUN9HXPLSYH3U48NQXR,4,Approved,Fri Apr 26 02:22:09 PDT 2019,Thu Apr 25 09:39:29 PDT 2019,Thu Apr 25 09:42:09 PDT 2019,Fri Apr 26 02:22:56 PDT 2019,,,,,[],2.5714166666666665
4,furniture,round,red,9,NA,table,shape,0.91,both,color,No,never,both8,english,50,1,Other,hmm,ChineseEnglish,hmm 50,intermediate,3,english,Windows,768,1024,Chrome,3909MD9T2ZCBAEUYX2F49AIKZ48EFM,3KTAGXQO2Z1405RLY016A5OR2FWGKI,汉语语句 ,回答关于物体描述的问题,语言 研究 乐趣 认知科学 大学 汉语,$0.40,Wed Apr 17 09:53:59 PDT 2019,9,4,0,5,Assignable,NotReviewed,1 cond,1800,60000,Fri May 17 09:53:59 PDT 2019,https://requester.mturk.com/mturk/manageHIT?HITId=3909MD9T2ZCBAEUYX2F49AIKZ48EFM,3PM8NZGV8ZCKUN9HXPLSYH3U48NQXR,4,Approved,Fri Apr 26 02:22:09 PDT 2019,Thu Apr 25 09:39:29 PDT 2019,Thu Apr 25 09:42:09 PDT 2019,Fri Apr 26 02:22:56 PDT 2019,,,,,[],2.5714166666666665
4,furniture,good,hard,10,NA,table,quality,0.14,both,texture,No,never,both8,english,50,1,Other,hmm,ChineseEnglish,hmm 50,intermediate,3,english,Windows,768,1024,Chrome,3909MD9T2ZCBAEUYX2F49AIKZ48EFM,3KTAGXQO2Z1405RLY016A5OR2FWGKI,汉语语句 ,回答关于物体描述的问题,语言 研究 乐趣 认知科学 大学 汉语,$0.40,Wed Apr 17 09:53:59 PDT 2019,9,4,0,5,Assignable,NotReviewed,1 cond,1800,60000,Fri May 17 09:53:59 PDT 2019,https://requester.mturk.com/mturk/manageHIT?HITId=3909MD9T2ZCBAEUYX2F49AIKZ48EFM,3PM8NZGV8ZCKUN9HXPLSYH3U48NQXR,4,Approved,Fri Apr 26 02:22:09 PDT 2019,Thu Apr 25 09:39:29 PDT 2019,Thu Apr 25 09:42:09 PDT 2019,Fri Apr 26 02:22:56 PDT 2019,,,,,[],2.5714166666666665
4,furniture,new,dry,11,NA,chair,age,0.65,both,texture,No,never,both8,english,50,1,Other,hmm,ChineseEnglish,hmm 50,intermediate,3,english,Windows,768,1024,Chrome,3909MD9T2ZCBAEUYX2F49AIKZ48EFM,3KTAGXQO2Z1405RLY016A5OR2FWGKI,汉语语句 ,回答关于物体描述的问题,语言 研究 乐趣 认知科学 大学 汉语,$0.40,Wed Apr 17 09:53:59 PDT 2019,9,4,0,5,Assignable,NotReviewed,1 cond,1800,60000,Fri May 17 09:53:59 PDT 2019,https://requester.mturk.com/mturk/manageHIT?HITId=3909MD9T2ZCBAEUYX2F49AIKZ48EFM,3PM8NZGV8ZCKUN9HXPLSYH3U48NQXR,4,Approved,Fri Apr 26 02:22:09 PDT 2019,Thu Apr 25 09:39:29 PDT 2019,Thu Apr 25 09:42:09 PDT 2019,Fri Apr 26 02:22:56 PDT 2019,,,,,[],2.5714166666666665
4,furniture,bad,rotten,12,NA,table,quality,0.51,both,age,No,never,both8,english,50,1,Other,hmm,ChineseEnglish,hmm 50,intermediate,3,english,Windows,768,1024,Chrome,3909MD9T2ZCBAEUYX2F49AIKZ48EFM,3KTAGXQO2Z1405RLY016A5OR2FWGKI,汉语语句 ,回答关于物体描述的问题,语言 研究 乐趣 认知科学 大学 汉语,$0.40,Wed Apr 17 09:53:59 PDT 2019,9,4,0,5,Assignable,NotReviewed,1 cond,1800,60000,Fri May 17 09:53:59 PDT 2019,https://requester.mturk.com/mturk/manageHIT?HITId=3909MD9T2ZCBAEUYX2F49AIKZ48EFM,3PM8NZGV8ZCKUN9HXPLSYH3U48NQXR,4,Approved,Fri Apr 26 02:22:09 PDT 2019,Thu Apr 25 09:39:29 PDT 2019,Thu Apr 25 09:42:09 PDT 2019,Fri Apr 26 02:22:56 PDT 2019,,,,,[],2.5714166666666665
4,food,round,bad,13,NA,apple,shape,0.55,both,quality,No,never,both8,english,50,1,Other,hmm,ChineseEnglish,hmm 50,intermediate,3,english,Windows,768,1024,Chrome,3909MD9T2ZCBAEUYX2F49AIKZ48EFM,3KTAGXQO2Z1405RLY016A5OR2FWGKI,汉语语句 ,回答关于物体描述的问题,语言 研究 乐趣 认知科学 大学 汉语,$0.40,Wed Apr 17 09:53:59 PDT 2019,9,4,0,5,Assignable,NotReviewed,1 cond,1800,60000,Fri May 17 09:53:59 PDT 2019,https://requester.mturk.com/mturk/manageHIT?HITId=3909MD9T2ZCBAEUYX2F49AIKZ48EFM,3PM8NZGV8ZCKUN9HXPLSYH3U48NQXR,4,Approved,Fri Apr 26 02:22:09 PDT 2019,Thu Apr 25 09:39:29 PDT 2019,Thu Apr 25 09:42:09 PDT 2019,Fri Apr 26 02:22:56 PDT 2019,,,,,[],2.5714166666666665
4,furniture,fresh,yellow,14,NA,table,age,1,both,color,No,never,both8,english,50,1,Other,hmm,ChineseEnglish,hmm 50,intermediate,3,english,Windows,768,1024,Chrome,3909MD9T2ZCBAEUYX2F49AIKZ48EFM,3KTAGXQO2Z1405RLY016A5OR2FWGKI,汉语语句 ,回答关于物体描述的问题,语言 研究 乐趣 认知科学 大学 汉语,$0.40,Wed Apr 17 09:53:59 PDT 2019,9,4,0,5,Assignable,NotReviewed,1 cond,1800,60000,Fri May 17 09:53:59 PDT 2019,https://requester.mturk.com/mturk/manageHIT?HITId=3909MD9T2ZCBAEUYX2F49AIKZ48EFM,3PM8NZGV8ZCKUN9HXPLSYH3U48NQXR,4,Approved,Fri Apr 26 02:22:09 PDT 2019,Thu Apr 25 09:39:29 PDT 2019,Thu Apr 25 09:42:09 PDT 2019,Fri Apr 26 02:22:56 PDT 2019,,,,,[],2.5714166666666665
4,food,light,bad,15,NA,cheese,size,1,both,quality,No,never,both8,english,50,1,Other,hmm,ChineseEnglish,hmm 50,intermediate,3,english,Windows,768,1024,Chrome,3909MD9T2ZCBAEUYX2F49AIKZ48EFM,3KTAGXQO2Z1405RLY016A5OR2FWGKI,汉语语句 ,回答关于物体描述的问题,语言 研究 乐趣 认知科学 大学 汉语,$0.40,Wed Apr 17 09:53:59 PDT 2019,9,4,0,5,Assignable,NotReviewed,1 cond,1800,60000,Fri May 17 09:53:59 PDT 2019,https://requester.mturk.com/mturk/manageHIT?HITId=3909MD9T2ZCBAEUYX2F49AIKZ48EFM,3PM8NZGV8ZCKUN9HXPLSYH3U48NQXR,4,Approved,Fri Apr 26 02:22:09 PDT 2019,Thu Apr 25 09:39:29 PDT 2019,Thu Apr 25 09:42:09 PDT 2019,Fri Apr 26 02:22:56 PDT 2019,,,,,[],2.5714166666666665
4,food,bad,old,16,NA,cheese,quality,0,both,age,No,never,both8,english,50,1,Other,hmm,ChineseEnglish,hmm 50,intermediate,3,english,Windows,768,1024,Chrome,3909MD9T2ZCBAEUYX2F49AIKZ48EFM,3KTAGXQO2Z1405RLY016A5OR2FWGKI,汉语语句 ,回答关于物体描述的问题,语言 研究 乐趣 认知科学 大学 汉语,$0.40,Wed Apr 17 09:53:59 PDT 2019,9,4,0,5,Assignable,NotReviewed,1 cond,1800,60000,Fri May 17 09:53:59 PDT 2019,https://requester.mturk.com/mturk/manageHIT?HITId=3909MD9T2ZCBAEUYX2F49AIKZ48EFM,3PM8NZGV8ZCKUN9HXPLSYH3U48NQXR,4,Approved,Fri Apr 26 02:22:09 PDT 2019,Thu Apr 25 09:39:29 PDT 2019,Thu Apr 25 09:42:09 PDT 2019,Fri Apr 26 02:22:56 PDT 2019,,,,,[],2.5714166666666665
4,furniture,small,good,17,NA,chair,size,0.48,both,quality,No,never,both8,english,50,1,Other,hmm,ChineseEnglish,hmm 50,intermediate,3,english,Windows,768,1024,Chrome,3909MD9T2ZCBAEUYX2F49AIKZ48EFM,3KTAGXQO2Z1405RLY016A5OR2FWGKI,汉语语句 ,回答关于物体描述的问题,语言 研究 乐趣 认知科学 大学 汉语,$0.40,Wed Apr 17 09:53:59 PDT 2019,9,4,0,5,Assignable,NotReviewed,1 cond,1800,60000,Fri May 17 09:53:59 PDT 2019,https://requester.mturk.com/mturk/manageHIT?HITId=3909MD9T2ZCBAEUYX2F49AIKZ48EFM,3PM8NZGV8ZCKUN9HXPLSYH3U48NQXR,4,Approved,Fri Apr 26 02:22:09 PDT 2019,Thu Apr 25 09:39:29 PDT 2019,Thu Apr 25 09:42:09 PDT 2019,Fri Apr 26 02:22:56 PDT 2019,,,,,[],2.5714166666666665
4,furniture,green,dry,18,NA,bed,color,0.81,both,texture,No,never,both8,english,50,1,Other,hmm,ChineseEnglish,hmm 50,intermediate,3,english,Windows,768,1024,Chrome,3909MD9T2ZCBAEUYX2F49AIKZ48EFM,3KTAGXQO2Z1405RLY016A5OR2FWGKI,汉语语句 ,回答关于物体描述的问题,语言 研究 乐趣 认知科学 大学 汉语,$0.40,Wed Apr 17 09:53:59 PDT 2019,9,4,0,5,Assignable,NotReviewed,1 cond,1800,60000,Fri May 17 09:53:59 PDT 2019,https://requester.mturk.com/mturk/manageHIT?HITId=3909MD9T2ZCBAEUYX2F49AIKZ48EFM,3PM8NZGV8ZCKUN9HXPLSYH3U48NQXR,4,Approved,Fri Apr 26 02:22:09 PDT 2019,Thu Apr 25 09:39:29 PDT 2019,Thu Apr 25 09:42:09 PDT 2019,Fri Apr 26 02:22:56 PDT 2019,,,,,[],2.5714166666666665
4,food,light,blue,19,NA,apple,size,0.13,both,color,No,never,both8,english,50,1,Other,hmm,ChineseEnglish,hmm 50,intermediate,3,english,Windows,768,1024,Chrome,3909MD9T2ZCBAEUYX2F49AIKZ48EFM,3KTAGXQO2Z1405RLY016A5OR2FWGKI,汉语语句 ,回答关于物体描述的问题,语言 研究 乐趣 认知科学 大学 汉语,$0.40,Wed Apr 17 09:53:59 PDT 2019,9,4,0,5,Assignable,NotReviewed,1 cond,1800,60000,Fri May 17 09:53:59 PDT 2019,https://requester.mturk.com/mturk/manageHIT?HITId=3909MD9T2ZCBAEUYX2F49AIKZ48EFM,3PM8NZGV8ZCKUN9HXPLSYH3U48NQXR,4,Approved,Fri Apr 26 02:22:09 PDT 2019,Thu Apr 25 09:39:29 PDT 2019,Thu Apr 25 09:42:09 PDT 2019,Fri Apr 26 02:22:56 PDT 2019,,,,,[],2.5714166666666665
4,food,brown,dry,20,NA,cheese,color,0.9,both,texture,No,never,both8,english,50,1,Other,hmm,ChineseEnglish,hmm 50,intermediate,3,english,Windows,768,1024,Chrome,3909MD9T2ZCBAEUYX2F49AIKZ48EFM,3KTAGXQO2Z1405RLY016A5OR2FWGKI,汉语语句 ,回答关于物体描述的问题,语言 研究 乐趣 认知科学 大学 汉语,$0.40,Wed Apr 17 09:53:59 PDT 2019,9,4,0,5,Assignable,NotReviewed,1 cond,1800,60000,Fri May 17 09:53:59 PDT 2019,https://requester.mturk.com/mturk/manageHIT?HITId=3909MD9T2ZCBAEUYX2F49AIKZ48EFM,3PM8NZGV8ZCKUN9HXPLSYH3U48NQXR,4,Approved,Fri Apr 26 02:22:09 PDT 2019,Thu Apr 25 09:39:29 PDT 2019,Thu Apr 25 09:42:09 PDT 2019,Fri Apr 26 02:22:56 PDT 2019,,,,,[],2.5714166666666665
4,furniture,short,metal,21,NA,box,size,0.63,both,material,No,never,both8,english,50,1,Other,hmm,ChineseEnglish,hmm 50,intermediate,3,english,Windows,768,1024,Chrome,3909MD9T2ZCBAEUYX2F49AIKZ48EFM,3KTAGXQO2Z1405RLY016A5OR2FWGKI,汉语语句 ,回答关于物体描述的问题,语言 研究 乐趣 认知科学 大学 汉语,$0.40,Wed Apr 17 09:53:59 PDT 2019,9,4,0,5,Assignable,NotReviewed,1 cond,1800,60000,Fri May 17 09:53:59 PDT 2019,https://requester.mturk.com/mturk/manageHIT?HITId=3909MD9T2ZCBAEUYX2F49AIKZ48EFM,3PM8NZGV8ZCKUN9HXPLSYH3U48NQXR,4,Approved,Fri Apr 26 02:22:09 PDT 2019,Thu Apr 25 09:39:29 PDT 2019,Thu Apr 25 09:42:09 PDT 2019,Fri Apr 26 02:22:56 PDT 2019,,,,,[],2.5714166666666665
4,food,soft,round,22,NA,apple,texture,0,both,shape,No,never,both8,english,50,1,Other,hmm,ChineseEnglish,hmm 50,intermediate,3,english,Windows,768,1024,Chrome,3909MD9T2ZCBAEUYX2F49AIKZ48EFM,3KTAGXQO2Z1405RLY016A5OR2FWGKI,汉语语句 ,回答关于物体描述的问题,语言 研究 乐趣 认知科学 大学 汉语,$0.40,Wed Apr 17 09:53:59 PDT 2019,9,4,0,5,Assignable,NotReviewed,1 cond,1800,60000,Fri May 17 09:53:59 PDT 2019,https://requester.mturk.com/mturk/manageHIT?HITId=3909MD9T2ZCBAEUYX2F49AIKZ48EFM,3PM8NZGV8ZCKUN9HXPLSYH3U48NQXR,4,Approved,Fri Apr 26 02:22:09 PDT 2019,Thu Apr 25 09:39:29 PDT 2019,Thu Apr 25 09:42:09 PDT 2019,Fri Apr 26 02:22:56 PDT 2019,,,,,[],2.5714166666666665
4,furniture,rotten,red,23,NA,couch,age,0,both,color,No,never,both8,english,50,1,Other,hmm,ChineseEnglish,hmm 50,intermediate,3,english,Windows,768,1024,Chrome,3909MD9T2ZCBAEUYX2F49AIKZ48EFM,3KTAGXQO2Z1405RLY016A5OR2FWGKI,汉语语句 ,回答关于物体描述的问题,语言 研究 乐趣 认知科学 大学 汉语,$0.40,Wed Apr 17 09:53:59 PDT 2019,9,4,0,5,Assignable,NotReviewed,1 cond,1800,60000,Fri May 17 09:53:59 PDT 2019,https://requester.mturk.com/mturk/manageHIT?HITId=3909MD9T2ZCBAEUYX2F49AIKZ48EFM,3PM8NZGV8ZCKUN9HXPLSYH3U48NQXR,4,Approved,Fri Apr 26 02:22:09 PDT 2019,Thu Apr 25 09:39:29 PDT 2019,Thu Apr 25 09:42:09 PDT 2019,Fri Apr 26 02:22:56 PDT 2019,,,,,[],2.5714166666666665
4,furniture,bad,long,24,NA,couch,quality,0.59,both,size,No,never,both8,english,50,1,Other,hmm,ChineseEnglish,hmm 50,intermediate,3,english,Windows,768,1024,Chrome,3909MD9T2ZCBAEUYX2F49AIKZ48EFM,3KTAGXQO2Z1405RLY016A5OR2FWGKI,汉语语句 ,回答关于物体描述的问题,语言 研究 乐趣 认知科学 大学 汉语,$0.40,Wed Apr 17 09:53:59 PDT 2019,9,4,0,5,Assignable,NotReviewed,1 cond,1800,60000,Fri May 17 09:53:59 PDT 2019,https://requester.mturk.com/mturk/manageHIT?HITId=3909MD9T2ZCBAEUYX2F49AIKZ48EFM,3PM8NZGV8ZCKUN9HXPLSYH3U48NQXR,4,Approved,Fri Apr 26 02:22:09 PDT 2019,Thu Apr 25 09:39:29 PDT 2019,Thu Apr 25 09:42:09 PDT 2019,Fri Apr 26 02:22:56 PDT 2019,,,,,[],2.5714166666666665
4,food,square,hard,25,NA,apple,shape,0,both,texture,No,never,both8,english,50,1,Other,hmm,ChineseEnglish,hmm 50,intermediate,3,english,Windows,768,1024,Chrome,3909MD9T2ZCBAEUYX2F49AIKZ48EFM,3KTAGXQO2Z1405RLY016A5OR2FWGKI,汉语语句 ,回答关于物体描述的问题,语言 研究 乐趣 认知科学 大学 汉语,$0.40,Wed Apr 17 09:53:59 PDT 2019,9,4,0,5,Assignable,NotReviewed,1 cond,1800,60000,Fri May 17 09:53:59 PDT 2019,https://requester.mturk.com/mturk/manageHIT?HITId=3909MD9T2ZCBAEUYX2F49AIKZ48EFM,3PM8NZGV8ZCKUN9HXPLSYH3U48NQXR,4,Approved,Fri Apr 26 02:22:09 PDT 2019,Thu Apr 25 09:39:29 PDT 2019,Thu Apr 25 09:42:09 PDT 2019,Fri Apr 26 02:22:56 PDT 2019,,,,,[],2.5714166666666665
4,food,good,green,26,NA,cheese,quality,0.05,both,color,No,never,both8,english,50,1,Other,hmm,ChineseEnglish,hmm 50,intermediate,3,english,Windows,768,1024,Chrome,3909MD9T2ZCBAEUYX2F49AIKZ48EFM,3KTAGXQO2Z1405RLY016A5OR2FWGKI,汉语语句 ,回答关于物体描述的问题,语言 研究 乐趣 认知科学 大学 汉语,$0.40,Wed Apr 17 09:53:59 PDT 2019,9,4,0,5,Assignable,NotReviewed,1 cond,1800,60000,Fri May 17 09:53:59 PDT 2019,https://requester.mturk.com/mturk/manageHIT?HITId=3909MD9T2ZCBAEUYX2F49AIKZ48EFM,3PM8NZGV8ZCKUN9HXPLSYH3U48NQXR,4,Approved,Fri Apr 26 02:22:09 PDT 2019,Thu Apr 25 09:39:29 PDT 2019,Thu Apr 25 09:42:09 PDT 2019,Fri Apr 26 02:22:56 PDT 2019,,,,,[],2.5714166666666665
4,food,long,good,27,NA,potato,size,0.95,both,quality,No,never,both8,english,50,1,Other,hmm,ChineseEnglish,hmm 50,intermediate,3,english,Windows,768,1024,Chrome,3909MD9T2ZCBAEUYX2F49AIKZ48EFM,3KTAGXQO2Z1405RLY016A5OR2FWGKI,汉语语句 ,回答关于物体描述的问题,语言 研究 乐趣 认知科学 大学 汉语,$0.40,Wed Apr 17 09:53:59 PDT 2019,9,4,0,5,Assignable,NotReviewed,1 cond,1800,60000,Fri May 17 09:53:59 PDT 2019,https://requester.mturk.com/mturk/manageHIT?HITId=3909MD9T2ZCBAEUYX2F49AIKZ48EFM,3PM8NZGV8ZCKUN9HXPLSYH3U48NQXR,4,Approved,Fri Apr 26 02:22:09 PDT 2019,Thu Apr 25 09:39:29 PDT 2019,Thu Apr 25 09:42:09 PDT 2019,Fri Apr 26 02:22:56 PDT 2019,,,,,[],2.5714166666666665
4,furniture,brown,bad,28,NA,chair,color,0.92,both,quality,No,never,both8,english,50,1,Other,hmm,ChineseEnglish,hmm 50,intermediate,3,english,Windows,768,1024,Chrome,3909MD9T2ZCBAEUYX2F49AIKZ48EFM,3KTAGXQO2Z1405RLY016A5OR2FWGKI,汉语语句 ,回答关于物体描述的问题,语言 研究 乐趣 认知科学 大学 汉语,$0.40,Wed Apr 17 09:53:59 PDT 2019,9,4,0,5,Assignable,NotReviewed,1 cond,1800,60000,Fri May 17 09:53:59 PDT 2019,https://requester.mturk.com/mturk/manageHIT?HITId=3909MD9T2ZCBAEUYX2F49AIKZ48EFM,3PM8NZGV8ZCKUN9HXPLSYH3U48NQXR,4,Approved,Fri Apr 26 02:22:09 PDT 2019,Thu Apr 25 09:39:29 PDT 2019,Thu Apr 25 09:42:09 PDT 2019,Fri Apr 26 02:22:56 PDT 2019,,,,,[],2.5714166666666665
